Sample,Method,Dataset,Label,amp_mean_Mean,amp_mean_Median,amp_mean_STD,amp_mean_Variance,amp_mean_RMS,amp_mean_IQR,amp_mean_Skewness,amp_mean_Kurtosis,amp_mean_CoeffVar,amp_mean_Energy,amp_mean_Power,amp_mean_ZeroCrossingRate,amp_mean_PeakCount,amp_mean_PeakHeight,amp_mean_PeakProminence,amp_mean_PeakWidth,amp_mean_ActivityRatio,amp_mean_MotionDuration,amp_mean_FFTEnergy,amp_mean_DominantFrequency,amp_mean_SpectralCentroid,amp_mean_Bandwidth,amp_mean_SpectralEntropy,amp_mean_SpectralFlatness,amp_mean_LowBandPower,amp_mean_HighBandPower,amp_std_Mean,amp_std_Median,amp_std_STD,amp_std_Variance,amp_std_RMS,amp_std_IQR,amp_std_Skewness,amp_std_Kurtosis,amp_std_CoeffVar,amp_std_Energy,amp_std_Power,amp_std_ZeroCrossingRate,amp_std_PeakCount,amp_std_PeakHeight,amp_std_PeakProminence,amp_std_PeakWidth,amp_std_ActivityRatio,amp_std_MotionDuration,amp_std_FFTEnergy,amp_std_DominantFrequency,amp_std_SpectralCentroid,amp_std_Bandwidth,amp_std_SpectralEntropy,amp_std_SpectralFlatness,amp_std_LowBandPower,amp_std_HighBandPower,amp_max_Mean,amp_max_Median,amp_max_STD,amp_max_Variance,amp_max_RMS,amp_max_IQR,amp_max_Skewness,amp_max_Kurtosis,amp_max_CoeffVar,amp_max_Energy,amp_max_Power,amp_max_ZeroCrossingRate,amp_max_PeakCount,amp_max_PeakHeight,amp_max_PeakProminence,amp_max_PeakWidth,amp_max_ActivityRatio,amp_max_MotionDuration,amp_max_FFTEnergy,amp_max_DominantFrequency,amp_max_SpectralCentroid,amp_max_Bandwidth,amp_max_SpectralEntropy,amp_max_SpectralFlatness,amp_max_LowBandPower,amp_max_HighBandPower,phase_std_Mean,phase_std_Median,phase_std_STD,phase_std_Variance,phase_std_RMS,phase_std_IQR,phase_std_Skewness,phase_std_Kurtosis,phase_std_CoeffVar,phase_std_Energy,phase_std_Power,phase_std_ZeroCrossingRate,phase_std_PeakCount,phase_std_PeakHeight,phase_std_PeakProminence,phase_std_PeakWidth,phase_std_ActivityRatio,phase_std_MotionDuration,phase_std_FFTEnergy,phase_std_DominantFrequency,phase_std_SpectralCentroid,phase_std_Bandwidth,phase_std_SpectralEntropy,phase_std_SpectralFlatness,phase_std_LowBandPower,phase_std_HighBandPower,i_mean_Mean,i_mean_Median,i_mean_STD,i_mean_Variance,i_mean_RMS,i_mean_IQR,i_mean_Skewness,i_mean_Kurtosis,i_mean_CoeffVar,i_mean_Energy,i_mean_Power,i_mean_ZeroCrossingRate,i_mean_PeakCount,i_mean_PeakHeight,i_mean_PeakProminence,i_mean_PeakWidth,i_mean_ActivityRatio,i_mean_MotionDuration,i_mean_FFTEnergy,i_mean_DominantFrequency,i_mean_SpectralCentroid,i_mean_Bandwidth,i_mean_SpectralEntropy,i_mean_SpectralFlatness,i_mean_LowBandPower,i_mean_HighBandPower,q_mean_Mean,q_mean_Median,q_mean_STD,q_mean_Variance,q_mean_RMS,q_mean_IQR,q_mean_Skewness,q_mean_Kurtosis,q_mean_CoeffVar,q_mean_Energy,q_mean_Power,q_mean_ZeroCrossingRate,q_mean_PeakCount,q_mean_PeakHeight,q_mean_PeakProminence,q_mean_PeakWidth,q_mean_ActivityRatio,q_mean_MotionDuration,q_mean_FFTEnergy,q_mean_DominantFrequency,q_mean_SpectralCentroid,q_mean_Bandwidth,q_mean_SpectralEntropy,q_mean_SpectralFlatness,q_mean_LowBandPower,q_mean_HighBandPower
butterworth_motion_000,butterworth,motion,1,0.32054734294659126,0.3048530649776511,0.18263705502123462,0.033356293866829485,0.368926676911482,0.18654366755523286,0.6751917878168715,0.727740493682457,0.5697662421463133,34.84336459185896,0.13610689293694905,0.046875,9,0.4617421520030454,0.21762170537686976,14.483790919334004,46.875,120,1093.0134213090896,0.15625,0.5459053897427494,0.8737573045545151,4.6605908992743394,0.19258054640770716,1090.6778092515665,2.335612057523512,0.11785836735578863,0.1101988835391348,0.07959437206479066,0.0063352640643883264,0.14221764595211223,0.12940965587849196,0.334935335666046,-0.9735995138906044,0.6753391706491005,5.177819857961048,0.020225858820160345,0.03125,8,0.21873642132359067,0.1021400636543576,19.88545312052029,47.65625,122,207.59392780809304,0.0390625,0.3001519863442145,0.39420608411017466,4.013448137887132,0.041035006315894275,207.48036481467358,0.11356299341944019,0.3307450378343727,0.325107602004114,0.20133595848775684,0.04053616818018375,0.38720595066739927,0.31570298498476473,-0.05130750451610315,-1.056423768842499,0.6087346307761424,38.381682747454576,0.14992844823224444,0.03125,9,0.5580494274262863,0.27579730643670153,16.091019523728935,49.609375,127,1328.2891015847363,0.234375,0.36447706383982,0.5029331422363038,4.298925573338749,0.07172244616270591,1327.492413549915,0.7966880348211045,0.07553086015532533,0.02696513813217185,0.14649157471663826,0.021459781462960407,0.16481714807253436,0.013594396640535127,2.574978840989911,4.896559951533035,1.9394930021112744,6.954161228483512,0.02716469229876372,0.0078125,1,0.5465264094682332,0.5359466077221041,26.503642738414527,12.890625,33,703.194102205355,0.0390625,0.2801649744226322,0.375491704327651,4.0244214434423204,0.039379944178402806,703.0238648697909,0.1702373355640201,0.29190571351342365,0.2340474628529807,0.2767208485126509,0.07657442800156147,0.402223039597861,0.4167543125089359,0.8394678261769194,-0.3546446190526291,0.9479802405408471,41.416543637335664,0.16178337358334244,0.03125,7,0.6324807912030801,0.3327603470965529,12.776219409483272,41.015625,105,2509.185979479314,0.0390625,0.49229747356245623,0.7824758855042293,4.602303624008806,0.1665321683088531,2505.3335328786934,3.852446600620478,0.20044228589144084,0.07955848531619569,0.2222615718474132,0.049400206320082816,0.29929469807109665,0.3934841243594893,0.7152532840037442,-0.9529589511710261,1.1088557030659727,22.93179297112804,0.0895773162934689,0.0234375,6,0.5512227697838705,0.307641971605867,12.596911785756825,41.796875,107,1618.7391553576963,0.0390625,0.5289503061605766,0.8236725738627643,4.693930862135753,0.18219526431321517,1615.1626877860497,3.5764675716463645
butterworth_motion_001,butterworth,motion,1,0.3173448778560525,0.3435943485415056,0.12904100084361095,0.016651579898720802,0.3425775115213981,0.16794821866404624,-0.6800420487991088,-0.21779848601251528,0.40662701637093157,30.04399395844957,0.11735935140019363,0.02734375,9,0.4359084634078047,0.14496771072656608,15.478756595162231,56.25,144,545.6273398292079,0.078125,0.7958363983221987,1.1180660008805519,5.341663200135196,0.3235927318686074,541.0093209303857,4.618018898822284,0.18588292676502322,0.1384311560815685,0.20625702870247017,0.0425419618891716,0.2776588272537046,0.17190052808564021,1.999843603416611,3.2847460188294315,1.1096071720567027,19.736172634087062,0.07709442435190259,0.03125,6,0.35139174468072715,0.2049495806084234,20.17838996145907,30.46875,78,1394.0123087983784,0.078125,0.4493611074922258,0.7745251320448115,4.483926163005513,0.15659780633128745,1392.6476766993965,1.364632098982008,0.3160397220823491,0.30853744452085186,0.19305295096414332,0.03726944187596393,0.3703384233506596,0.3157584728940671,0.08891320080616144,-1.0274405503301876,0.6108502744260405,35.110540239322205,0.13715054780985236,0.03515625,11,0.51856803224584,0.1871942111721534,13.45247699525371,48.828125,125,1221.2264788541902,0.0390625,0.7627096770057566,1.083194662150906,5.314504248740652,0.3113749029676761,1211.3003022527014,9.926176601488955,0.01899879235630216,0.0165756290168771,0.01698285689052186,0.0002884174281639458,0.02548276945627832,0.02209761066748942,1.0613284455928815,0.6455565441776563,0.8938913890489741,0.1662391140254288,0.0006493715391618312,0.02734375,8,0.03498683712305535,0.012381304426981689,11.072133212645216,42.96875,110,9.450829084598702,0.078125,0.5136381655347588,0.8907151535099147,4.526945200192453,0.19923934464506804,9.435442191660714,0.015386892937985284,0.2881003242876501,0.2829728864885219,0.20927356932605753,0.04379542681846821,0.3560859779226323,0.34552510388241453,0.3526854475076889,-0.6810708007836825,0.7263913008177826,32.46008926031805,0.12679722367311738,0.03515625,8,0.5154588061121672,0.23421832819651062,9.956107344504481,49.609375,127,1434.9925881692338,0.0390625,1.0534088656601455,1.263544706553585,5.88061248508545,0.44130918507707523,1389.9315496840713,45.06103848516267,0.3874908357651904,0.41957357339875223,0.1824519550924746,0.03328871591706637,0.4282964670868441,0.303306826367318,-0.24662793692748045,-1.030751336340668,0.47085489062395536,46.96009311208246,0.18343786371907211,0.05078125,12,0.5703137658202972,0.24141760029513074,15.235890171234525,56.25,144,1090.7857050414004,0.2734375,0.7543861684497999,1.0133358680654343,5.304874211579676,0.2834421978856621,1081.2540532049843,9.531651836416325
butterworth_motion_002,butterworth,motion,1,0.3010308412244166,0.3129865051051456,0.16112868248592796,0.025962452319650983,0.3414410925590693,0.2057672174332883,-0.37742588128235,-0.6322913879185004,0.5352563937635623,29.844997040110314,0.11658201968793092,0.02734375,8,0.45786982313820834,0.18655388911525847,26.46046370333621,51.5625,132,850.7288843420223,0.15625,0.6382941377690284,0.9802994723469021,4.960845411399017,0.24504755632507477,847.3156629583108,3.4132213837115852,0.13997917557270564,0.0652357116197314,0.21513356866939976,0.046282452368431336,0.25666441506848137,0.1304662672362336,2.291609087957195,4.083495644990372,1.5368969547625444,16.864415222386096,0.06587662196244569,0.0234375,5,0.3090296465360424,0.21264731602616865,13.16753111321068,28.125,72,1516.5816181729429,0.0390625,0.391397807307236,0.6996738332812023,4.277266420806762,0.12580214041669652,1515.6360699216289,0.9455482513138987,0.26519080402031747,0.2284172632040062,0.19503841349994006,0.0380399827405736,0.3291901354498886,0.33056294698298405,0.33048962668683535,-1.1705145858345072,0.7354644676301137,27.741733191044098,0.10836614527751601,0.03515625,7,0.5148099264312945,0.26515268236460005,14.52018166459548,44.140625,113,1246.478764670121,0.1171875,0.7354999369280589,1.0610295615352578,5.236710478556035,0.2968634086100909,1237.6550419157447,8.823722754376638,0.01684166850971947,0.0160874159296188,0.017515073506024614,0.0003067777999214453,0.02429855135831603,0.021705690360965795,1.2242009764924402,0.8467343286977616,1.0399844584802589,0.1511474171168568,0.0005904195981127219,0.03125,7,0.033333378092370525,0.011992875409712356,12.861292525036145,46.484375,119,10.052494882340508,0.078125,0.2680899524780666,0.3794836961986527,3.8270856865622243,0.037321297464078494,10.050490757542654,0.0020041247978526103,0.35109877020052876,0.332012158327887,0.28061230191621683,0.07874326398671802,0.4494592422267471,0.3855775594689624,0.6420536886907061,-0.3413510530881987,0.7992403441206785,51.71548426829868,0.20201361042304172,0.03125,7,0.6646126902818261,0.2990809085864596,14.42645206191412,44.921875,115,2580.2582408505177,0.0390625,0.3306927187213679,0.5444081455259004,4.132479991678052,0.08109207153056237,2578.4939146310453,1.7643262194713278,0.4580697015816516,0.4848894231942654,0.21892967274024053,0.04793020160614881,0.5076987818709556,0.3763448162046228,0.18272373998750094,-0.5057824050645512,0.47793964976034997,65.98606159699256,0.2577580531132522,0.05078125,11,0.6504645316878561,0.22349603159415946,15.503578896531963,55.859375,143,1570.5624182191132,0.234375,0.6441196202675613,0.986382486942402,5.010309609493208,0.24925306958992907,1563.3807203250708,7.181697894042292
butterworth_motion_003,butterworth,motion,1,0.3017176099612764,0.2921136487226589,0.1590459735127068,0.025295621690604633,0.3410705760562608,0.20847240151036395,-0.26413733466376993,-0.5875409587889093,0.5271352027897618,29.78025928994549,0.11632913785134957,0.0234375,9,0.47396757767187736,0.1510102512505888,15.8266376933994,48.4375,124,828.8869270389932,0.078125,0.4058405973553595,0.5600031969913328,4.5393674730388565,0.0934174704095652,827.8231759653986,1.0637510735947864,0.0619804316830425,0.060243145795248754,0.05110944330403908,0.0026121751948487855,0.08033522954759689,0.07342034381647025,0.6125564934849387,-0.41966349471582687,0.8246061202764701,1.652159771255062,0.006453749106465086,0.03125,10,0.11498270347052034,0.03377911886096573,12.84006248903214,49.21875,126,85.59548064750024,0.078125,0.6155880616034474,0.9618820829439846,4.865358577405685,0.23485680137185466,85.30630857008617,0.28917207741409057,0.2683320222716553,0.2661658935424282,0.2101507797623237,0.04416335023471267,0.3408304921967939,0.38599012918580927,0.15672628079630987,-1.4454131849764205,0.7831744343535227,29.738348649243854,0.1161654244111088,0.03125,8,0.5092461948380136,0.223548844291101,14.650320121061334,50.0,128,1447.1420529800687,0.1171875,0.4642288226222225,0.766084479521702,4.459396794122179,0.15073706606003728,1445.4462812688867,1.6957717111819322,0.018515254340773467,0.01737593812275525,0.013967256740902325,0.00019508426086628142,0.023192647631734762,0.024367435560249524,0.4071852142874457,-0.6072351653589849,0.7543648325364827,0.1377021194674719,0.0005378989041698121,0.01953125,6,0.03296026056820337,0.011376489739137184,15.620927982552265,45.3125,116,6.392175631457226,0.0390625,1.0580575273177004,1.291295344567265,5.759530306995702,0.454388371578046,6.244507056194332,0.14766857526289398,0.22933811926852427,0.1475819299508106,0.2727706432252578,0.07440382380552088,0.3563703084645868,0.2294360817319664,1.6382166090234753,1.7939765437885518,1.1893820534243174,32.51194796931705,0.12699979675514472,0.04296875,7,0.5032444836874925,0.17172710858023416,10.972396168360467,32.03125,82,2438.005207858229,0.0390625,0.8462699489924567,1.1933883096685043,5.35702682228977,0.3530880836907405,2413.408190067284,24.597017790944662,0.4447440693197444,0.48240054736810767,0.22174826270964412,0.04917229201474535,0.49696033967493924,0.34513122970891774,0.25605065215601613,-0.48348527117929496,0.4985974586424935,63.22421227771673,0.24696957920983098,0.0234375,9,0.6635340319981065,0.2504431535893094,17.11692737113445,54.6875,140,1611.2509281245252,0.0390625,0.7599405611909881,1.1052071175194778,5.2550823820539945,0.3155288551079004,1597.8019520504104,13.448976074114931
butterworth_motion_004,butterworth,motion,1,0.4091922693456693,0.3930800471712006,0.20359628191910317,0.04145144601128294,0.4570445922484389,0.1733241185388485,0.6863379116555718,1.337331571460922,0.4975565209092834,53.4757783817067,0.20888975930354178,0.04296875,8,0.5714930584282221,0.2510603927379514,21.099085938046358,46.875,120,1358.2759490261124,0.0390625,0.5829801980898103,0.8817817189407056,4.911638695892342,0.20611651094583025,1353.9460317919488,4.329917234163477,0.08773207101905177,0.0882869966070484,0.05089327783979327,0.0025901257292783924,0.10142505614773076,0.06351464591551644,0.11008878398897784,-0.13042962826435778,0.5800988993883578,2.6334827557300065,0.010287042014570338,0.03515625,10,0.13912439670586998,0.04732420287403624,11.829397875171773,50.390625,129,84.87311907454773,0.0390625,0.5420714326147311,0.8333642145179998,4.813829138677962,0.18743756402262535,84.6825539151324,0.19056515941531538,0.3186183047456141,0.32655891563050743,0.19987604421171734,0.039950433049724385,0.3761223965263082,0.3296097839356439,-0.21240204200696747,-1.0519002246575824,0.6273212845403585,36.21582263518552,0.14146805716869343,0.0390625,8,0.5490726553169417,0.2449858616370825,15.595968048623508,50.78125,130,1309.0953976203386,0.078125,0.3915605138885433,0.5731272023004316,4.428812503310635,0.09296290671248121,1308.212401127019,0.8829964933196408,0.10910601641146606,0.029070290251731253,0.23068215014162913,0.05321425439396512,0.25518302688686845,0.030479901577260854,2.553309772278326,4.841908177422603,2.114293580929165,16.670304566052923,0.06511837721114423,0.0078125,1,0.8599350090786944,0.8285959462249186,26.355354570493404,12.890625,33,1743.724661948675,0.078125,0.26612788013259775,0.35089213401934927,3.943768753434113,0.03135243680325909,1743.3824926336333,0.3421693150419275,0.22743684135291678,0.21822420453225333,0.16565779898963856,0.027442506366091496,0.2813716815365102,0.2680221121887422,0.2850288077222083,-0.9660675049367486,0.7283683593365455,20.26752593169493,0.07917002317068332,0.0546875,10,0.3876632886943313,0.22553971775338716,12.05916343324509,47.65625,122,899.2354755581036,0.1171875,0.523885411458774,0.7441928624528694,4.824543027740205,0.1570300815364773,897.2086019561922,2.0268736019115154,0.3459997942764057,0.32133609306398037,0.19463421999208638,0.03788247959192788,0.3969865705930654,0.3416286851199115,-0.11195954653721767,-1.214716423226169,0.5625269818398742,40.34517433119819,0.15759833723124292,0.0390625,9,0.536800221094675,0.1902761521214974,15.858232423774435,47.65625,122,1241.3305948162138,0.078125,0.49114694645441487,0.759723754119034,4.710977860926019,0.16126846048674026,1239.4882082091945,1.8423866070194255
butterworth_motion_005,butterworth,motion,1,0.4027580266557553,0.3990623931109655,0.22439713614308915,0.050354074709220084,0.4610510847453438,0.22276399724139961,0.4911785403860578,0.35795388659528493,0.55715124539114,54.41743430268369,0.21256810274485816,0.03515625,7,0.603814898139088,0.3471421451786783,15.505553626358198,49.609375,127,1649.998563336209,0.1953125,0.5778319095614748,0.8838631612527624,4.8576559848515135,0.20867185543326303,1644.6147689160762,5.383794420132418,0.10785038539902232,0.10763753109082315,0.06104118156749304,0.003726025847155652,0.12392631471109476,0.07656233929047246,0.4761685440400469,0.25544107742158983,0.5659801895105736,3.931579258335565,0.015357731477873301,0.03125,7,0.17686963076205778,0.09200888378754438,13.257514228612601,50.0,128,122.09430229594369,0.078125,0.4840898870767452,0.7296516521113313,4.6385021765191965,0.1497107275583983,121.87636183634645,0.21794045959725467,0.4118197947998859,0.40634289040486754,0.22539993561712204,0.05080513097620277,0.4694685019947802,0.3034484707277612,-0.035735752981364964,-0.8073792514337157,0.547326618250836,56.42257263749707,0.22040067436522293,0.03125,8,0.6919691189304582,0.3305107647084593,15.947183230670092,48.828125,125,1664.7821463284126,0.078125,0.39169252904078716,0.5423201064060557,4.345235571259907,0.08454139897541137,1663.5200689201197,1.2620774082929738,0.20961142355790718,0.02993816206481455,0.3272495390527355,0.10709226081022785,0.3886247672192294,0.20050553946932315,1.3999542691111677,0.2168190431313195,1.5612199635711574,38.66347768222726,0.15102920969620023,0.015625,2,0.9299675045387238,0.9040169467498786,26.986633929487787,25.390625,65,3509.199161534498,0.078125,0.2826714204032059,0.34557685242390546,3.798075778887572,0.032069969248808096,3508.804005595104,0.3951559393937734,0.24931702825718344,0.2366462991745959,0.18436132553282397,0.03398909835221989,0.3100775369665031,0.32994068984772734,0.25938205868630265,-1.105662260713075,0.7394654381244519,24.61390820639055,0.09614807893121309,0.0390625,8,0.43624051343631504,0.25786163043518395,14.408296363299117,48.046875,123,1113.752962106584,0.15625,0.5418398778008947,0.8266804450713083,4.7576127724306385,0.18431607509868864,1111.4258746363219,2.327087470261939,0.34775911734031884,0.3169571917226328,0.2269217884688684,0.05149349808190985,0.4152467962251214,0.3888946552210538,0.017835604768848524,-1.2500841806966394,0.6525257776236794,44.14205485445824,0.1724299017752275,0.0390625,9,0.5927839360659305,0.30039011545958694,17.85679568074105,46.875,120,1687.3296455229672,0.078125,0.5616404361447529,0.8504006684271729,4.900850547890549,0.20040991276555647,1683.0750404481457,4.25460507482132
butterworth_motion_006,butterworth,motion,1,0.3713232808283371,0.4094629064425883,0.19387446202211187,0.037587307024363296,0.4188893480496769,0.29371461656239556,-0.2630839071099674,-0.8864430127311982,0.522117712600999,44.919881192827745,0.17546828590948338,0.03515625,10,0.5517273712336107,0.22584144344896914,14.539665500895802,57.421875,147,1231.650405661391,0.15625,0.629956203054613,0.9527231636326963,4.950394940738365,0.23820246819416135,1227.0107575084778,4.63964815291319,0.11432527332149886,0.10094527511982235,0.0701053768163166,0.00491476385855774,0.1341082845263228,0.11441808437232157,0.3444941061130813,-0.882395014147352,0.6132097897422658,4.604168186519848,0.017985031978593156,0.0234375,8,0.20553667466249737,0.07980463131608981,12.33452732204561,46.09375,118,161.04698206017747,0.078125,0.35750896636998514,0.4541463688776763,4.3623261082516525,0.060862153611754836,160.90256431096577,0.14441774921166184,0.3823194954639288,0.39214839562963255,0.22585471726031145,0.051010353308735226,0.44404791399186677,0.34033327557579907,0.22472949051472205,-0.8898754347907203,0.5907486276253201,50.47770877965525,0.19717854992052833,0.0390625,11,0.6022181557935418,0.24683758043809298,15.759690434598433,50.78125,130,1671.500525589267,0.0390625,0.5286100705785401,0.8240099037313058,4.808496122527532,0.18457601208344307,1668.1768022750898,3.3237233141770974,0.12368832589736517,0.0229458988915,0.26713045327928425,0.07135867906919587,0.29437642744025666,0.02769869075820338,2.4767526184436197,4.506234124928349,2.1597062725126186,22.184315144317104,0.08665748103248869,0.0078125,1,0.9999999999987532,0.9999999999987532,27.860678990107687,14.453125,37,2338.281055463566,0.0390625,0.252831873782843,0.41025650768886107,3.814091249406996,0.047563435569522285,2338.135308386547,0.14574707701911985,0.20556745594076037,0.20547400182144496,0.14054319355971262,0.01975238925596285,0.24901881093186373,0.17429255523010062,0.7831247728195951,0.7905577924040763,0.6836840632961383,15.874654258667341,0.0620103681979193,0.0546875,9,0.3237828671472116,0.20544801607846078,12.887511529725849,50.0,128,647.2437752055355,0.078125,0.6173951660608158,0.9011811225084115,5.060263443548628,0.22403016948957563,644.5520374195427,2.691737785992698,0.37562758461854767,0.3674612163367009,0.22960910349198627,0.05272034040639366,0.4402458662301758,0.40901687215963295,-0.0294349071603394,-1.3132313117584913,0.6112679496755932,49.61700421958601,0.19381642273275784,0.03515625,9,0.6371456215647737,0.31920147881267985,15.431777736667645,48.828125,125,1727.5278968676485,0.078125,0.6851784639962226,0.965594203724299,5.137354645693767,0.25158590253126034,1720.0663656136264,7.461531254022112
butterworth_motion_007,butterworth,motion,1,0.4189574326766109,0.4666687343610709,0.20376354785138456,0.04151958343298349,0.46588079358131995,0.2475695007339428,-0.7248841538294759,-0.43957040732193153,0.48635859387696145,55.56349793995787,0.21704491382796043,0.0390625,10,0.6017722162202921,0.242809190840316,21.708687302223776,60.546875,155,1360.513658050077,0.1171875,0.39085666360790733,0.495591079986263,4.544828035931208,0.07622841331098203,1359.0769817605776,1.4366762894996106,0.11206435699671324,0.08929122679239246,0.06872967693899357,0.0047237684921384235,0.1314617381644759,0.11325100062158559,0.12756156234990126,-1.1167714150356682,0.6133054146769971,4.424240281913655,0.017282188601225216,0.03125,8,0.19821700139020992,0.08788992661022685,14.726913125329947,45.3125,116,154.78837688845528,0.15625,0.4400676908516367,0.6676048717144812,4.497921832137726,0.12355073894118436,154.61972820211344,0.16864868634186392,0.3064056046195762,0.33050467449416804,0.16841320256303619,0.02836300679753826,0.3496389585555739,0.2874307621886519,-0.30080678264442434,-1.1585493281524522,0.5496413904425254,31.295334742995546,0.12224740133982635,0.03515625,11,0.49052476396365813,0.18652879352980165,13.762094552962486,53.515625,137,929.39348833137,0.15625,0.6416713632228372,0.891596972390802,5.008483190087244,0.22021260910329818,926.0768608871207,3.3166274442494723,0.08937923195452233,0.0232025898105996,0.18200445340945187,0.033125621060873335,0.20276653610902773,0.02671582879426202,2.546847647500778,4.802884964319731,2.0363170439864877,10.525252650407333,0.041114268165653646,0.0078125,1,0.6843874348487063,0.6843874348487063,26.735965313749915,13.28125,34,1085.4602872050582,0.0390625,0.2825591833385397,0.4156870144773294,4.008381895845868,0.04837099953797966,1085.2415731770955,0.21871402796285652,0.21688754016635872,0.21288552641025493,0.1693801078630537,0.028689620939699713,0.2751905267612124,0.1812325779088814,1.1056825583099474,1.2776907959249275,0.7809582225532805,19.386835460893074,0.07572982601911357,0.07421875,12,0.3572241538281334,0.20284648949968273,12.762470061591635,49.21875,126,940.0903994772383,0.1171875,0.7163377783327386,1.005397660126044,5.286567432142457,0.2762354699456452,933.6618362842987,6.428563192939619,0.2689312575760503,0.20350064255846173,0.22367461103778394,0.050030331622903934,0.3497918708665767,0.3595289760595433,0.5335112864893421,-1.0760102940056016,0.8317166738184011,31.322714348631003,0.12235435292433985,0.0234375,7,0.5526219678884534,0.2674107606031213,13.390916290062732,41.015625,105,1639.3919633471512,0.0390625,0.46045706800529196,0.6967123535430162,4.672980674262497,0.13735094016587984,1636.7903710672113,2.6015922799396844
butterworth_motion_008,butterworth,motion,1,0.29690759638697295,0.35726500636693026,0.2388128538175448,0.05703157914848002,0.38103241324166853,0.4908145599461944,0.028042314869048693,-1.4493000776194789,0.8043339298920632,37.16753918483703,0.14518569994076966,0.0234375,8,0.5499018927736401,0.2040845015637169,12.421036829023045,52.34375,134,1868.8090479520547,0.0390625,0.42872084358449314,0.7010235522103083,4.501256498275641,0.1351934218485603,1867.1742323121894,1.6348156398654505,0.06987688892409379,0.06819893392161895,0.06979761465117885,0.0048717070109944565,0.098764804544456,0.12709277195237448,0.6512746673977328,-0.7382752582668908,0.9988655151204583,2.4971485738763772,0.009754486616704599,0.0234375,6,0.1347923932117477,0.08317186060104224,13.669320252608367,48.828125,125,159.63600910136577,0.15625,0.3586432121309677,0.5840443968013008,4.1988807959100605,0.09149133890491605,159.51951560878635,0.11649349257944384,0.21114733111358397,0.1638733970660644,0.18546998741324391,0.03439911623106885,0.2810379185580805,0.3790404254198939,0.2898174586989596,-1.3959092061888407,0.8783913414117195,20.219471786869327,0.07898231166745831,0.02734375,7,0.4502806673633265,0.2113832657301339,15.921034183799435,47.265625,121,1127.1872538161192,0.15625,0.5017789180158417,0.7911474831292927,4.640123299459347,0.15913133317073366,1125.0298430311964,2.157410784922759,0.0893031311604593,0.02705705679238125,0.18199670948588983,0.03312280226369139,0.20272605037033,0.023699735528454623,2.5485915282840765,4.80837053592808,2.0379656023128834,10.521049983680918,0.041097851498753585,0.0078125,1,0.6843874348487063,0.6843874348487063,26.7359653137499,13.28125,34,1085.3679625392488,0.0390625,0.271496290045135,0.37050375006054487,3.977225288151485,0.03717832428852973,1085.1661111430512,0.20185139619751613,0.3145349724635399,0.2811124118159004,0.22617058328639192,0.05115313274410674,0.3874085461715404,0.37131646748735125,0.19850680500957735,-1.2270942712589714,0.7190633890858988,38.42185770156712,0.15008538164674656,0.0390625,7,0.5911467794844919,0.3858360317074769,17.320788597275996,46.875,120,1676.1820138062276,0.1171875,0.5427666690547353,0.8071933157088352,4.736765047667191,0.18231669489760138,1672.4137862220546,3.7682275841730646,0.21268964153218167,0.16963442546863244,0.1646714394064219,0.02711668295618288,0.2689861828631181,0.2176441487586654,0.6835200038846432,-0.5456602798186116,0.7742334709832661,18.52251304224533,0.07235356657127082,0.03515625,9,0.4144706304893393,0.16055838762486085,11.308428490694002,39.84375,102,888.5376069334732,0.078125,0.8351926794912969,1.1224661321820841,5.492607061912568,0.34565428156954003,877.6659044175003,10.871702515972945
butterworth_motion_009,butterworth,motion,1,0.32366416418566857,0.34443787264363046,0.2520571409132356,0.06353280228535471,0.4102332183811571,0.47008823311113157,0.14739072340535259,-1.183364768740765,0.7787613483458284,43.08257112662071,0.16829129346336213,0.02734375,9,0.5584749414702483,0.21653057565515077,12.386524227555277,53.90625,138,2081.809498992037,0.1171875,0.7432199968095283,1.0881673918113224,5.186962713366163,0.3028626863650055,2068.710849900301,13.098649091735812,0.15959713831371503,0.10343102006476035,0.21701846349107204,0.04709701349602577,0.26938496627308817,0.1657667427889308,1.9970734367176508,3.085386617831155,1.3597891903495534,18.57747457381193,0.07256826005395285,0.01953125,5,0.43843314280872236,0.18045280735512562,16.42641037697832,27.734375,71,1543.2652610413893,0.0390625,0.5579030910486699,0.9553969849765397,4.72683529595761,0.21514651931104237,1540.1530717044357,3.1121893369537497,0.32194447421469286,0.29220310710433206,0.27085279262178713,0.07336123527102083,0.42072494547910505,0.48606079277625036,0.328344395322786,-1.1806348356865561,0.841302815591499,45.31442681558935,0.1770094797483959,0.02734375,8,0.6728044755587568,0.2707221266444074,14.088879729982581,48.4375,124,2403.8774653821683,0.0390625,0.6594479145153176,1.016554812602974,4.989587504214155,0.26056467481773277,2395.2388688965666,8.638596485601504,0.019643884278811793,0.0190329018469888,0.01267278041089825,0.00016059936334284638,0.023376944900953062,0.02065086128702115,0.3076602593238635,-0.8548620680314651,0.6451259959784118,0.13989927754296203,0.0005464815529021954,0.03515625,8,0.03358686967914877,0.01607617221164539,13.823496351790649,48.828125,125,5.262493851384391,0.078125,0.5770665103467544,0.8848418817553121,4.873560886494464,0.21686435939009452,5.249337935708238,0.013155915676152301,0.3751151966763644,0.3930221006743504,0.2441744521349359,0.059621163075396104,0.44758526992400416,0.38181279268762647,0.1588522959507863,-0.8713986266798082,0.6509319118440028,51.28513890635358,0.20033257385294367,0.03515625,7,0.6280014028709717,0.3744730397133392,18.158589312113143,52.34375,134,1953.6662559815318,0.15625,0.3821873539820188,0.5968686370022216,4.20502563953878,0.09178055025138306,1951.687205520007,1.9790504615249875,0.3448439829401026,0.3024551901031412,0.20113110553410457,0.04045372161337111,0.39921309370230446,0.2102374841656447,1.3701174018343691,1.7385197239155925,0.5832524720851998,40.799000110941414,0.1593710941833649,0.046875,8,0.5216871961678107,0.28396540159331723,13.88724949996743,37.890625,97,1325.5874842536707,0.0390625,0.3582654766857199,0.4468167866808518,4.354105104486422,0.060639631139910645,1324.252152190912,1.335332062758872
butterworth_motion_010,butterworth,motion,1,0.41964189570400534,0.3785872208410752,0.20305985363734189,0.041233304159218706,0.46618947305711445,0.3443345744200083,0.10465299832885132,-1.0687441492862784,0.48388841942532446,55.63715194605312,0.21733262478927,0.02734375,9,0.6550622431231641,0.20396775098982162,11.66619392871535,45.3125,116,1351.1160222589883,0.1171875,0.734640836484172,1.0558509556684414,5.242792007742782,0.2943716162431044,1341.9159819397173,9.200040319271356,0.17749440291796276,0.12574386285792416,0.20903584422219268,0.04369598416968481,0.274226634805755,0.14181950053689132,2.0403320496073194,3.2774242019033304,1.1777038643727293,19.251263292643564,0.07520024723688892,0.015625,5,0.4391782271045589,0.1884319869288203,9.652163770432361,28.515625,73,1431.8296649053748,0.0390625,0.324069415688128,0.5599319097395857,4.066058337795052,0.08458066159968329,1431.4434846252796,0.3861802800951775,0.37059727557313205,0.3934884230154097,0.24263013457405927,0.058869382203426114,0.44295792448680055,0.4076562573662966,0.18163214660792723,-0.978765179699395,0.6547002651278936,50.23020105360745,0.1962117228656541,0.03125,9,0.6459706427495688,0.2772572137333642,16.121545078627815,51.953125,133,1929.0319027222395,0.0390625,0.3441830683126263,0.4480181691925658,4.250523584709484,0.056058127121531263,1928.4551986361719,0.5767040860674485,0.013857148951202984,0.009826592156642649,0.011700385297841823,0.0001368990161179531,0.018136140525861037,0.016030258040244275,0.857261186925677,-0.3234992167380861,0.8443573305157925,0.08420341585248745,0.0003289195931737791,0.02734375,5,0.029025438858059284,0.01999090603935063,19.570161107594412,38.28125,98,4.485883430814276,0.078125,0.6043829983069327,0.9380792190729237,4.895950251548704,0.23443410136583487,4.470655480854915,0.015227949959362344,0.3244938982185579,0.2576646201088501,0.2414701513689659,0.05830783400215131,0.4044800662371721,0.3814584609562125,0.5812149288228378,-0.582619958903003,0.744143888972554,41.88265573970614,0.1636041239832271,0.03125,6,0.6558764360697833,0.4286339111601267,17.263254769468414,41.796875,107,1910.6263033555322,0.1171875,0.45947999885948043,0.7450528228445811,4.431766810303785,0.14731667259371387,1908.7934739905504,1.8328293649819347,0.41678346779920716,0.4081008087882594,0.19588776922971848,0.03837201813379544,0.460521961652784,0.2360195137845802,0.7263381254955145,0.5327256836209795,0.4699988947825083,54.29260215411922,0.2120804771645282,0.046875,9,0.5833472904443275,0.2744076151235626,13.23703159224349,48.4375,124,1257.3741002267545,0.078125,0.38383734745606124,0.46627121793594883,4.466047800719047,0.06790164177920104,1255.9372909713293,1.4368092554253358
butterworth_motion_011,butterworth,motion,1,0.36210119775106264,0.3111578159849824,0.22219856980894412,0.04937220442514022,0.42484053695227153,0.3569556673594617,0.03887758212719411,-1.0734003736719209,0.6136366606582936,46.20530735050096,0.18048948183789437,0.03125,8,0.6532697176076676,0.15167420753481398,10.29813342724528,46.484375,119,1617.828024151246,0.0390625,0.3743291218806148,0.603294410689103,4.375684018040836,0.10140309251738994,1617.0748827343346,0.7531414169113455,0.12358094587105234,0.13502825233207325,0.08461598146693983,0.007159864319613503,0.14977354406569096,0.15492911294647144,0.015857756659673032,-1.1473365659195707,0.6847008725321272,5.7426213125113525,0.02243211450199747,0.03125,12,0.20127525287529532,0.05268422951458101,14.684881265006455,54.296875,139,234.61435981606695,0.0390625,0.37681361106047156,0.5289013952772865,4.444900512704649,0.08800408275899226,234.42723781397854,0.18712200208843052,0.3826219272225704,0.4029384807351269,0.241793640566462,0.05846416461838342,0.4526187179181805,0.38824885937780346,0.22072249864580354,-0.7408880328225314,0.6319387974468573,52.445108175333736,0.2048637038098974,0.0234375,8,0.6745961641574519,0.20855674015232717,11.391999302070836,54.296875,139,1915.7352372880412,0.0390625,0.6810321905489091,1.0274883952441558,5.058528325203052,0.2695567221332251,1908.305695536138,7.42954175190307,0.01400974554451049,0.009910816226465849,0.014891158776901045,0.00022174660971887705,0.020445527137758237,0.015900967644328075,1.2684229890547547,0.7901842820563729,1.0629142926634387,0.10701301246484698,0.00041801957994080853,0.03515625,4,0.030379175804250147,0.028449432449230726,25.929360942344733,33.984375,87,7.266114389800796,0.1953125,0.6904231510367699,1.0513363624236365,5.022540825678929,0.27753923539282116,7.228275527571564,0.03783886222923178,0.2948406028360119,0.24569548234770774,0.16900267106907915,0.028561902828483365,0.33984243982938067,0.24524227418217628,0.6488572192934399,-0.6416567093811243,0.5732001272650497,29.566178280751675,0.11549288390918623,0.03125,6,0.5769971228981253,0.29145316802090854,14.29595301033995,35.15625,90,935.9164146747053,0.15625,0.3781582410026708,0.4252682286579729,4.384595414842803,0.053420398541645264,934.9488362028535,0.9675784718519319,0.30730639764344714,0.28227290012693934,0.1933084545739295,0.03736815860976097,0.3630501076192561,0.3510902673142027,0.047552837668867635,-1.3401292655975008,0.6290414259373376,33.742177444442476,0.13180538064235342,0.03125,8,0.5351565072123418,0.27974970499863405,17.266349171086585,48.4375,124,1224.4794973740184,0.0390625,0.3746629305106893,0.4485383178118466,4.490578481975291,0.0528932760198815,1222.9114350352188,1.568062338799443
butterworth_motion_012,butterworth,motion,1,0.39701385471698797,0.4425911502891413,0.23513196421941318,0.0552870405976794,0.46141851006967743,0.30511434733526016,-0.3241164650490396,-0.818436674078105,0.5922512814733762,54.50420260733978,0.212907041434921,0.03515625,6,0.6649201147683915,0.3416556728909757,24.02651820661052,54.6875,140,1811.630374749267,0.0390625,0.6881805418305671,1.0150362680299077,5.099135457594992,0.2681482661827905,1802.7622744118116,8.868100337455436,0.14836078714910023,0.1526654239411273,0.07416423253054466,0.005500333386844698,0.16586517582164534,0.09479080195092675,-0.2173355206908026,-0.4026565216918163,0.4998910692992677,7.042881676888403,0.027511256550345323,0.04296875,10,0.21798229485834003,0.0913669468249942,16.094542218566453,51.953125,133,180.23249774715407,0.0390625,0.7028721467299581,1.0136055390133898,5.250057907754178,0.27823137172510465,179.0418347661349,1.1906629810191707,0.5008728168030319,0.5124779275786941,0.20750378981295567,0.04305782278673928,0.5421544073406974,0.30146048999206637,-0.2079554228708981,-0.23214319573581976,0.41428439086991264,75.24643875812937,0.29393140139894286,0.04296875,9,0.718241613434008,0.2818101998041694,14.530297455293269,51.953125,133,1410.893671904244,0.0390625,0.7337519267536795,1.0345554020606267,5.24695808877139,0.2856775058790971,1401.1667485785924,9.726923325651452,0.018071030316844906,0.0134836914052766,0.016486175911311345,0.00027179399617870245,0.024461319115923207,0.027377853190599197,0.7090578224649371,-0.6694748430117432,0.912298613933012,0.15317917002010373,0.0005983561328910302,0.03125,5,0.03878786136370518,0.028393575582292097,19.77626550151991,35.546875,91,8.906138091360177,0.15625,0.4449934576093699,0.7112852513067938,4.471418613575981,0.14355415024272408,8.897093216197938,0.00904487516224038,0.32583337983261007,0.3039373382576414,0.15339527893863922,0.023530111600662935,0.36013539539151784,0.24493778363665245,0.09671421372303828,-0.6393020827155573,0.47077828249816517,33.20256077153405,0.1296975030138049,0.04296875,10,0.5081086197030148,0.1715650016956049,9.248358254554024,46.484375,119,771.003693208176,0.1171875,0.917325819707567,1.1817742094470378,5.595236339619018,0.37396495532428864,758.2932919864955,12.710401221680392,0.2980893425474125,0.24570103038600527,0.226468786173434,0.05128811111086857,0.3743599434384203,0.26597392267056785,0.7385183970646808,-0.44397752741938934,0.7597345958004298,35.877214016311605,0.1401453672512172,0.03515625,8,0.5947115477712042,0.2122742984328636,13.19177634306646,41.40625,106,1680.6063926271845,0.0390625,0.4690103615625882,0.7869376100390426,4.516528171454052,0.1635886701556464,1678.2532542399315,2.353138387252833
butterworth_motion_013,butterworth,motion,1,0.4070231925606705,0.39895328993226764,0.16321063545922884,0.026637711527005288,0.4385266135701298,0.17889858407412584,-0.11687594139614244,0.7605134081230491,0.4009860824687523,49.2302312471772,0.19230559080928594,0.05078125,7,0.5370228948394534,0.24702825796483863,15.476050693877564,46.875,120,872.8097563935345,0.1953125,1.0344286618944485,1.237288728010529,5.841495900728763,0.4313399232642047,849.321866701772,23.487889691762398,0.12031162020655377,0.12220154379759121,0.05825666858717325,0.0033938394348757388,0.133673951806632,0.06947858418609268,0.22403548439826707,0.5459148286290514,0.4842148122240615,4.574393700250054,0.017868725391601774,0.04296875,8,0.17063812992261945,0.08236623811208507,17.99573791845132,51.5625,132,111.19716894659177,0.234375,1.1545169756298703,1.2865988770188599,6.0693724819915404,0.48619518638209624,106.2236458080089,4.973523138582895,0.4162769629782471,0.4008614082350112,0.18698764888959202,0.03496438083725734,0.4563451443191329,0.2407531034027492,0.22396005646494652,-0.28556287305430583,0.449190480182575,53.31222803037446,0.20825089074365025,0.04296875,9,0.5591613694517652,0.1960095226030806,11.914609680709841,45.703125,117,1145.6579364332877,0.078125,1.013015988959679,1.2334070471009217,5.793159631656921,0.4207250187589815,1117.8254354092608,27.83250102402668,0.014990537858341983,0.01265027773773165,0.01279021240831299,0.0001635895334497636,0.019705475349053314,0.017256975241638522,0.8393531994508336,-0.12791922834804037,0.8532190457957606,0.09940627423542986,0.0003883057587321479,0.04296875,7,0.027990050679798182,0.014221913750165429,15.369231431908094,40.625,104,5.360464259809849,0.1171875,0.6981723500091406,1.0453488785651615,4.96727588695018,0.27496485947394433,5.3378016009183735,0.022662658891475833,0.3280646305610262,0.3491857126002845,0.15861638101074693,0.02515915632494644,0.36439752763992383,0.2002429685645825,-0.5229217601379372,-0.4715457329060695,0.4834912582286368,33.9931028864228,0.13278555815008905,0.05078125,12,0.47136551025369183,0.16424908210950495,9.845132935839782,57.03125,146,824.4051454398215,0.1171875,0.6685439974823147,0.9664064965589361,5.179686335911594,0.2543952503512524,820.1985785764832,4.206566863338341,0.3294346733521398,0.2921172625420735,0.20255000263324055,0.041026503566725755,0.3867217443761817,0.21646860196249934,0.7824034368403175,-0.10035816938835707,0.6148411779840663,38.285749138779344,0.14955370757335681,0.05078125,10,0.5590285292293125,0.21466343628755888,13.013174186362264,41.015625,105,1344.3471623588334,0.078125,0.6236960902518097,0.9489687292203695,5.000794050464169,0.23173502167307555,1339.5757316785546,4.77143068027875
butterworth_motion_014,butterworth,motion,1,0.3315322547204128,0.36820397631776464,0.16544523908240716,0.02737212713503487,0.3705209347054975,0.21623383883207722,-0.5428710359856188,-0.5831061252251559,0.4990321054023269,35.145155342089105,0.13728576305503556,0.03515625,10,0.4827094004907801,0.1187836580758123,11.672799907483943,60.546875,155,896.9154045844223,0.0390625,0.7360980339228029,1.0827634043321162,5.194815693167735,0.3048509991258256,891.5112540985027,5.4041504859195095,0.09541956812678393,0.08553669066564705,0.06683293253221498,0.004466640870855599,0.11649693065638063,0.10392343450987693,0.2982858643748679,-0.9071762106998049,0.7004111823553182,3.4743129222035343,0.013571534852357556,0.02734375,9,0.17132895443282015,0.05775778678701213,13.322878976437895,45.703125,117,146.3596271421477,0.0390625,0.7944728481302863,1.1289929285400124,5.352243528312329,0.3295129284555561,144.99362998469795,1.3659971574497418,0.35027889594200007,0.31770338678947607,0.2601411243246453,0.06767340456489057,0.4363126281775913,0.30683595635723643,0.7781799105097482,0.061230066344777345,0.742668563072602,48.734389633852686,0.19036870950723705,0.03515625,8,0.5683027081136882,0.23632917879642557,12.220117683196353,46.09375,118,2217.473005236341,0.0390625,0.8121912607017542,1.1561035293891788,5.376846072996578,0.3401894620788698,2195.372802669766,22.10020256657511,0.0089511202771957,0.00880706681420415,0.007076988258450249,5.008376281024269e-05,0.011410798264234924,0.012507609284949948,0.34325727938300843,-0.8478122862853934,0.7906259818326087,0.033332817158929086,0.00013020631702706674,0.03515625,9,0.015160817063096457,0.005898981755583523,12.589297055904288,49.609375,127,1.6411366832947953,0.078125,0.5101637475230649,0.7787938616944459,4.698716891354407,0.17276086978688718,1.6372103142831635,0.003926369011632021,0.2139174138471815,0.2111166673974647,0.17852496661815453,0.03187116370601319,0.278624879817075,0.3243861287666447,0.27124216533322076,-1.249482625064344,0.8345508830097151,19.87374685518835,0.0776318236530795,0.0390625,8,0.40709526762453907,0.1747110916036108,12.070706067443517,49.21875,126,1044.3497826639002,0.078125,0.5256526832700402,0.8163011647967404,4.815101412142544,0.18509893201089722,1041.8057817648296,2.5440008990705216,0.21288887032832654,0.19626369454016407,0.12155527398951138,0.014775684634665182,0.24514762031138754,0.16571315901615738,0.5032267286494952,-0.24183719364917833,0.5709799380374959,15.384923070550075,0.06009735574433623,0.05859375,10,0.35291511765753664,0.19682694184453178,13.535555092647826,44.921875,115,484.1663634227796,0.15625,0.6494077254613645,0.8641322405990406,5.1593509005321145,0.22393896010442416,481.5371958268541,2.629167595925577
butterworth_motion_015,butterworth,motion,1,0.23984959568396338,0.19379447514280435,0.19367768493483034,0.03751104564171541,0.3082837559643325,0.3600358742810602,0.24863970301944477,-1.4137265112966273,0.8074963994903759,24.329951793017887,0.09503887419147612,0.015625,7,0.46902968364149694,0.20092431794289803,18.968426951428633,46.09375,118,1229.1595645623686,0.078125,0.4423980595635733,0.745976937560489,4.245816085035789,0.14258721268303592,1228.0397507889745,1.1198137733938145,0.0697565778145904,0.04134376361341925,0.06981503982210382,0.0048741397853619434,0.09869204594983806,0.10896374201267359,0.8724685728127809,-0.3848110318600102,1.0008380859317378,2.4934707030438266,0.009740119933764948,0.0234375,8,0.15723325413024558,0.07450460903184256,12.530353317394027,39.84375,102,159.71580973086924,0.078125,0.3598836263228594,0.4862259049178209,4.127625184815545,0.06316271745126105,159.5927527655711,0.12305696529811662,0.2698408477263743,0.18820498437155847,0.26363394784451855,0.06950285845608634,0.3772491770140455,0.331135819853957,1.287967744402972,1.0310277755486768,0.9769979232754017,36.433137038790306,0.14231694155777463,0.0234375,6,0.5456037854655724,0.30846127597531675,14.622202654413021,36.71875,94,2277.4646409069064,0.078125,0.4835043946083302,0.82434307728908,4.551289427834217,0.16994626579852506,2273.689074894017,3.775566012889895,0.13889517975608662,0.013521481058148849,0.2523849265299095,0.06369815113950783,0.28807988839726983,0.07009161548080539,1.613922458751484,0.7979684166219068,1.8170891673224714,21.245445657339758,0.08299002209898343,0.0078125,2,0.7199819517570727,0.377642307380066,24.27292505715492,21.09375,54,2087.260934186715,0.0390625,0.24356288926583086,0.4175281713967663,3.613446008845346,0.04687996770160014,2087.05202494435,0.20890924236520128,0.2930228465462956,0.3412465859955516,0.20862523035428795,0.04352448674037972,0.3597038717312807,0.38828195933012744,-0.13621156474332494,-1.2727883264234157,0.7119759868983957,33.123040086649254,0.12938687533847365,0.015625,11,0.49862080967403416,0.11724869118408256,8.685085609212258,58.59375,150,1426.2036433126982,0.0390625,0.5458845429043722,0.885348586391516,4.737575618740565,0.20492508965861747,1422.7338803168489,3.4697629958492646,0.14097383044173106,0.12105567629711235,0.14693868054606077,0.0215909758406173,0.20362857537691323,0.2064813627248419,1.063476039158686,0.4329467128715949,1.0423117544908653,10.614936757767996,0.041464596710031235,0.0546875,11,0.2719007041972438,0.10193721371979966,10.675436040606662,42.578125,109,707.4929821669436,0.0390625,0.436227818260331,0.580991581919579,4.6604939289791405,0.10120943818332041,705.7957504268093,1.6972317401345138
butterworth_motion_016,butterworth,motion,1,0.2221600973781457,0.16744895368348095,0.20298919845906546,0.04120461469105387,0.30093142667079664,0.35892199290519167,0.46922275733978536,-1.2223591624052805,0.9137068305864011,23.183289230878987,0.09055972355812104,0.02734375,5,0.4949843070895428,0.3662451994528452,21.15823344947829,43.75,112,1350.1861718745727,0.078125,0.5336686857867114,0.8792753848045205,4.600295557739425,0.19487286267196785,1347.574357853966,2.611814020606431,0.10911448026416515,0.036267834959099604,0.16993759219544605,0.028878785241185728,0.2019523583534112,0.12455543994116122,2.159965138326196,3.632685856337389,1.5574247504315768,10.44089729139318,0.04078475504450461,0.0390625,7,0.2124413694698036,0.14495649138153063,13.672683157722727,32.421875,83,946.2998869790903,0.078125,0.2984453771522662,0.46537135204876817,3.9868744497733033,0.061463688804870444,946.0670736049728,0.2328133741175343,0.22111214900400009,0.18147710155210584,0.19859445581736493,0.03943975788139531,0.2972042064281097,0.3511151265093975,0.7742031048955826,0.057564098459991886,0.8981616646169635,22.612567121551983,0.08833034031856243,0.0390625,7,0.4694971162888898,0.32997793196553016,15.941831214970403,44.53125,114,1292.3619789370077,0.078125,0.40717048343329987,0.5447959045190215,4.220706425843918,0.084888568313003,1290.9095553580673,1.4524235789403621,0.14265792580328143,0.017785195653843552,0.25064662804050664,0.0628237321480761,0.28840079046800593,0.06886010672022015,1.6121302923695007,0.8004507325454022,1.7569765340930272,21.292804081298087,0.08317501594257065,0.0078125,2,0.7199819517570727,0.3864332197333968,24.370425180003608,20.703125,53,2058.608051715697,0.0390625,0.220337578088773,0.31005575155196957,3.562631704344909,0.02018512241764129,2058.4310312767657,0.1770204389308655,0.43527928724611437,0.42111913494923603,0.19347744120572005,0.03743352025551286,0.47634187109784737,0.2623107880325076,-0.26462937756518956,-0.36092082382886836,0.44449034648386593,58.08680400921555,0.22690157816099824,0.02734375,12,0.6298726279437825,0.12846059417898056,10.367968348822002,47.265625,121,1226.613482551942,0.078125,0.6582023549810635,0.9922236682989725,4.900189773014534,0.25695035234028024,1222.4913374087737,4.122145143168429,0.252249665931624,0.1521241991615137,0.24711230223411446,0.06106448991544433,0.35312091962677633,0.4624781111217634,0.4965295652461053,-1.1677099999078866,0.9796338136682341,31.92176227278342,0.12469438387806023,0.01953125,7,0.5820698641193279,0.2693821814939191,15.565663656979055,44.140625,113,2000.9542974288897,0.0390625,0.5317849092404,0.8767709969850005,4.725625683392911,0.19073038774282666,1995.5999549459616,5.354342482927978
butterworth_motion_017,butterworth,motion,1,0.24295055673892282,0.22890561838566675,0.20412419662698073,0.04166668764861029,0.317319493048194,0.3468467573507713,0.3622313423746748,-1.2330085820836703,0.8401882233408278,25.77706513110089,0.10069166066836285,0.02734375,5,0.5507628369771643,0.38408928365167655,21.030049634506405,46.875,120,1365.325713038901,0.1953125,0.686250699242631,1.0411639494095686,4.92187604143489,0.2692473639208086,1358.9925344224825,6.333178616418998,0.1199710865986606,0.07051293816485985,0.16690890022232663,0.027858580973426587,0.20555204351475057,0.10239084413058552,2.1343200443901695,3.537889694302189,1.391242714832582,10.816420503831017,0.04225164259308991,0.02734375,5,0.2557673399966769,0.1710167942634628,11.310061283308887,25.390625,65,912.862089734629,0.078125,0.6285198656124134,1.0165646348107316,4.884032945580843,0.25184186916062923,909.2551967235048,3.6068930111240043,0.3047189128442227,0.2618978908499508,0.26073196523625336,0.06798115769595882,0.4010421094360589,0.4826653973234766,0.3387497224904303,-1.295723302930371,0.8556474647462666,41.1737020264765,0.16083477354092382,0.01953125,7,0.6551203636238198,0.2686308803019309,13.520327356925618,46.875,120,2227.547049280322,0.078125,0.8715620019430549,1.194366946514597,5.392334011610081,0.35728249468011586,2202.338200860658,25.20884841966351,0.11191783041131609,0.0182067046545542,0.24320186872200272,0.05914714894987425,0.26771766791500773,0.03421385393740562,2.377330168197928,4.024957957870522,2.1730395221746486,18.348223926745693,0.07167274971385036,0.0078125,1,0.9036163450541136,0.885507188885669,29.357996577410063,14.84375,38,1938.1337356198078,0.0390625,0.24750530353051228,0.3736289447194891,3.7945068438859533,0.03832878510813942,1937.8621702532412,0.27156536656649877,0.37446565125012676,0.32469335828076173,0.2343388364468437,0.05491469026726056,0.4417456442721786,0.4139627880777208,0.28371635519750704,-1.1252534949225688,0.6257952783223094,49.95563884376119,0.19513921423344216,0.03515625,9,0.64641114525176,0.2022446862322326,13.235521937710173,39.84375,102,1799.4439327548346,0.078125,0.40063956729829253,0.6402695927920449,4.244854053453624,0.11005266078210961,1798.4337567996513,1.0101759551831435,0.3717624976326255,0.36847413534864126,0.23104698146738636,0.05338270764519078,0.43771002078001214,0.4169093867186655,0.04813869637644509,-1.253558303586466,0.6214908252932085,49.047055946557094,0.19159006229123865,0.03515625,7,0.636394449854593,0.33041584011582265,17.609429168245782,50.0,128,1749.2387483824796,0.078125,0.5450047774411985,0.8756558214698507,4.714104508540519,0.19981477447962384,1745.6557676992757,3.582980683204069
butterworth_motion_018,butterworth,motion,1,0.2511743403687145,0.23882488207663866,0.19591798184912407,0.0383838556118337,0.3185473353702595,0.348468863978365,0.2632779687800088,-1.2213258533819675,0.7800079481078515,25.976935647102096,0.10147240487149256,0.03125,8,0.48180541803205246,0.2564362280359731,15.807948303975657,48.4375,124,1257.7598264030016,0.15625,0.5026141535719849,0.8196809311204406,4.644107225543054,0.1769055306100994,1255.2185247537443,2.5413016492574885,0.19268762494128258,0.09266870934047394,0.2539222054465121,0.0644764864188207,0.3187554034433504,0.18758069772029576,2.161795262548972,3.5190457430410795,1.3177919730059036,26.010881849429268,0.10160500722433308,0.015625,4,0.45442409978765946,0.3224383464529196,20.741086875199716,28.515625,73,2112.764171431258,0.1171875,0.3519363113191431,0.6175774071787589,4.192193077723372,0.10184665645299683,2111.857967807641,0.9062036236168376,0.41988532936511347,0.41903457715195713,0.27671293513324663,0.07657004847005636,0.5028655270408842,0.5304940922131134,0.0855899875363993,-1.3390553518654367,0.6590202509599244,64.73567700124319,0.2528737382861062,0.0234375,9,0.7301216460200928,0.2754233320021778,14.865408854060064,49.609375,127,2509.0403651847164,0.0390625,0.4892443933933531,0.8362478746966941,4.5317280619835145,0.1771765060596065,2505.7434072247597,3.2969579599565186,0.11491326654556466,0.02330258961477375,0.24194570651732022,0.058537724902165245,0.2678484342502999,0.026883270921006598,2.3837957359790596,4.0494739455767395,2.105463657838671,18.366152634966333,0.07174278373033724,0.0078125,1,0.9036163450541136,0.9024882880974054,29.548769786176152,14.453125,37,1918.164162853168,0.0390625,0.23201333633317292,0.293415461253975,3.7440889289896386,0.01666178299785559,1917.9141337475417,0.25002910562611225,0.424618907631501,0.38475224604990843,0.21707306122238967,0.04712071390845933,0.4768877547459449,0.3156453096055965,0.2946276043400438,-0.6782567472197778,0.5112185475505532,58.2200142404169,0.22742193062662852,0.03125,8,0.6874625944991051,0.27254218320413237,12.698874520379562,44.53125,114,1544.049497752996,0.15625,0.4441206946374708,0.7094983876584242,4.516668962259949,0.13904862462113293,1541.843105220395,2.206392532601073,0.28203101275641285,0.2460503587915408,0.210891926463502,0.04447540464748713,0.35216032826525906,0.33154912556905997,0.5034132936029431,-0.7017843092225791,0.7477614763057967,31.748325581797125,0.12401689680389502,0.0390625,8,0.4658764622853462,0.22995258303329444,14.098947518892176,44.53125,114,1457.3690395577023,0.0390625,0.39765409130741464,0.6178465658402233,4.367478346166086,0.10627212056357778,1455.5530562912616,1.8159832664406044
