Sample,Method,Dataset,Label,amp_mean_Median,amp_mean_STD,amp_mean_RMS,amp_mean_IQR,amp_mean_Skewness,amp_mean_Kurtosis,amp_mean_Energy,amp_mean_PeakCount,amp_mean_PeakHeight,amp_mean_PeakProminence,amp_mean_ActivityRatio,amp_mean_MotionDuration,amp_mean_FFTEnergy,amp_mean_SpectralCentroid,amp_mean_Bandwidth,amp_mean_SpectralEntropy,amp_std_Median,amp_std_STD,amp_std_RMS,amp_std_IQR,amp_std_Skewness,amp_std_Kurtosis,amp_std_Energy,amp_std_PeakCount,amp_std_PeakHeight,amp_std_PeakProminence,amp_std_ActivityRatio,amp_std_MotionDuration,amp_std_FFTEnergy,amp_std_SpectralCentroid,amp_std_Bandwidth,amp_std_SpectralEntropy,amp_max_Median,amp_max_STD,amp_max_RMS,amp_max_IQR,amp_max_Skewness,amp_max_Kurtosis,amp_max_Energy,amp_max_PeakCount,amp_max_PeakHeight,amp_max_PeakProminence,amp_max_ActivityRatio,amp_max_MotionDuration,amp_max_FFTEnergy,amp_max_SpectralCentroid,amp_max_Bandwidth,amp_max_SpectralEntropy,phase_std_Median,phase_std_STD,phase_std_RMS,phase_std_IQR,phase_std_Skewness,phase_std_Kurtosis,phase_std_Energy,phase_std_PeakCount,phase_std_PeakHeight,phase_std_PeakProminence,phase_std_ActivityRatio,phase_std_MotionDuration,phase_std_FFTEnergy,phase_std_SpectralCentroid,phase_std_Bandwidth,phase_std_SpectralEntropy,i_mean_Median,i_mean_STD,i_mean_RMS,i_mean_IQR,i_mean_Skewness,i_mean_Kurtosis,i_mean_Energy,i_mean_PeakCount,i_mean_PeakHeight,i_mean_PeakProminence,i_mean_ActivityRatio,i_mean_MotionDuration,i_mean_FFTEnergy,i_mean_SpectralCentroid,i_mean_Bandwidth,i_mean_SpectralEntropy,q_mean_Median,q_mean_STD,q_mean_RMS,q_mean_IQR,q_mean_Skewness,q_mean_Kurtosis,q_mean_Energy,q_mean_PeakCount,q_mean_PeakHeight,q_mean_PeakProminence,q_mean_ActivityRatio,q_mean_MotionDuration,q_mean_FFTEnergy,q_mean_SpectralCentroid,q_mean_Bandwidth,q_mean_SpectralEntropy
median_motion_000,median,motion,1,0.02552164948514655,0.13077173913537862,0.14690534656670476,0.0252557833821536,2.4979305107589984,4.602637021107206,5.52478229757021,1,0.4922269528863245,0.4884677897419508,13.28125,34,560.3735620412613,0.29787820681451016,0.49470443001936554,4.018149502231202,0.0,0.0017308755787124885,0.0021380372243891034,0.0025380993679622,1.0290139320877867,-0.4132379320996451,0.0011702280122556062,5,0.00390855209454132,0.0016990055848153402,34.765625,89,0.09816777938496463,0.8670343507750565,1.170875714349527,5.474105918987039,0.00626357638406785,0.03139063033135367,0.03929596951909016,0.042326369403591954,1.5992015333394993,2.2324925712592574,0.39530834443398727,4,0.07048418795415651,0.06112035868111322,37.890625,97,32.288646284388946,0.3824359642293079,0.5571158592535022,4.463224770821572,0.06418811800638641,0.12889285610649517,0.15680018628922918,0.09643595383637098,2.095193700960439,3.4976007408053666,6.294092395606266,3,0.2466031843031181,0.17496065550849116,28.125,72,544.384092185182,0.5690964215602218,0.9257695748716094,4.78714497851378,0.02127907036173665,0.016427592581193317,0.025020888790909555,0.033777262696128796,0.22327681157881551,-1.2751285840691582,0.16026748822708822,6,0.039066128254146536,0.020543240720877584,50.78125,130,8.84275754673487,0.8953176422608692,1.2067077504575732,5.449833531869591,0.0484977072985156,0.03485054560116453,0.057363038303124954,0.06015696242599759,0.2554000881530035,-0.960029956810418,0.8423726498216398,7,0.08265078823466925,0.04269655519307736,52.34375,134,39.798484007773105,0.6729667518067978,1.0301555660525876,4.952417855134393
median_motion_001,median,motion,1,0.0227355667809565,0.13024373402559705,0.14684195222843757,0.01635947042555405,2.514607512849478,4.653585831069837,5.520015087170238,1,0.4922269528863245,0.4484998539512338,13.28125,34,555.8576208888064,0.28559009087875514,0.45493840828256077,3.9941229709895794,0.0025383888318063997,0.006633006952465509,0.008075681587130252,0.0034284267153208755,2.3227137215567417,4.146886430102368,0.01669545807275893,4,0.010187979518315175,0.00898586244786395,23.4375,60,1.4416864756391954,0.2874863586026919,0.378736706873566,4.081058662804492,0.013036415654484601,0.08042817713583246,0.09186607948784614,0.038343120095748404,2.4836169690571275,4.841941119272167,2.1604803994796202,2,0.18876612712145102,0.17965452585521116,23.4375,60,211.9660616596014,0.3202130491220515,0.47626373608853695,4.145626893899111,0.0620319920382852,0.041554913380547426,0.07282925312630781,0.060417612347565645,0.32213089283642127,-0.5866322903091317,1.3578496283995687,4,0.10677792427538182,0.053899083685311,52.734375,135,56.58291221316317,0.8140415953089223,1.182151484314038,5.263726066505091,0.02425017069101855,0.01612349106421867,0.029816921096867826,0.02954020466446295,0.19482119464737715,-1.2608709635843462,0.22759648862639148,5,0.0446271295784448,0.02932736442314658,48.046875,123,8.518582305954496,0.431460038458136,0.7385857355667463,4.4141927746219425,0.060029494597815855,0.03184534172155466,0.06683101530586778,0.05342862556258861,0.08630695278198414,-0.9670710527985804,1.1433944593441625,7,0.09051115999177003,0.04219645371233787,52.34375,134,33.23087380148046,0.3065083038405041,0.3491776333022439,4.063793898260367
median_motion_002,median,motion,1,0.0189756052179395,0.010024339727014211,0.020230507054967095,0.012517841140172873,0.14419506910526195,-0.4936234738583969,0.1047739944194748,8,0.027157461492385022,0.009752918658540052,53.125,136,3.2927664459371315,0.518136211496447,0.7498019168398534,4.803286212132654,0.0020541089920165,0.006698142239085676,0.00799182561318832,0.0034708296482288004,2.3548531016661265,4.217480820282305,0.016350534817692896,4,0.0099685772275423,0.008336839902337,23.4375,60,1.4701389561575515,0.3817400992222405,0.6486887654522857,4.339802503781053,0.0261651166292412,0.13610948379940066,0.16586774894854778,0.1133969789349444,1.410974027817058,0.44237261633009295,7.043100196162168,2,0.3879230767591674,0.38508389306920987,25.78125,66,607.053136880015,0.28102667754504923,0.35913874952387287,3.948495754409479,0.037569888347441655,0.06874767145179364,0.09285531590739839,0.07430492442808762,1.5959996298447001,1.791243900030139,2.2072600812192644,2,0.18624380000933366,0.18624380000933366,34.765625,89,154.86655706369368,0.7881553629706237,1.1542797986274063,5.196823682893615,0.017167128556172098,0.014307807171409528,0.024939955707330503,0.017139408644707525,0.8337191269144932,-0.29120470337052895,0.15923235601500346,6,0.03424311545989683,0.015654780362677586,43.75,112,6.707988613822635,0.6808964474058783,1.0465516527551526,4.862592564061499,0.0469578463729702,0.02695251324287083,0.05723472181528236,0.043743523050774405,0.421821174007942,-0.7550377741353511,0.838608225605826,7,0.07927605082806224,0.0364023914741211,48.046875,123,23.8037444373783,0.6110378349270502,0.9612525855015267,4.9330723586882765
median_motion_003,median,motion,1,0.02070963751451635,0.05788693302602768,0.07605123209293511,0.07351351277869525,1.2733409965320208,0.24265264950766063,1.4806502151304917,2,0.16236431235324805,0.16013799769141004,28.515625,73,109.80215298473848,0.33644030265538205,0.5689910092289201,4.088409685599105,0.002644574384441,0.002997229987245943,0.004614155209816764,0.00544997803481785,0.4370942022119086,-1.2549216763221458,0.0054503496448714715,6,0.007193549373716667,0.0034664558362540333,46.484375,119,0.29436764001371624,0.278760764535737,0.3772058169731456,3.8445547895884458,0.03152831377967385,0.15491985246650594,0.20050417308072488,0.2815894220033397,0.9864180628445892,-0.7338398511392823,10.291692396233032,2,0.45438550130304,0.44632310242432427,30.859375,79,786.4372026167073,0.3031048839323,0.4324038533079083,3.9852227192345295,0.022403942165989,0.06957706941056077,0.08686604429114134,0.04504569327000036,1.9013449169987597,2.597702377488824,1.931701670602375,2,0.18624380000933366,0.13231308044159557,25.78125,66,158.62841539265838,0.459154057560124,0.8274839977163204,4.449482823242763,0.0185265196833241,0.011190588976593842,0.021646801946157767,0.011010110710816251,1.0336986127657655,1.0715421347439937,0.11995751283102199,8,0.029947386058829926,0.012839405751711625,50.0,128,4.103513052130179,0.31887618630636877,0.39666931165676644,4.214181575107016,0.0237142099066788,0.02180990186481651,0.034558307463626634,0.02420024717678417,1.1113133236745554,0.6888469431647692,0.30573481337614133,7,0.05373348482580378,0.0212921756355006,36.328125,93,15.586377721213909,0.8794758565592838,1.166642235956349,5.493076307703252
median_motion_004,median,motion,1,0.05909612634588375,0.06829533500907706,0.10441672651957569,0.12462055076171877,0.35324189482495577,-1.4000286575218428,2.7911303109283487,5,0.16130450432992569,0.11278046719839326,46.875,120,152.83813988730904,0.43083593192052316,0.6693221957472872,4.403323645023967,0.005621132402648,0.002709302147982087,0.006218773904974496,0.00447283924248555,0.07446977061405106,-0.9215666223123118,0.009900326113585087,7,0.008810878095938699,0.003929823355064157,50.390625,129,0.24052583612775047,0.6214975791755282,0.9555520736074573,4.932003481505223,0.06978480793271585,0.13519001341218015,0.19250591625585012,0.2070027429424125,0.7962364671700934,-0.8289046911455462,9.486983115137122,3,0.3481020277502314,0.3178559002883647,39.0625,100,598.8788369446356,0.3655001351399477,0.5653860273636104,4.276672578776369,0.0488913635184562,0.0425710252397026,0.0693892976745684,0.05691976855922997,0.6138764273286137,-0.7720982091036115,1.2326079057330852,5,0.10460543912410362,0.03811123969060006,39.0625,100,59.384929582532045,0.5837738326140998,0.987990923821035,4.597441423268158,0.01994814849277325,0.012433963102467999,0.024867314185968027,0.014425979485410523,0.6012436566427527,-0.24599454906692042,0.15830612859485355,6,0.036854687293175946,0.01764669659337075,40.234375,103,5.066039426195085,0.4509107752214667,0.7083610855102885,4.509142816112709,0.0166274623385423,0.018412185755233484,0.027815078396390074,0.02664640407102725,0.7519274106928102,-0.521283046793549,0.1980617180665154,6,0.04640652007656743,0.03407898979556318,42.1875,108,11.108627714936617,0.4041415580581213,0.5986870634304727,4.462966736278526
median_motion_005,median,motion,1,0.021382465759774552,0.06399045674249955,0.08553686022927441,0.11931237318166373,0.895645633297231,-0.7741767877203567,1.8730379412179012,4,0.15825218221347692,0.11628186889567807,33.59375,86,134.17768756188278,0.32006101198802017,0.4892897119588848,4.044490239690804,0.0044624762309341,0.004641286443844192,0.007651194677324404,0.0045416757696771495,1.6012522064011627,1.9259390163972387,0.014986439677521226,5,0.01063856457330226,0.008034668419635859,32.03125,82,0.7058725910869805,0.41756174668228946,0.6425606086725262,4.41094137599833,0.0573638720981154,0.09505463787189591,0.1346956384161911,0.09366951843509155,1.5668375488432482,1.356781148002332,4.644586242136396,2,0.2986378324482676,0.28130939634793606,27.34375,70,296.06749022128656,0.7113999139571242,1.0446873128833973,5.175136584624328,0.057431499155941354,0.046970749089089006,0.07708653084949567,0.09198292919580987,0.043529877280114336,-1.3390615488907733,1.5212373090330231,5,0.12387880793912912,0.04210270435174236,47.265625,121,72.2942826768392,0.46721119892487933,0.8534333150948052,4.245056287198353,0.02323041029540545,0.01241162344696677,0.026562243799860757,0.01662403979436053,0.2628783271622094,-0.9230535761224141,0.18062151569490975,7,0.038092630639506006,0.0190051378498439,48.4375,124,5.047811662514752,0.6473220823313147,0.9890003781018956,5.003504414352743,0.0381628707159586,0.02179200801526515,0.04285095882055612,0.032870864913070744,0.01762843836138266,-0.7838986068614369,0.4700683959912951,8,0.061652847141548416,0.02567529870482369,51.5625,132,15.560916435341955,0.7975602564399821,1.1246214834907717,5.367492911538531
median_motion_006,median,motion,1,0.0259208945235119,0.050894204103751624,0.06723264932577643,0.05595589637969045,1.1078254915398753,-0.15902832257508903,1.1571786586528834,4,0.1099711114274582,0.08797175995270458,35.15625,90,84.87595530263063,0.5341569608025614,0.9072588459874648,4.527254433436016,0.0043233302159732,0.019201872737378164,0.021140839759981125,0.004829497548741251,6.24906355573949,42.799580627612166,0.1144153870738429,2,0.017932729755061848,0.0172263064655025,23.4375,60,12.078553165009914,1.4174280409103885,1.3228216759267393,6.482864278142598,0.06225022628751125,0.04904210248306637,0.08644420126779681,0.058564484505924316,1.5139207102248158,1.9222542859452103,1.9129855828038052,5,0.1242873051908997,0.0649853242698306,31.640625,81,78.81100472051337,0.4914503952345229,0.7777540701202282,4.7415379899949865,0.02830382880115805,0.03940419296623335,0.055541504166372595,0.07969373720479214,0.46414844542843026,-1.3116212337208804,0.7897238233761751,5,0.08678349238143984,0.03621528153814614,44.921875,115,50.878524817079715,0.39871441686301873,0.7542200884874666,4.093372533523495,0.015556743975476149,0.013549001698632285,0.0233792286421916,0.022158077439078775,0.4972322352451906,-0.9981360203340577,0.13992661296739126,6,0.03701661690478544,0.020726051110211887,41.40625,106,6.015395805943983,0.4020352078984152,0.6540812525617914,4.264946636693919,0.04269638474198665,0.024114653452390864,0.04966733373782519,0.036585314472450996,-0.044436315909318375,-0.8412949446075944,0.6315120743998742,6,0.07168397462405446,0.04146427929707134,48.828125,125,19.05512729405605,0.3584233309769003,0.5511322234269675,4.085071862182088
median_motion_007,median,motion,1,0.0135211877442942,0.04081069117817005,0.050916977056593545,0.03001808939315377,1.9262606074357642,2.872786978750632,0.6636898694609084,3,0.09622320459968582,0.06689073596668099,26.953125,69,54.57551380475765,0.24876620129322974,0.3373372501432619,3.840014020651898,0.00607843119453565,0.07356865288279495,0.08635915589975844,0.02417576581637148,1.4975938354071345,0.4971269766848212,1.9092233747760088,2,0.20326739519008785,0.20205881690214322,23.046875,59,177.35177621945925,0.28141880889904003,0.3103757565829907,3.890391634794902,0.05613837662798015,0.061465457133245714,0.08826751315348812,0.09136990584865243,1.0703525391244595,0.455540580443516,1.9945353928451066,6,0.11466759329888937,0.028833736646201813,40.234375,103,123.79753837577381,0.38461714921632195,0.6226050198109713,4.26466703757867,0.03907361040072365,0.027436658140761704,0.050796468459945315,0.029525310503237145,0.36970134449319086,-0.2230335206241052,0.6605519892485682,5,0.06842176874873061,0.01996495262519284,44.140625,113,24.66677282017452,0.3084837397362715,0.4508089932838369,3.8675522353056317,0.01046000417016185,0.010328895877286559,0.01713297297296242,0.0117503538341576,0.6920698520905225,-0.5791113158307972,0.07514592330041875,7,0.0251576443114792,0.014608578010897785,40.625,104,3.495868407895818,0.6243514524784688,0.9558583323001492,4.859336696006517,0.0228190958082825,0.02553466349777037,0.03851547791255433,0.03726854509473275,0.712615833284961,-0.5026390054628105,0.37976116194110987,5,0.0549785211345263,0.044419443071402484,44.921875,115,21.36502702999595,0.6968928967949328,1.0728959692608893,5.098309028880881
median_motion_008,median,motion,1,0.011653681831312001,0.03515210163819192,0.04251527778701171,0.013870311392815853,2.4419245464925043,4.597820881276083,0.4627325043985334,3,0.0664972075056199,0.05286285271287034,19.53125,50,40.49043022456036,0.3445452600669386,0.5319448037394625,4.287946258841075,0.02386650379631755,0.07412259636495255,0.10171719985964257,0.12547044644170088,0.7102745554693729,-0.9955533048642504,2.648675519305337,4,0.16897741197795996,0.12405295223106383,39.84375,102,180.02904478626962,0.7942764572944646,1.12556435227416,5.288310608121343,0.02747569788379695,0.09425457338360187,0.11970601742056582,0.13979116818723838,1.065026677388828,-0.5199175756981731,3.6683598353133586,3,0.27412169960060273,0.13133469664374328,29.296875,75,291.1084413200382,0.24408574150442255,0.3646344675468013,3.605844250253913,0.04473492812496675,0.039785117302224136,0.07234785311123386,0.06429651370050335,0.5899694965818907,-0.9247566166009653,1.3399582335499955,4,0.11292622250350234,0.07827889554179868,40.625,104,51.86700651368329,0.3360575966873533,0.4465496940345504,4.173614482918531,0.00955089294692755,0.009185708347430472,0.014124254417487403,0.013203603297462427,0.7851391874932293,0.01384551998127348,0.051070608089577585,7,0.022484263404667155,0.012756032924330528,41.796875,107,2.764860783515925,0.5377436582249312,0.8683687292301158,4.755772235618024,0.0263594445264011,0.021190821966657124,0.0355980996136068,0.029721444156064876,0.43038303347043416,-0.8141832452582665,0.32440952220166974,5,0.05232421828294446,0.045225122221830574,46.875,120,14.714500094261936,0.30493122085574026,0.4159004359161159,4.089930191189497
median_motion_009,median,motion,1,0.016130523879409997,0.0424072448716226,0.05447332934463873,0.027946192860083475,1.3820771303043535,0.36672401848861247,0.7596399641317065,2,0.126416084599002,0.11728636770459375,24.609375,63,58.92909544440381,0.41372999095083784,0.6431783739495872,4.174135486937052,0.023929740894525098,0.2703197739440594,0.30264453789635465,0.1235128229552116,2.490842322006169,4.688612883397625,23.447991377535498,2,0.5683686568855735,0.5616014204178217,14.453125,37,2394.4488555636526,0.2734460588797591,0.3176269149038427,3.997959572390297,0.034826350513297605,0.0910425867442818,0.12697055584448338,0.16732708849819142,0.8391585237400054,-0.8856911503947118,4.12710964517301,4,0.2546357867550793,0.08870209761790523,33.203125,85,271.6010789205223,0.7663534759013505,1.1411728669845287,5.212954733316906,0.08056604165873549,0.04455995816014891,0.08584792693745706,0.08214385479385039,-0.062163745589308615,-1.4631286344110719,1.8866858392214954,6,0.11931935814885647,0.06566370147588839,51.171875,131,65.06380886453636,0.3228960895740788,0.31968109102203796,4.151056372924178,0.008596538213063599,0.007392027952241395,0.01133850390910152,0.013558328772641876,0.37692429887378837,-0.9636892463067364,0.03291178774955787,6,0.020359224793120318,0.01471109038753055,50.0,128,1.790510692574797,0.432440452395047,0.5960825050491797,4.582710211125104,0.02652057705099525,0.026356827568637258,0.0401075069415286,0.052959986904032225,0.31040256887156203,-1.3547880406528334,0.4118047009445797,5,0.06677306083189098,0.0440811455441818,46.484375,119,22.763340850891456,0.3916322446898034,0.6624464404630999,4.345619642078116
median_motion_010,median,motion,1,0.00736387299111795,0.030464554076616183,0.035958299578836665,0.021533762758134723,2.252058503319829,3.94974918470286,0.3310078230019494,3,0.055043937542054576,0.0488040637465821,28.125,72,30.41162105060159,0.289015196830804,0.38654834796582177,4.048373827739272,0.0064539604330904,0.27511989292897804,0.2977731351522229,0.03344848486790782,2.5849820585721486,4.969899803217262,22.699223044706308,1,0.9999999999999968,0.9983841405424704,12.890625,33,2480.239807137,0.36100253979447694,0.6126135436776893,4.256697879171879,0.05649393772271355,0.08056814222129423,0.11733482754099636,0.11601884350988885,1.060936092379669,0.05473527434019276,3.524470209043292,4,0.1899435953051012,0.13222816998087045,36.71875,94,212.70420766154155,0.4617636500207709,0.7515440025435395,4.484793580266844,0.0562122145956379,0.058262656881620696,0.09655912824487604,0.06397062570002651,1.376066994533408,1.1456149972095737,2.386858303337067,5,0.16071064287608933,0.08782776988304633,34.765625,89,111.23204560004055,0.44843728833240726,0.7325284196098586,4.398695720919119,0.007068664869380899,0.006703713990608493,0.010572179252463568,0.0115094658074052,0.5867565043464611,-0.387381385696135,0.028613369381432614,7,0.0175930224082841,0.013333217949102217,42.578125,109,1.4725866790461821,0.43705665982075015,0.5483767415169088,4.6815493459101925,0.022088187531038153,0.02587558624089881,0.038084112797184835,0.0473242388910596,0.4603052697258554,-1.1569005783572721,0.37130230977246664,6,0.06281328675306093,0.037307646568281304,44.140625,113,21.939668764507736,0.37712480332544057,0.5983466590544774,4.279942055722554
median_motion_011,median,motion,1,0.011544818741220899,0.010211553294768807,0.017139899390525706,0.016648387947543773,0.3805355866924699,-0.8594939967238044,0.07520669468603994,7,0.023921790860194015,0.011465236437258343,43.75,112,3.416905797401758,0.44988858214696653,0.7786413639521551,4.384419514696997,0.018085142131922798,0.09598395645095814,0.11696419549258448,0.10608067413352897,1.789839063699271,2.2585803859968223,3.502239494970245,3,0.20136045515124742,0.19139997157913488,32.03125,82,301.8889562359903,0.30552756481922383,0.36010690623948893,4.0491919372754905,0.08519673936437966,0.07246894709505945,0.11656226036033873,0.0987342179899299,1.0876029249913808,0.8825673388141819,3.4782106983197165,8,0.14589908153596054,0.06803155423658795,47.65625,122,172.08892243298402,0.49434448810673065,0.8231684924804353,4.513698189771629,0.04249652782694539,0.06533536025990296,0.09076045005814715,0.03088275877033262,1.9815533204103513,3.0605533966845844,2.1087895794579,3,0.17922082169679418,0.07314638108749397,23.4375,60,139.86952687769207,1.0049603442501862,1.2327360195558323,5.814644623855218,0.00891837126782125,0.013420377909765942,0.01913379352428309,0.01568942700267945,1.235712883536117,0.9770331477583838,0.09372212598525376,7,0.029761019626811155,0.0113690457485874,39.0625,100,5.9017280343627245,0.38854583826051503,0.65714304334932,4.194432970859484,0.035972968380369896,0.022716073062924363,0.04334949700478538,0.02729843586362552,0.4946449051458006,-0.1717805385986244,0.4810697959853816,7,0.05825065361372676,0.03891975133976631,47.65625,122,16.908903253123903,0.5067978914684481,0.7891293323882016,4.599692179385625
median_motion_012,median,motion,1,0.0122671453997046,0.01827068089775572,0.0261934160726079,0.020565175420911627,1.4352995067007845,1.5210816633609863,0.175640331661505,5,0.03682093430980406,0.0203047064648958,37.5,96,10.938077204302063,0.9754106697859057,1.2349002619829144,5.675455939115343,0.0077704742610633,0.09774249114196833,0.11542688417575879,0.1066274164567911,1.832075716115243,2.298625669343794,3.4107815911741532,3,0.20136045515124742,0.16146426754720403,30.078125,77,313.0507526264355,0.5598156618668618,0.9096225169016043,4.72571743486605,0.04646039256418145,0.04569732358168227,0.07188728484097544,0.08956493419236124,0.27782784509255115,-1.529353606266519,1.3229521207827293,8,0.11393737901873588,0.03814641856006127,47.265625,121,68.42727014345718,0.6036148357539765,0.9624451829663637,4.770361950657472,0.03411900416832585,0.10649342973946906,0.1353610456667189,0.03411324921534752,1.589979094937906,1.0448189625923394,4.690588847100815,2,0.3138182359581331,0.21012116865696046,22.65625,58,371.6150208006245,0.5751046980559036,0.939127943835975,4.708370012044588,0.0114839902036983,0.013648501237857089,0.02041773031458185,0.02006447243433302,0.8915159956126139,0.2679579702186121,0.10672223006694262,8,0.0311311600278725,0.015486098175308539,44.921875,115,6.104063473312693,0.4255532384662991,0.697531293606352,4.514597150756217,0.0258483725999923,0.023102656461319232,0.037785756553898424,0.0277427527032673,0.8770390120401504,0.3331356673906485,0.36550742997772223,5,0.05606779424174846,0.04117766646796354,45.3125,116,17.48934464871993,0.3600422677926016,0.6062066741733021,4.147451575037876
median_motion_013,median,motion,1,0.01077333748561345,0.1325881305557549,0.14807675100108872,0.0514849360080212,2.4418771998455893,4.4446721036830334,5.613241391881838,2,0.27991761216827943,0.2744020372083343,21.484375,55,576.0487376854488,0.2584249792790003,0.3046997407603674,3.9032274073053004,0.0077788017165687,0.07677754977219531,0.09333223066680076,0.10558215530790024,1.1606540931122546,-0.4421301783764213,2.2299917519976713,2,0.2138985127617826,0.2073301984445882,28.515625,73,193.16054557159134,0.28525045137714367,0.37889534004345077,3.9015718922983114,0.0126660651700994,0.06177251855884798,0.07336996850536753,0.04055833897877252,1.7638583106222097,1.8487103615981626,1.3780869832905278,3,0.15040976361806943,0.04928854338545763,25.390625,65,125.03720716927884,0.5092078760247406,0.837404066859072,4.631778311294757,0.03693347955826875,0.10301513281260717,0.14153068305367447,0.1091096190374944,1.2716478642002889,0.5952579586465276,5.127919166883752,3,0.2541373802950314,0.10681441729261444,36.71875,94,347.7299058650337,0.853855778137418,1.1918694771998184,5.3242247669368155,0.0089425765390718,0.007498912362999851,0.012952563991946116,0.0110381774079742,0.3949196492728419,-0.929290309311829,0.042948841975157526,7,0.020668179771988298,0.010349600985839171,41.015625,105,1.8426654433975698,0.44189979477804886,0.6256645850198629,4.548544738101951,0.0193333547174067,0.021392058238207928,0.03276707442203636,0.03669188495642588,0.6074944697452653,-0.724541037760023,0.2748623785418929,6,0.05472737050471927,0.023365113454345183,43.75,112,14.99487854019133,0.8932953938333931,1.2072769037428939,5.435991592161541
median_motion_014,median,motion,1,0.01159813081971765,0.13332938196280605,0.14674804205872055,0.014848074993732151,2.501397532388998,4.621844433748693,5.512956889105412,1,0.4872312307472717,0.4158582855883914,17.1875,44,582.5071009970917,0.3924154485925704,0.7016161300741026,4.293751174353906,0.009201118618954951,0.07557655841392068,0.0938950283020517,0.10642767009856804,1.1328897760556411,-0.45547468904536936,2.256966742999831,2,0.2138985127617826,0.21117464360187155,28.515625,73,187.1647925583925,0.27393020118249334,0.31182126957258177,3.894190667624419,0.011865488166736451,0.10229447581440375,0.11865754643062035,0.040186840422609005,1.6923626242763106,1.4076853427607654,3.6043810111833148,2,0.278301390582566,0.278301390582566,23.046875,59,342.8895875323019,0.3055334789932297,0.3990512777581798,4.039681010729729,0.062908440382204,0.047826953980669315,0.07975911184736958,0.07524067933778739,0.3701173746482761,-0.9684709516632615,1.62854807620639,4,0.10435891121185245,0.06615289551728609,48.4375,124,74.94979753660192,1.0131598851409462,1.2784846620683548,5.714505115357324,0.012902395823502801,0.02955656672914587,0.03802495631562877,0.024059876466142903,1.9111586411176058,2.8339772181786467,0.370149709518202,3,0.06800522941144213,0.043850754294219196,28.515625,73,28.62579148655996,0.34492871933041486,0.6895358061183825,3.9958602297738,0.041473918037754506,0.12331058283032323,0.14597994808933865,0.045387997046209466,2.5045300730569364,4.826106818357184,5.4553971825064975,1,0.4769571793734485,0.4528402111031069,12.890625,33,498.25297446620493,0.43962238431205714,0.7469054397899026,4.491111607979339
median_motion_015,median,motion,1,0.014726621609496001,0.01955168012036709,0.02834542262249645,0.024555034037949452,1.3557778182539335,1.4129421342594863,0.20568652381387098,6,0.038904154485531535,0.018117248370065366,41.796875,107,12.526093499723766,0.5653381475352309,0.9650583471255096,4.70966858445937,0.00261061610576675,0.022822398086038313,0.02671985783557395,0.007571568686488126,2.043422867493343,2.9581900049695893,0.18277140550484033,2,0.05885163539036715,0.0576833386297446,22.65625,58,17.067591964248695,0.3694244274170334,0.6047149587614858,4.270205913811059,0.02957642028603105,0.0979577967789649,0.12074170059877869,0.08449252998464878,1.6030963084881469,1.3779402195378845,3.732110915452189,3,0.24880171025384468,0.18302659949815267,27.734375,71,314.43283743276504,0.3552190501832817,0.5229806223538191,4.25296349094606,0.0626344708438266,0.046837034973522484,0.08059126620612492,0.08971228200492129,0.23944416466043064,-1.255033310757955,1.6627077603088622,6,0.11820858925009932,0.05175363491374866,47.265625,121,71.88308835130985,0.5640464975877408,0.9351711387281564,4.724230065647088,0.02196031501248055,0.028691853495745597,0.04066123719983039,0.029520661038793278,1.6249589179794697,2.274066667508518,0.423254069918943,6,0.052444362233224,0.03358737776124748,40.625,104,26.975353252793035,0.22675579463832998,0.2860268362422404,3.7126531367601996,0.05890353736004695,0.11884558705806303,0.14961531714610274,0.03767331149553769,2.513708787265325,4.897732922442774,5.7304942399306,1,0.4769571793734485,0.4604733782444811,11.71875,30,462.8241885299228,0.3215107624902822,0.44439005983841234,4.205795720389916
median_motion_016,median,motion,1,0.0289896604934944,0.015932911226044594,0.033305029070522255,0.014004018170264275,1.2548595973315968,2.0076624650805517,0.2839615901154131,9,0.03916504888140113,0.01486338108491839,47.265625,121,8.318246819042667,0.7657703362577263,1.102983899008532,5.2828963896482595,0.0022829512516658,0.02229628036807824,0.024480952192476316,0.00292252151955545,2.609868390052427,5.100380144637089,0.1534251571840796,1,0.0824763043415686,0.0806441210926584,12.5,32,16.289762799224818,0.28760775515278875,0.3719392990345445,4.070965204138362,0.040270056948584196,0.056583758031150996,0.0772456391636516,0.05652009735944692,1.3894347874824982,1.1340327311698042,1.5275235250690726,6,0.12034131545936529,0.06577003163372742,35.9375,92,104.91387638217279,0.42818059450068524,0.6710952410447707,4.473849477876337,0.05291213289902735,0.0403371640639303,0.07348854885870769,0.03768074403095127,0.6044523511980131,-0.4431300318999245,1.3825451042198187,5,0.11420171727434533,0.0541610048318374,40.625,104,53.31592434548902,0.6451909815671875,1.0198390953235128,4.964633126835874,0.021128214595195448,0.010050364674304067,0.02367011021024368,0.012689988649586429,0.07118882490704763,-0.386038326964512,0.14343017404546105,8,0.031704053750748445,0.014739013634539663,45.703125,117,3.3098900986479904,0.35093212967619436,0.35975049549085714,4.317910026913038,0.0470156226958506,0.02208516878486829,0.05085439717761481,0.034226388159077796,-0.1826318070139013,-0.694675982214926,0.6620594463484407,11,0.062210344443516766,0.024734954245782856,53.515625,137,15.98247055815553,0.82844347631871,1.0878560040555745,5.515184146578624
median_motion_017,median,motion,1,0.02638377677715075,0.010246011799364206,0.027678722843854316,0.01768459890798898,-0.19575974665956483,-1.046468300261077,0.1961245947563271,8,0.0364565567231568,0.014686240087956087,51.171875,131,3.439993206115484,0.6125454198798743,0.899579226624001,4.882823015145712,0.0025800290427004,0.0016120015814658519,0.003051075041705169,0.001676104201041425,0.3878169867629545,0.10466109274768298,0.0023831190809897474,8,0.0039083906737714,0.0020152599238668248,49.609375,127,0.08514918835527718,0.44179939551812175,0.7005509694397201,4.491728008633461,0.0266189972069667,0.03018500581989274,0.044379179754651846,0.03359460964387962,1.5351320262102117,2.434359375433827,0.5041949684980993,6,0.06339826389483634,0.026382954073254573,37.890625,97,29.855412061107458,0.8276338053766321,1.164102465118578,5.319918820267863,0.061252028500377004,0.026205021987822954,0.07169133102946733,0.022511466343459234,0.9591856596423095,0.4812971314169001,1.315749617862826,6,0.09192620069775553,0.04103865909755303,44.53125,114,22.501634561016605,0.6766623750132893,1.0044332300011876,5.109338703917128,0.022047468889613252,0.007474148414053873,0.02364489205200306,0.00938343872686958,0.16299381912646388,-0.553299017362157,0.1431247155586246,9,0.030128935083044636,0.010920505156282399,46.875,120,1.8304834200163491,0.7705260813994913,1.0393733625146457,5.371261134626275,0.0429272789901984,0.06483453858352552,0.08589022831742206,0.03374282962152943,2.6405237370080163,6.096060447344497,1.8885456180272358,3,0.1416079069432965,0.03294286636629857,24.609375,63,137.73432261890764,0.9648171687584002,1.2568279852363964,5.6606522588993125
median_motion_018,median,motion,1,0.02162290163220755,0.017523649076846105,0.031157839004111086,0.023026117607306325,1.1054570727195467,0.814530999832745,0.2485275984399632,4,0.048645504816925075,0.034944234454234425,38.28125,98,10.062303350199182,0.5365351594037995,0.8624653679617775,4.689746227467314,0.0027761790642632502,0.00370806388572164,0.005176460152711068,0.0018857321027266247,2.0423760267535753,3.4854494804606633,0.0068597093664270045,4,0.006830427644499275,0.0050282525231520004,28.125,72,0.4505514073671056,0.24817652740701118,0.337585207877115,3.821613984121586,0.03765710525702985,0.13183352166689724,0.1610228901456413,0.06804633503172876,2.3481017162897766,4.339506576147646,6.6376630146189495,2,0.3314277113910948,0.27997551874745585,24.21875,62,569.5098190287265,0.40767668234971566,0.6772486046583021,4.429037937273806,0.06370706080406285,0.03567577201592049,0.0703894321731356,0.034765132275819996,-0.06852724573156352,-0.3809367120184213,1.2683960733840534,8,0.08679814135373032,0.03259959879831,57.421875,147,41.7058185009523,0.32119078775875415,0.45673395564353875,4.206676397492701,0.02307169624764455,0.010658791206604163,0.02673272777933257,0.017310926826367326,0.4122517393455397,-0.5401516595648101,0.1829475160381182,7,0.03952497057285529,0.015176806268935028,42.1875,108,3.7227422375482333,0.6269823678115588,0.9393618475465728,4.982284008530989,0.0510563481877519,0.12501208470013309,0.1581472913102906,0.07054736856969386,1.56623404266456,1.1693423355177126,6.402704831688171,2,0.3702071366458818,0.3299408348673602,23.828125,61,512.0987290192453,0.3810811282003058,0.633543669465099,4.2404241935903535
median_motion_019,median,motion,1,0.01478422818873465,0.01914304007290595,0.02698727779936776,0.01858281090971355,1.4294624396178828,1.5010824520759787,0.18644816973318346,4,0.039470850998845855,0.029010618556261324,37.109375,95,12.008029547831999,0.2834856468878552,0.37795674114867683,3.8922151673246757,0.0040674684508994,0.01597898938004583,0.01817353963798655,0.007803793874862225,4.502360897123485,22.051755439387687,0.08455105100120791,2,0.01771306461527635,0.0136542578414103,27.34375,70,8.365201512839096,1.2697816524135852,1.3220538096386751,6.254767054919537,0.07112422075275371,0.12600383113245478,0.16712773209813248,0.07931403686961687,2.3266577909559825,4.367633790975181,7.150509782083876,4,0.22713261584009095,0.16950836791129528,29.296875,75,520.2562878736596,0.35007065449062535,0.5188609891007477,4.278577094117336,0.05376604221242215,0.028826920501765718,0.05868568498964635,0.038907723979162145,-0.40973398170157627,-0.8587789889585973,0.8816664634122249,5,0.08256796309026182,0.03898999871721944,52.34375,134,27.229923162288888,0.30124325414187886,0.433977201456185,4.069717690020603,0.01807595452221085,0.011579616788023292,0.024418074571738013,0.01718862802091645,0.7394189507430231,-0.4161337686292401,0.15263804564248537,7,0.03744934420084527,0.016398490537358774,42.578125,109,4.393716365905014,0.7169051376136187,1.0549989624801008,5.190485975766126,0.038120491413017446,0.11598947709317703,0.13869103178249143,0.05685938937146634,2.224692433980385,3.667587755583786,4.924211788004364,2,0.26463779199710746,0.22676595732700736,19.140625,49,440.8396127078292,0.7317744283861082,1.0861047510287423,5.201090139701339
median_motion_020,median,motion,1,0.01003254849572085,0.011010245570295082,0.01700355501322513,0.01411409622203795,0.7249750502177458,-0.5002031482877478,0.07401494607047,6,0.023379376246874962,0.012564954174034332,44.921875,115,3.972297748186922,0.5302020076568564,0.9156425583919174,4.597332375864671,0.00581847191223445,0.05270669094663516,0.06004546726062112,0.015042015462536126,2.1030485422882395,2.8751614164660335,0.9229972834678586,2,0.17813439374061504,0.09426812077430764,16.796875,43,91.02934825124025,0.2630759993045675,0.3613072733070256,3.8839264489962786,0.036767581680051994,0.032693695213543705,0.05292016111813176,0.0263169252466391,1.143501214021372,0.6788969326185224,0.7169391239088703,7,0.07068401351668357,0.021130055326967486,33.203125,85,35.02456530238395,0.6951459957114949,1.0890678535895078,5.007459450762845,0.0680638533842419,0.03351739019317251,0.0730657271908625,0.04668593248009038,-0.23305703340651282,-0.8235075742991729,1.3666817254219634,7,0.10275401623358833,0.04101704092444715,53.515625,137,36.8115365176931,0.722503515013679,1.0967555852020547,5.125448688271296,0.0208887850476103,0.0702508622586037,0.08351787085008851,0.023810953867067497,2.518605650061137,4.845076216872634,1.7856600963410085,2,0.1656647800513146,0.14451797975102995,17.1875,44,161.71608999797792,0.30853290816136447,0.40447122108385525,4.202870908632383,0.03569503383457625,0.022975418749070185,0.04006262831725626,0.04095715671729517,0.04934515924866115,-1.2248684745810954,0.41088363204777545,7,0.057557281600280376,0.029348844311571025,53.515625,137,17.297115691747003,0.6550783631163944,1.0020415000012737,5.0110052088740495
median_motion_021,median,motion,1,0.015516625559086599,0.00966290928655405,0.018731286959251067,0.01806735037605695,0.19854649007272115,-1.095312969108605,0.08982044445435111,6,0.027677862371441115,0.014736083767427702,45.703125,117,3.0595833758976743,0.6399533556586408,0.9968617761454105,4.932730357529506,0.00234434460832585,0.05245399835626276,0.05747446282814381,0.007276181077887826,2.35067162016598,3.811722735601527,0.8456483526102231,2,0.17813439374061504,0.04125707811470954,13.671875,35,90.15725432020831,0.7313346149024599,1.1325570735173307,5.045245465630288,0.0239090021951439,0.02430602699045461,0.03718267263693774,0.03438862021251265,0.8261610996454258,-0.03342348541390239,0.35393309297297365,6,0.05445423168208843,0.026472852946816266,45.3125,116,19.35877361557512,0.3511862819829708,0.5740438482190594,4.116677447206886,0.05093576955499475,0.03591597076638005,0.06334661241110685,0.053150382752745716,0.3792319697005213,-0.880245218577381,1.027275085814527,9,0.08380300398528916,0.027709669130821662,44.921875,115,42.26892344601513,0.6499804426530673,1.0308220034714006,4.909535494819263,0.02572963932334905,0.07032594861024553,0.08427588486334986,0.030096328046164997,2.446763750930614,4.642392252816114,1.8182207409921538,3,0.12597892535114164,0.11947645618293747,17.578125,45,162.06191572766764,0.36051083862312355,0.5744424582806172,4.304352241341208,0.0257541372339325,0.02136905107262409,0.03620628641545049,0.03188659517587575,0.39046176822641476,-0.8558807779287023,0.3355891650553945,6,0.05119576445727006,0.027663866089288735,44.140625,113,14.96305417389585,0.3634536077056828,0.48929638541878256,4.3654897275508455
median_motion_022,median,motion,1,0.01587401664403815,0.010496075052657556,0.0198281552312336,0.017471108490778323,0.16451692718736566,-1.049519845179952,0.10064786940771747,5,0.03008136126968596,0.01812451857264164,46.875,120,3.609971432562536,0.3308897517549682,0.4464214880115537,4.10741348438761,0.0022900281598233,0.0026191131817839626,0.0039493246485181,0.003875162340134524,0.6768104466625263,-0.8280329011535099,0.0039928742859245085,6,0.005712942096635233,0.0027877535616435832,39.84375,102,0.22477916681436608,0.5818045448201208,0.9308635256742658,4.863677377195998,0.01874132228170235,0.10707313441922924,0.12390466676449308,0.061974476906306454,2.6619983216593046,5.993391681630058,3.930205810181139,5,0.150898912253765,0.025178502642630718,30.46875,78,375.65440966673077,0.992008195656969,1.272530410289414,5.702043974835746,0.026898789517073148,0.01921653437073109,0.033747620854676606,0.030828418748427008,0.15310698429283434,-1.1859588397965404,0.2915588898178569,8,0.050528687619241126,0.014429952247873716,49.21875,126,12.099992062439084,0.9354864656315338,1.2101567393424684,5.6389431188013965,0.0191082923794047,0.014593105087182043,0.024969671846192643,0.0240325561260246,0.2018173286307389,-1.1388845738672613,0.15961203509927563,7,0.03634843479506882,0.01941251528593061,49.609375,127,6.978189218370467,0.5902826519142935,0.9651196013756107,4.780566225928942,0.022372058603004098,0.020583989429193646,0.0346373541562258,0.02094060169712185,0.7519250207275251,-0.24989640438012906,0.30713505355361603,7,0.049017022420237574,0.02798625369604013,39.84375,102,13.883734173413938,0.6068892224169155,0.9576910102845896,4.937020110099434
median_motion_023,median,motion,1,0.01505954428547985,0.010250982179318482,0.017089724211627032,0.0162783084532593,0.321289315132899,-0.83139113059385,0.07476702044914463,6,0.023452041673018134,0.011879937632398647,51.953125,133,3.4433303502499277,0.5922545896602835,0.9627876401619203,4.779727533093228,0.00260677964949675,0.0021253769469490725,0.003635589096643836,0.0029318654603556,0.8193446397598324,0.1686841111940165,0.0033836820683866994,7,0.0050115957657651715,0.0024853676777604,42.1875,108,0.14802038339350054,0.4393741723711923,0.6312062715945441,4.595379047884348,0.0720404928340979,0.14913971258211814,0.20710252205871443,0.2670383412676356,0.7361873368374853,-0.9883255290499169,10.980212388628557,4,0.32924867266318425,0.22923563498640276,40.234375,103,728.8471059584981,0.33329777679310046,0.541218925294382,4.108479676986366,0.04513928194985075,0.039075038282625,0.06376098472434687,0.06731948362827533,0.42657419018368226,-1.080837875922988,1.0407585722927089,7,0.09101564146718356,0.03120338331109532,46.875,120,50.03159422311335,0.7215571003339557,1.0768222597860801,5.039591698240631,0.01587574291322175,0.013536924965393845,0.02257599540845741,0.022273546477246074,0.3597293947960457,-0.9067955614955605,0.13047694558276868,6,0.036115081328552866,0.019599976343817247,45.703125,117,6.0046055443233035,0.7581873568896588,1.0941489418485064,5.227188885269518,0.01789919657939645,0.02306669765831943,0.033711201219829415,0.03451045928073497,0.8391302767322681,-0.5911744390747562,0.29092994244706,4,0.06004411012424181,0.032521637616445304,33.984375,87,17.434923043292933,0.4299969395767818,0.7375143070981834,4.474813223392544
median_motion_024,median,motion,1,0.01477380734247615,0.008474847356090696,0.016383271130523697,0.014682062432935303,-0.2206228902184551,-1.2341000084405593,0.06871336267168032,9,0.022170287646586122,0.008504498815427955,52.734375,135,2.353496452368259,0.3808415305933838,0.6035532768934483,4.368857230764067,0.00099601724064195,0.0013341592859751335,0.0018834918061747497,0.002249583261788967,0.7728153921764492,-0.45775313104930504,0.0009081705942854198,8,0.002860104332154725,0.00146059319990525,42.96875,110,0.058325758308968995,0.6686359163671359,0.9557106217873418,5.129052309627445,0.0372483673820035,0.1301809879049131,0.17003639884221647,0.17030506291021236,1.1592993497078425,-0.11564460029511281,7.401568494394705,3,0.2920407044580489,0.17348877943109553,32.421875,83,555.3028308992469,0.9211397836098059,1.2159667653205315,5.548679890394544,0.0612567553784724,0.034927217041872294,0.07121878369175688,0.05875356986522692,0.10141888064237298,-1.1387679884199442,1.2984614785365136,6,0.10171316128128234,0.053715156587449,48.4375,124,39.97397720707511,0.44224424092727316,0.6908977860748969,4.598709854495935,0.0145995033946593,0.01211233003428383,0.019851786083893992,0.0217065554953107,0.19670292956093052,-1.2444748822807297,0.1008879131444959,4,0.03263190605280397,0.029875233765182523,46.875,120,4.8072545649412355,0.7842129240063724,1.096669451142094,5.271493492272562,0.03053992118084905,0.022565365754574306,0.03676279563901723,0.031704966194472495,0.5602352911254804,-0.3644579425465255,0.3459848046582129,8,0.047569682599910346,0.02060825898979759,54.296875,139,16.685310485090504,0.40140548370922435,0.6883194289637972,4.362107726903606
median_motion_025,median,motion,1,0.0142174112434545,0.02843899387062727,0.03596703033653965,0.0145699618261752,2.325041137926467,4.334777641763936,0.33116858143476824,4,0.047882297961311174,0.03509840099923865,23.828125,61,26.501959893028122,0.38020744190496086,0.6428982487613247,4.315598585760785,0.00094077103360115,0.001275657293195743,0.0017996607642502393,0.002409362513907175,0.4437260575836258,-1.225139325816093,0.0008291273897937293,7,0.003014520580963314,0.0014242813239459286,44.921875,115,0.05332220540275232,0.851857656608939,1.1594620690940143,5.36415724001725,0.0253174504419226,0.05717502867143446,0.07030805195831952,0.025514255745766923,2.3784564945267346,4.443731396502131,1.265464875564482,2,0.13731476693536832,0.13474158846307024,20.703125,53,107.11788131697537,0.4357056946621039,0.753453733315354,4.466109538378495,0.042918620233764054,0.027196453830572797,0.05419553241341736,0.04400497968239797,0.1925294657826043,-1.1629731798585417,0.7519118677948856,5,0.07842014569338128,0.04268234566655672,43.75,112,24.236391986449206,0.7352114269096421,1.0858867527507283,5.151607640564211,0.008342910532333301,0.011853293762759873,0.016980197976731275,0.016348116970766376,0.8550315085384882,-0.5825270938039657,0.07381174357222116,3,0.032475568953964536,0.028893194868870365,35.15625,90,4.603922774302038,0.34408642609682893,0.5635326899003654,4.194656905458123,0.03127892565818935,0.020960648593140185,0.03585357117435502,0.027922076923338,0.6151310238320279,0.14597426610522302,0.3290825128843625,10,0.044612743370640834,0.014183388820493309,57.8125,148,14.396526753864128,0.5279013763067961,0.896414906662793,4.621875306293086
median_motion_026,median,motion,1,0.01301540456624755,0.03477920894254412,0.0424898963015657,0.016125145407666526,2.51455273060544,6.521815246514702,0.4621801696557585,2,0.07287009687234845,0.063383274702348,21.484375,55,39.63046014588736,1.2476179298507475,1.3194016131627473,6.218356746417544,0.0024054384014066,0.0018443006934743163,0.0030117246179056497,0.002345424829067625,0.5957246779951705,-0.12948454990045422,0.0023220442045693264,9,0.003901330902397989,0.0017037907533524223,51.953125,133,0.11145824551748579,0.5017612758446227,0.8840897493125016,4.506034085262618,0.0325278377205988,0.06575680368723379,0.08711006357639985,0.07933861702817983,1.2412047176130963,0.38202637548887175,1.9425697731288123,4,0.15440528380010426,0.10413961203638625,34.765625,89,141.6848680705537,0.7762941708675821,1.145362630728778,5.160574691238978,0.0419929384218068,0.030315224520035298,0.053839030719727114,0.045959384166070275,0.32649357946631263,-0.67683720179327,0.7420521545829684,4,0.07429568231951655,0.023951856637642675,46.09375,118,30.11331247469301,0.9537528489792589,1.2451435979059995,5.535765395214583,0.0068751451437308,0.01096801042110116,0.014960129488535808,0.013600079200558475,1.0105602453918363,-0.3599819464505951,0.05729420142432222,4,0.021490788844993423,0.01263510944395825,31.25,80,3.941885723977169,0.5462715885813152,0.887921251519158,4.750900657196334,0.0211359508514406,0.01491886856180956,0.02643208973686457,0.026983207294472997,0.028446046092909728,-1.1793663451182326,0.17885577417156132,8,0.038886343879400515,0.014130135355768413,49.21875,126,7.293222908975392,0.575958434938934,0.9194885708194857,4.81352641088941
median_motion_027,median,motion,1,0.0184196331631028,0.0675561134312086,0.07986490279912818,0.026073084448726004,2.2074327347509497,3.690488158971416,1.6328710909732334,2,0.16939169015017153,0.16918189350731216,22.265625,57,149.54744498294951,0.37534469607059495,0.6242725332535217,4.30961586370134,0.0029137670823064,0.0687838068536284,0.07419144465672854,0.005671273655464925,2.5948713584676883,4.997819719603493,1.4091188378246178,1,0.2503976184992307,0.2503976184992307,12.890625,33,155.0323566339468,0.2739738564570213,0.3417305273988433,4.004145019927074,0.0388949730331494,0.1278672863344142,0.15413508599535014,0.0725063537767728,2.219957846804107,3.8124050398280147,6.081951932107259,4,0.219564944284179,0.18122380735063431,23.4375,60,535.757647183503,0.40488781567566556,0.6789084094731392,4.376357327342735,0.031950998186603546,0.037655201857961,0.055478730257667565,0.0620037868683473,0.7210658134458473,-0.4976196012913605,0.7879397148167779,2,0.09839576250800745,0.09839576250800745,43.75,112,46.46212053634071,0.41847712778860946,0.785016110349805,4.188382458860153,0.00573622722306005,0.011269074694528397,0.015122558228014045,0.018389620103052475,0.8730661589163332,-0.6828979346165296,0.058545092444076866,4,0.0214520981277451,0.0197285970938493,35.15625,90,4.161167192468531,0.8392279851088306,1.1551746786060397,5.401394299369289,0.03106790244531915,0.02191572259664801,0.038126567188715973,0.0243762026643429,0.4900524820893225,-0.1931619903079258,0.3721305921524924,9,0.052506138258257215,0.022909231389461247,49.21875,126,15.738169158956271,0.7741311945216939,1.0743866973664102,5.381599170005259
median_motion_028,median,motion,1,0.02104266943660755,0.06539078590199851,0.07939618821349878,0.06182742463644904,2.184322258137135,3.9621304322763544,1.6137612039253308,3,0.13654890675782663,0.058251841870861014,29.6875,76,140.10925148825999,0.9274724206855792,1.2243351393135848,5.558808986275486,0.0018821642493429,0.06898546930266998,0.07416304415354784,0.0031745596464715,2.5943478602493526,4.993217072608549,1.408040222238998,1,0.2503976184992307,0.2469118883204419,12.890625,33,155.94274716679757,0.2670429255501339,0.30874099761333856,3.9754845769802727,0.0391535981933201,0.1472884682875578,0.18271628764140443,0.06035885334956665,1.533828420569862,0.7510542366267154,8.546621892980848,2,0.42417327229966173,0.3110146723579113,22.65625,58,710.8612775365193,0.6537033797312735,0.9799190607341256,4.770938207882648,0.02618861547591895,0.03465949430915955,0.048543675814798,0.058933709485085556,0.9749007612433611,0.21046149149863203,0.6032610461727244,4,0.07726645729787852,0.0413349833613022,44.140625,113,39.362461433890545,0.8839689522882884,1.200152561048014,5.406761464726099,0.009872739076569749,0.010796186708993133,0.016846845783898005,0.019054807209147977,0.4354709006173888,-1.0016306623015987,0.07265695049380916,5,0.028872992708348838,0.014664115121291222,43.75,112,3.8193245521939208,0.6635287997970295,1.0110601971863797,5.055536735936622,0.01898529578873745,0.025100020455838847,0.03768627912708743,0.038534002283214255,0.6888805556868132,-0.7043030158590451,0.3635854424178548,6,0.05836566460940479,0.03337210048280217,41.015625,105,20.644177765260913,0.39714978545589397,0.5936264039245669,4.491670356687729
median_motion_029,median,motion,1,0.016152130992915598,0.01865191610074852,0.026103985371922406,0.0190194716012441,1.4936564890002562,1.750346637870968,0.17444302138816997,5,0.03242349517489278,0.02295751872530436,42.578125,109,11.399756649890275,0.45784500326521477,0.8186579902376913,4.4362578877496865,0.0012159879116614499,0.0978336518384301,0.10251630427417388,0.002711909657862391,3.1567344917100257,8.151906104091019,2.690455716360961,0,0.0,0.0,8.984375,23,313.6177134449039,1.0087523965063678,1.2752196741824369,5.753960471261336,0.06955395745244175,0.11299883861684731,0.15812774418244385,0.17990084227126746,0.8878844311287383,-0.5026448077555439,6.401122170938471,3,0.2911162408319822,0.24569550542030139,37.5,96,418.4029908023,0.6505397309749454,0.9873244345912822,4.94282683905371,0.0305830405836954,0.03157062709977395,0.047033288948509305,0.046320194141035505,0.705614286274095,-0.35977509978679967,0.5663053489443757,7,0.0698189116136005,0.02667241569017193,47.265625,121,32.65957946392375,0.7622590132627819,1.092928998066282,5.1799522630867525,0.0111242899152642,0.01223893430620263,0.019813929496844653,0.017385722518060726,0.8698390482232521,0.20076323459788226,0.10050350133911823,6,0.02993267116650918,0.007943246686383866,43.75,112,4.908344534490683,0.5728037453279154,0.9418241353949449,4.782592121786482,0.0233480043819629,0.01995178679832819,0.03474289477088462,0.02703381491350182,0.6522911562055255,-0.518079706792967,0.3090095966875551,5,0.051083116803565,0.02064333425967692,43.359375,111,13.043952806541448,0.6635907814932797,1.0432936773523136,4.9491726503943845
median_motion_030,median,motion,1,0.01562290162389305,0.10510788391564055,0.1161126624034065,0.020722766148426226,2.6116178547586646,5.114762929070412,3.4514304948243066,1,0.3861080795494782,0.37599240882771245,12.109375,31,362.009960738346,0.28414870216931115,0.3248162117541356,4.06489753493488,0.0030869049476735,0.11189504641296809,0.1264176583999122,0.027920159833816,2.024518649135297,2.820518684258948,4.091244634961125,2,0.27925894663533185,0.2736458794422663,23.046875,59,410.271786406367,0.2886685574055889,0.35306203868125,4.018510487719595,0.18854962042969048,0.12701988306078563,0.20411403865118924,0.22338065601943874,0.2841041335045441,-0.9001447651918761,10.665610438271788,7,0.3027622974791363,0.17111450754912197,53.125,136,528.6805634800994,0.33106461176310864,0.4030771683585538,4.180622727258582,0.03794919770303195,0.028191936684590864,0.04948381996824162,0.03297299748780818,0.5694467182151,0.021113712898500392,0.6268540002942331,7,0.07160291632429318,0.022746678524997628,47.265625,121,26.04351957952158,0.3473928954398164,0.5074091645100104,4.175077509072377,0.0122258404672063,0.013858409758041576,0.021246019564300916,0.016335794634577724,1.203879331189635,0.8154645727240184,0.11555669691562429,6,0.03176021595944326,0.013531610926716732,40.625,104,6.293275203209282,0.28282212999264655,0.40015967711792466,3.9560029805593784,0.0363126312869063,0.19250537825303093,0.21713816092052518,0.04207615730752764,2.588558623274377,5.030472764216592,12.07013911755466,1,0.7168967138206239,0.7076965405221398,12.5,32,1214.3270462060182,0.28842388563558813,0.339931836125346,4.096304194320458
median_motion_031,median,motion,1,0.02376496150364895,0.10393012716751306,0.12097491528009031,0.07027506575701557,2.348699473651549,4.262970063452363,3.7465421125184077,3,0.18604867770929387,0.18273085573032657,30.078125,77,353.94259334721465,0.3085368307065031,0.4010122765334454,4.143654091404537,0.0060975381961355,0.06650222007937964,0.07483664425049462,0.0242146479230308,3.0382113502253705,10.195641884567546,1.4337339706048227,2,0.10252935907353075,0.10099827962526214,20.703125,53,144.89929154608578,1.2004313110597769,1.2980863441758401,6.173279798382772,0.09704039686823096,0.12875746015317943,0.1859448447426971,0.21848252598047607,0.7277956569534018,-0.6071573051229584,8.851324233314747,6,0.3118696541447586,0.0878865118339396,39.453125,101,543.2436350794852,0.3492309494053254,0.5294682583866724,4.232767699328281,0.0402900447233865,0.08376742996542692,0.10795856734138433,0.037449100510672906,2.388882933687196,4.472105664312584,2.983693379175479,3,0.16282060543646754,0.11159027414803875,21.484375,55,229.93247530865278,0.2741651931635019,0.3566240145387991,3.961281909103931,0.01400415426728955,0.011199088073494554,0.01972035844848199,0.012902306026161374,1.4005180176156204,2.375923671652738,0.09955648955817345,6,0.028756448782532296,0.013053721811592886,40.234375,103,4.109550288502087,0.9691950798961945,1.2322971399149634,5.672632774885173,0.0335570209972349,0.19390305554721954,0.21798189054378778,0.05751734801449953,2.5362173934575245,4.852634014809928,12.164122778891231,2,0.4165132759402063,0.35182259336831007,17.96875,46,1232.0240121846236,0.3237180690979207,0.4760277583713286,4.206757957164176
median_motion_032,median,motion,1,0.0125292092550435,0.035467130656780144,0.04717189239095674,0.06947575156054057,0.7931553307547382,-1.0356705911968445,0.5696479825264645,4,0.09276500459482073,0.06612557194779199,33.984375,87,41.21942054834373,0.3531959650492835,0.5451345346330517,4.2409358989275905,0.005048936871222751,0.008957704543509682,0.012085699702807587,0.004328196194388625,2.2449158340287685,3.893325943945513,0.03739241915044951,2,0.02440573413670725,0.0230627586714747,22.265625,57,2.6293164318895608,0.4327230219993475,0.7279075921298821,4.454746748464537,0.08902456801969935,0.17314987335811957,0.22446508747854443,0.1796796896134847,1.767562414310656,2.404470776760097,12.898451327168155,4,0.31909903714019994,0.25124538167295446,33.59375,86,982.4134295721158,0.2845129442561176,0.3170134125058186,4.029949156188074,0.049062650174567,0.08220588964119072,0.1134733432596612,0.0504666527322227,2.194261940408384,3.8674779526179384,3.2963071054143738,3,0.17898059675461278,0.15846082790044982,29.296875,75,221.43984079311747,0.30982023733308933,0.4647567725573094,4.0467618088705475,0.0096516839501552,0.011262127684264068,0.017880240988719015,0.014647292675141973,0.899507359955084,-0.23228035560105242,0.0818439725605549,6,0.02826996649019188,0.0157283324405306,39.453125,101,4.156064017030892,0.8261093208360808,1.1353461837717047,5.378620448602011,0.03003531350795155,0.027683463293331687,0.04312525686967413,0.034236905916367535,1.1831424926429084,1.4639667705577795,0.4761056716992963,6,0.06037365364513444,0.04623258479352452,43.75,112,25.112532151314156,0.3620718856797985,0.5646158699469405,4.1891653887351366
median_motion_033,median,motion,1,0.0089068964681497,0.02708147209927045,0.03222766447959951,0.015481063450539,2.3141305354910933,4.068872567752875,0.2658873235992678,4,0.06033730512302717,0.0334354238211771,24.21875,62,24.03225188682118,0.28412124600194216,0.363003211758459,4.040971981974671,0.0037726417317390498,0.0028210421738772704,0.005444201220098069,0.003759202484541325,0.6523800460219285,0.050886502541667156,0.00758766769277883,4,0.009177136572760125,0.00699811466784735,42.1875,108,0.2607764689049915,0.4831899422978846,0.7655696724981024,4.707953364069656,0.05220760072921295,0.17826231519296926,0.22603054473143785,0.1950942548444551,1.6687062335535612,1.986375041321634,13.078990630807176,4,0.32336884410211914,0.18940802792224615,37.109375,95,1041.2835441690586,0.29952672187450285,0.386778409817518,4.127218188512366,0.05283837806634595,0.029155765895008737,0.06455052339507039,0.046774724445207715,0.1208996680848411,-1.1360345720477687,1.0666931380678475,4,0.09930208770815616,0.0583625527041724,44.53125,114,27.854721733106885,0.33380950583778757,0.4317678994622767,4.229013020467052,0.0110583720727822,0.011533736283957917,0.017946484659747325,0.015415514188345275,0.8466464115652198,-0.2651782674310379,0.0824515357804918,8,0.027490476645155977,0.013043710476951235,41.40625,106,4.359030520163351,0.34576334086357813,0.4442945742450754,4.2486229955625845,0.0282496457822767,0.01676473760105481,0.031606243330391144,0.020326590230273948,0.21559939366177816,-0.4024023637070564,0.2557323820697331,9,0.04183447914991307,0.0224108131311158,53.125,136,9.209026963556791,1.070406925721076,1.2843297218939649,5.839038699348162
median_motion_034,median,motion,1,0.0115620758799679,0.09947205096094495,0.1089622152833912,0.012653826452492026,2.63526462509123,5.208336212664433,3.039427676022807,1,0.3668253065274723,0.3666387672894767,12.109375,31,324.229163248581,0.29165646133593914,0.36855928563266965,4.089871732752157,0.00178908424638335,0.0022730971980884796,0.0033515770291855903,0.00256611740747465,1.2108840635835678,0.8137156362511835,0.002875665557136514,3,0.0054663975349350325,0.0026582561508159998,37.5,96,0.169309275002045,0.6966123065910583,1.0969858476579395,4.944878310389578,0.022963398519299003,0.07551895632550437,0.09280785529832644,0.04643784910592357,1.8901187934005128,2.531051442516687,2.205004289299225,4,0.14762607630149613,0.11669247951526737,24.609375,63,186.8795937390493,0.3193399907173383,0.414715687374787,4.164116839504928,0.052140477586464645,0.029979713905589248,0.06076885261813556,0.047950318370354156,-0.0036236154809088325,-1.1623986238715396,0.9453704828223184,5,0.0917075384925253,0.03227140034896222,48.046875,123,29.450897201874767,0.7565411142074554,1.1133061503041775,5.14506157461096,0.0131855915331402,0.008975506257139443,0.01563489096621573,0.014257794881915226,0.3986080919940488,-0.5653236607031196,0.0625791527745163,10,0.023037435848517678,0.01090567953924713,50.78125,130,2.6397094823764333,0.8948490013352697,1.1682441929187355,5.5101104279227355,0.0210856306186524,0.013412088822005157,0.023145296594710586,0.02488821243837077,-0.03231522478006828,-1.2399219295616726,0.13714041714102307,9,0.03443641663533811,0.018276226944353158,53.90625,138,5.894318717355097,0.8092640401862353,1.1015967306034113,5.392979962910141
median_motion_035,median,motion,1,0.007458232419803449,0.1004781529748076,0.108768612561633,0.015275684784536676,2.6295746753716562,5.181456821817907,3.028636436117153,1,0.3668253065274723,0.3605503486107323,12.109375,31,330.8211069846227,0.2969977787837441,0.3970277740839874,4.091474595433193,0.0011101428108805,0.001014519159835583,0.001497074281418701,0.0019291681043226501,0.2901947984268585,-1.351796222741109,0.0005737552394458419,8,0.002264974042334,0.0011284647867194875,50.390625,129,0.03372643036391972,0.41511239980715126,0.5733045258588889,4.451535004953519,0.0115905505155879,0.04452558685155181,0.05250689203423766,0.028389663282411173,2.586195639099446,7.3739992036352575,0.7057852700403432,4,0.08301022750511318,0.048540622917889076,27.34375,70,64.95429653953205,1.2360017940796477,1.311160695790395,6.214222163851201,0.0500959604628389,0.031022453812806217,0.0627869893692854,0.043432014195665364,0.012767327278604995,-0.898267126667839,1.009204744719042,7,0.08864365244382412,0.0329093541427344,47.265625,121,31.535615632739297,0.4676034037821591,0.7872457354828666,4.527759213582951,0.0084720589486981,0.0076740993093593335,0.012236666139179234,0.01031219858259465,0.6541221303443456,-0.3643036599470828,0.038332415539644324,9,0.017461177220294645,0.009426163954247944,44.921875,115,1.9297412188353555,0.7108064782369415,1.0217963528676424,5.20516255141862,0.006864770584671101,0.014044533801374113,0.018983756747871727,0.024637204502306522,0.8187737101268531,-0.7248824527355753,0.09225805318716554,6,0.02991219703054793,0.021677753056166302,37.109375,95,6.46344761484135,0.4496054322019702,0.7127796546977406,4.497936848448613
median_motion_036,median,motion,1,0.0060323199877193,0.047989785076249285,0.05375366915917394,0.0158824904378961,2.473013737409073,4.682413446094527,0.7397009787069255,2,0.10806192475892179,0.1022463540932053,22.265625,57,75.46534204679355,0.2888759632439121,0.35525775565267936,4.082348067577136,0.00227962312136575,0.012081722583471205,0.013893836672263318,0.003924496341513925,2.0033766373100717,2.522127921300995,0.04941790655373542,1,0.044040627533438,0.0437150117324037,18.359375,47,4.783080087774963,0.2545888946094519,0.33031702792414575,3.85385617399886,0.0166047691819306,0.05461326092995044,0.06627104033242684,0.043817870246473024,1.9337097687963205,2.6918260170465924,1.1243138014059892,3,0.11654891275493429,0.07234609497848807,28.90625,74,97.73410751644032,0.2671295573366319,0.3420922399872147,3.912395845172955,0.0512191683587342,0.03737233110921121,0.06377610581940894,0.0707727304660121,-0.03216124627694233,-1.2422674334228734,1.0412522684130423,7,0.0902921020909517,0.036185647427432084,49.609375,127,45.76649580947654,0.588936679305951,0.9821801579264583,4.745919077633268,0.0118963913629897,0.012337751131566403,0.01960265464402321,0.013707335983515152,0.7841542463158188,-0.37824563810212286,0.09837160168776825,7,0.02797119159100773,0.006356853308545773,39.0625,100,4.987897518600274,0.730695213514811,1.1057675084785594,5.025160352826419,0.0133745681889308,0.02130620145701868,0.02991579958197138,0.03748290396939325,0.6926413578534726,-0.6805042615834664,0.2291084965449418,6,0.05018987112791649,0.025895614354191895,43.359375,111,14.875154864667808,0.4036155156268061,0.7158823642061567,4.233966186073421
median_motion_037,median,motion,1,0.0084025056593917,0.04757048119379331,0.053838853060649526,0.0146116614758992,2.4871253473255037,4.739600694634137,0.74204725731487,2,0.10806192475892179,0.1072024548596548,21.484375,55,74.15236567472992,0.29585485655687743,0.3873134006854198,4.09726319253691,0.0020735235559736,0.018530330167846863,0.022292828975829106,0.022907540556029577,1.3982917695882489,0.4700077506023228,0.12722437727886482,2,0.051534099701060446,0.05139574434620195,28.125,72,11.251650923694944,0.28825722763915546,0.32090577966480693,3.9762436568069246,0.031942376688647994,0.09389985193360637,0.11904580973585756,0.08133521694077611,1.8487561316578571,2.795151955073351,3.6280076328104958,4,0.12462571192452743,0.07868825566682808,33.203125,85,288.9036353419174,1.0373732575379342,1.2787754508589466,5.78136672742456,0.0415136534298391,0.0415350171942302,0.06558643101502322,0.09015303388787468,0.12340924006218039,-1.4861679428748418,1.1012044629218303,5,0.09740712332792181,0.042086173483663114,46.875,120,56.52938064897402,0.6682030179806917,1.0539202455106875,4.833750437358937,0.01457477871733625,0.012145120233375,0.021008788205687502,0.019303129539113225,0.5280090604081714,-0.670036713939437,0.1129905105590872,8,0.02854132491646939,0.006558839111661675,41.015625,105,4.833361547061468,0.7281742893308183,1.1150085458746994,4.9721857704310075,0.010195490721722551,0.020348048256937586,0.02789550104646979,0.03057389510698028,1.0206537233904005,0.00409905667979471,0.19920869853020085,8,0.0401132190422622,0.0170120579230904,42.1875,108,13.567359231817973,0.3975488639049404,0.6975401014395326,4.246893180370144
median_motion_038,median,motion,1,0.0040555661977559,0.0079553224711304,0.010589723971253167,0.012194794889222874,1.0854992961064716,0.37290625904276054,0.02870841696955749,5,0.01468842755384532,0.006273558023875761,43.359375,111,2.0737517707261626,0.799130623496759,1.1406302464883487,5.234120090692324,0.00275863303851275,0.021089380339759867,0.02580725474715412,0.026650893166584026,1.7091079040508763,2.9210438088087916,0.17049968578163427,2,0.049474254579574994,0.044469230641484545,31.640625,81,14.572200868032077,1.230484150151566,1.3271644195196999,6.148570080145724,0.041760022598253954,0.09805145224814575,0.12270420371227374,0.06215017397370377,2.151611072822188,3.525504863227585,3.854418331817772,4,0.17927788993493965,0.12179517147299432,25.78125,66,315.0324039988027,0.5850090946262532,0.9695813165570203,4.745594506826356,0.07523051909095241,0.04901256328809371,0.08761805545387306,0.07869457329421375,0.22632999806347687,-0.8097880938954232,1.9652924522286017,5,0.11906401905064397,0.06976855355839959,51.171875,131,78.71612729036735,0.4861411437000467,0.8248066924631577,4.482303697577647,0.00903538756172425,0.010020459581079411,0.015355676338753666,0.015421118189900399,0.6421970610764415,-0.8090269794143268,0.06036397973006316,7,0.022470852134104713,0.007263582330501843,46.484375,119,3.290210024064612,0.6259224144031411,0.9795408773793738,4.838459482387611,0.018766787589607647,0.02651250039000482,0.03868030653720156,0.04837184612824487,0.5242406526224074,-1.1627239374777396,0.3830185251358407,5,0.06806053860766223,0.01926571755678546,42.1875,108,23.032981496416156,0.5429445496935662,0.949666686581886,4.471913163282353
median_motion_039,median,motion,1,0.0040598184535708005,0.010986831576366398,0.01400629699313475,0.012613754469911025,1.3308863334923244,0.7729025411718302,0.05022114699773325,5,0.019313964164426,0.013587070442950138,37.109375,95,3.9554406082002407,0.30922330413676263,0.47642492761240884,3.9996289442317634,0.0190431214237215,0.10173220833711796,0.11794454214377068,0.03501236337357187,2.2401801789435547,3.7820060468452077,3.5611942455049466,2,0.25306068738313764,0.11118767774939045,21.09375,54,339.12242175261036,0.8305187352661711,1.1534293001176754,5.398456431391129,0.02922590687798735,0.06424937704865807,0.0812363970993795,0.04244850909448685,3.119535644242959,11.601178492914906,1.6894341667041475,5,0.15359823353747143,0.04278071754989998,33.984375,87,135.24993878772045,1.1962082658292614,1.303423424880462,6.103679319359914,0.0584339332303976,0.05067158512596465,0.07837074421066047,0.08005877420109496,0.6355839871598745,-0.4738242719764636,1.5723452283219896,5,0.10589401218619736,0.04879106866324544,49.21875,126,84.1353465868414,0.3908539051591076,0.6935968067248229,4.257814819465551,0.01207012205195525,0.009518912865617924,0.0152417331108487,0.016955231024430476,0.35995462715730786,-1.000079457660341,0.059471469624919455,7,0.022941222376953885,0.01217709738126273,50.390625,129,2.9690891368726176,0.5423864614485633,0.8541467119246416,4.765415951068722,0.03683836437955925,0.025279493862950957,0.041868782710345,0.04517041757637717,0.0907737139039363,-1.1486038211134972,0.4487667112053976,7,0.06275037195280002,0.028193546884871058,55.859375,143,20.94047629644504,0.3593794510816205,0.6378516372380837,4.080967458458308
median_motion_040,median,motion,1,0.0057656795891813,0.011282591443914707,0.015105355518922663,0.016329929677729577,1.1596877774873775,0.31864246131217433,0.05841197193038011,4,0.03002072711748008,0.005530622534894023,33.203125,85,4.171260228468033,0.40927607611044925,0.7293668641664548,4.266520747331741,0.0247617666116494,0.10980803759963471,0.13691403797383633,0.12568094986915304,1.4436864055526262,0.9524446116082297,4.7988361713410805,3,0.24506668957958966,0.18022810758889177,33.59375,86,395.1084200336917,0.549271180827746,0.9114493911860837,4.689943130737015,0.0247374052660141,0.050085869938125235,0.06792203770975447,0.0340760043262599,1.423972971371695,0.7163441821021292,1.1810312209011988,2,0.16439263756997174,0.09537468447403351,27.34375,70,82.20009592562872,0.7897342653250359,1.1562102146904345,5.191453808972875,0.0683265745782128,0.04827442170060867,0.08491211774997669,0.08151543068870344,0.15272128007092825,-1.0529272993727576,1.8457773416411922,7,0.12338653319758361,0.030328390340383458,48.828125,125,76.36303965234528,0.46089670454300574,0.8377850797156656,4.343737913202657,0.00367412775404865,0.00715610305749051,0.009652107130128837,0.012219952026878301,0.7331979463858219,-0.8526466915653024,0.023849772045179882,6,0.01677821100028055,0.008672376482053932,41.40625,106,1.6780354784264806,0.5449495619072476,0.8383607539061777,4.8179341473431165,0.0192827332053278,0.02058220206527824,0.03022334024765163,0.0345405602224621,0.7057088970510028,-0.43356353834340533,0.23384327570568164,6,0.049574090642151264,0.03003806861454385,45.703125,117,13.88127690447167,0.6958419181190773,1.0376981906249747,5.101981688276476
median_motion_041,median,motion,1,0.01543865279658805,0.011033123496747708,0.018091643203661103,0.01891197534271985,0.18975774924184208,-1.19923720642988,0.0837907337749957,7,0.02781331207471464,0.0120309556338726,51.953125,133,3.988840878140269,0.3692112696176886,0.6390966847155457,4.1837394952096485,0.00386563622001365,0.06422203256695595,0.07305988624604225,0.025002358727135396,2.069753306859659,2.845295527260144,1.3664632264408658,2,0.13881312459375794,0.0786563935067128,23.046875,59,135.14523354764185,0.9948024251857132,1.3052821408055422,5.535348237960721,0.03286837924641885,0.05529228665451329,0.08650089703426665,0.09855638255188064,0.8243824090613865,-0.955435859159337,1.915495728059597,3,0.16115361393556418,0.10682287284251335,35.15625,90,100.17954072914709,0.26098552315212314,0.3119732858388204,3.785029341312323,0.0644498804486971,0.04660738812025085,0.08694916545835289,0.07483842193764981,0.16656574432465077,-1.1434228205421921,1.935400287719431,6,0.13619668572914237,0.03658502263282474,45.703125,117,71.18005941278538,0.4922679682858433,0.878102340212665,4.486491865388016,0.00495479628576835,0.007970681913804038,0.010844791352674835,0.014421731158260375,0.6431346254726584,-0.9875861722746655,0.030108031867661023,7,0.019537604285887345,0.00840960012829097,43.359375,111,2.0818035735325995,0.5410418197820105,0.8533947357293844,4.706361415024915,0.0255811952761565,0.023036143850487557,0.037334030798479086,0.03679088009412723,0.5452623034104408,-0.9022556329941009,0.35682044304941696,5,0.060751381019773544,0.0397406271512563,39.84375,102,17.388556142392126,0.7147635824853511,1.0564139969874862,5.200899981204353
median_motion_042,median,motion,1,0.01170838023763215,0.02989733205899324,0.036057349078203654,0.015283124052839502,3.346322993534155,11.07212229423374,0.33283390017214304,4,0.02885703333527085,0.0101403541938418,31.25,80,29.287997451408714,0.9813555533959079,1.2548193574572637,5.721111100061091,0.0029368739928523,0.012966313076667449,0.014809194296806407,0.002281334360395175,2.632781068095631,5.2469371166812895,0.05614393234446423,2,0.048554347288603805,0.02432216467536265,11.71875,30,5.509128640601095,0.3076825839050836,0.40613071415090984,4.162905168072041,0.034915868394797045,0.11357453342680227,0.14798739380616185,0.10842488996587957,1.5683620872572432,1.3233297339821402,5.606468793738248,3,0.23480820573996608,0.17685143216768537,35.15625,90,422.6667563675052,0.8744014940520733,1.180011730902051,5.538857109773228,0.03586817263015035,0.03141538694422812,0.05248597353667929,0.043557215560622455,0.5318929430667122,-0.7554511412701403,0.7052230190318076,4,0.07300458838154893,0.05663031486429612,42.578125,109,32.33928584744055,0.6441401045850306,0.9945889255332118,5.007210555370966,0.014730017796212951,0.008486194088501637,0.016072693571376865,0.0120110362746586,0.15234149094424532,0.2505803224906149,0.06613285853168108,10,0.02045619236930903,0.0074098121411322,56.640625,145,2.3596856140614166,0.9596311075001958,1.2310469220962297,5.686752706296108,0.0258025233394312,0.020800267996546825,0.03478137619109238,0.031035958050131894,0.5468789126983566,-0.5777284364939104,0.30969449721504977,6,0.04877846479411075,0.030110113383370232,44.140625,113,14.177112792662655,0.27987009414667763,0.3314949412308565,3.9809210606806813
median_motion_043,median,motion,1,0.01139026240670235,0.04546611449728478,0.05642038836034213,0.014322537065324102,1.6075537279994232,1.0722031303403918,0.8149146170193484,3,0.12142555865308517,0.08522170806473134,23.046875,59,67.73682925707465,0.4577278632634189,0.7484302003636512,4.487009951414009,0.00444579793852745,0.09322865689449578,0.10415684750106341,0.0405875091490116,2.4451843497042387,4.505971083137094,2.7772541136281035,3,0.15139293562839531,0.11846579880719883,24.609375,63,284.80577318879455,0.2753261368432947,0.32491722056227645,4.050727133046177,0.13732563406053255,0.24016632570332294,0.339728132205342,0.3576496337009861,0.958802416248026,0.003502419852708716,29.546292175802957,3,0.5579294690116777,0.3916835734835277,43.359375,111,1889.9983718900974,0.8687089930519872,1.197940755796837,5.468107169006206,0.07152296930168806,0.21909158306342916,0.25845224157929486,0.0667771422589177,2.4747153228289402,4.641332896719496,17.100175661404723,1,0.8398962416263113,0.8395825656091682,14.0625,36,1572.9005150818227,0.3047985747714756,0.4856361110279906,4.0825438972397885,0.0189372457111133,0.009213534199432674,0.020671824631389897,0.008929829839864775,0.25010337833366414,0.2091674118684148,0.10939502939928013,9,0.025999169041650647,0.012265242448744143,51.5625,132,2.7816465946923903,0.4396177224480893,0.6246511991985108,4.579732138373046,0.02751465296943645,0.0217592851181709,0.03659463803702382,0.03259201376768935,0.444848619962748,-0.7916156137708201,0.3428268884635624,7,0.053648443742070555,0.019212159236362554,45.703125,117,15.5145426233191,0.34205584156430585,0.5275405526992085,4.141270644492494
median_motion_044,median,motion,1,0.021155802348394502,0.05361060235180228,0.07139844091307805,0.05958575337872818,1.331052845157671,0.33381199999614175,1.3050207653934844,4,0.1365198137391025,0.07006419276060888,27.34375,70,94.17640028501143,0.7902844686641997,1.114628892041491,5.3482143403494575,0.0535497293685321,0.09891214971259679,0.12924388073474527,0.08073238127389169,1.4303428223777097,0.8363436227049723,4.276219061088527,3,0.22086298019066794,0.19003695767997456,30.859375,79,320.5894310380469,0.3079838799283204,0.40297172996916614,4.034913843960777,0.3420502487638996,0.2618411261968914,0.43293187538704486,0.5303380337081444,0.36482000009760346,-1.2668740591994034,47.9820822338928,6,0.6712058472476251,0.30729360477690776,48.4375,124,2246.5954281589557,0.4736359231126236,0.777863986035411,4.475007418941371,0.07688603358061344,0.2583721487134512,0.3260978600446186,0.0976542782763326,1.4708027405076003,0.5260750712210265,27.22299246737399,2,0.7556785847672708,0.6833482896336782,23.828125,61,2187.4660119186733,0.3004138736048833,0.4054533541607369,3.9672160137435695,0.0201026180054309,0.008751285968923444,0.021175814490338132,0.011232663842757127,-0.057942845908804066,0.045765387159080184,0.1147942705482789,11,0.024538887816827115,0.008497973543560145,55.078125,141,2.5094858523800445,0.8076922553287874,1.1041406933416267,5.415422171133369,0.03898137248787765,0.0340446900271307,0.05655574486800741,0.06040396621323921,0.2825004092395698,-1.2032916590601035,0.8188293830592375,7,0.08693110199177911,0.03662921769452376,47.265625,121,37.979445589899626,0.3631965417172083,0.6272198211166727,4.222329892373197
median_motion_045,median,motion,1,0.031443324174734846,0.05631249428593315,0.0775121103337718,0.021419825367262724,1.399178769853781,0.2681314393148355,1.5380805755890723,2,0.17852638129854825,0.15083462830176148,22.65625,58,103.91050667003367,0.3360037412611713,0.41039946085060824,4.133472632072694,0.031173501336846897,0.13008007411973424,0.15814727135746817,0.0860922662423646,1.7880440197306506,2.1063572417128427,6.4027032160800434,3,0.26195822182136747,0.23106599250646712,26.953125,69,554.4613570107862,0.35896524521909406,0.591313280922624,4.238391356241035,0.1589798936545469,0.2377213848419898,0.3529408686818428,0.40402537881985284,0.720616252639755,-1.0001145724782972,31.88921773718882,5,0.6692497053776673,0.2507182830564469,37.109375,95,1851.719423067394,0.8266089284781133,1.152845251865653,5.436632437214522,0.03760810593429205,0.17847666551816369,0.20445574175750966,0.054063717796116545,2.5292501504835667,4.838432773505058,10.701350486429051,1,0.6714609279082303,0.6714609279082303,12.5,32,1043.7891486441579,0.30751172068854044,0.4452302611150353,4.134605405804372,0.020765003635058052,0.009966413094307505,0.02164291596214982,0.013488474589119176,-0.2468720044160502,-0.7918120162993807,0.11991444770423795,11,0.028700992814901728,0.009807234297580857,55.46875,142,3.254762478945457,0.7669125840534436,1.0966706802998893,5.270316663308869,0.06122193790399575,0.03628602821408748,0.06037600460614598,0.06812638173239455,-0.08067416021749445,-1.4247893306401807,0.9331870546435483,7,0.0884918779673423,0.029503878290005812,57.421875,147,43.14462969268077,0.5618113409453359,0.9620920851787916,4.6635200922590965
median_motion_046,median,motion,1,0.0329188613361224,0.0627708587395315,0.08555904434462111,0.020395489898704124,1.4744367765861393,0.6060674261935386,1.8740096177061996,2,0.1942468239442547,0.18500074750055295,23.046875,59,129.1118352822384,0.31032779312681735,0.40821893590888503,4.011630328173165,0.004577413187671,0.12812417286385144,0.13815369011182266,0.007117771348926525,2.583494955673946,4.946721356805561,4.886129175427463,1,0.4644085888899065,0.457366693529127,12.890625,33,537.9130491319067,0.26845186852825,0.3420961634396097,3.9713831735180904,0.05477091019353385,0.15498822636318121,0.18841767474764543,0.09348366120673038,1.8272524236600165,2.335579577415559,9.088312360271232,3,0.35956101668229845,0.2062466424771484,24.21875,62,787.1283426549788,0.5251494190890876,0.9023309302076369,4.641709148820872,0.0254382402120866,0.02569615315192967,0.038755761313825056,0.038221606909136674,0.677110666058672,-0.5363955112427572,0.3845143129636298,5,0.053829558134033485,0.0387058750641569,40.625,104,21.635887114043648,0.873748145553302,1.1566783668504024,5.427088515667805,0.02608900233316005,0.010522198754045859,0.026665425080044904,0.012414283758926972,-0.6835177836421951,-0.2910332703096823,0.1820274930430689,12,0.03416176522981542,0.010803619618534975,55.859375,143,3.627948171540503,0.5439455460246461,0.8335402445386595,4.756316307588753,0.05609513459535185,0.029595779908332526,0.05541101108609639,0.0526799280968028,-0.32479952999397355,-1.1865771405133771,0.7860173182933752,7,0.07612036143240553,0.03563816359682205,58.59375,150,28.701673643221632,0.5714539145659037,0.9441557501047385,4.771143290124395
median_motion_047,median,motion,1,0.03075601878655155,0.05356994997392671,0.0688912814167613,0.02421825422815098,2.400152087285695,4.564819624154387,1.214978215742311,3,0.1011105146993735,0.08680363580580185,16.40625,42,94.03560808300851,0.321632819325126,0.5150591944055546,4.16131626963292,0.0047531723583519,0.06288418252525432,0.06822256450984787,0.005922717939787,2.612278589939789,5.07871848967917,1.1915054869248907,1,0.2294441226510348,0.2241239807334781,12.5,32,129.57844277823637,0.2911196306018328,0.40640965570624804,4.064119312833624,0.031064447592156152,0.06749996238932718,0.08195832778451283,0.0485473250252983,2.0301233532697887,3.2191135555328243,1.7195948782678139,4,0.10830054725300764,0.0664514853726099,27.734375,71,149.2988637305585,0.39272363895527956,0.7045660553472212,4.277666550847347,0.02767425081652735,0.23104462364181458,0.255382417259005,0.06768388346073596,2.546953424934869,4.854323085105633,16.69636583553345,1,0.8465381070261292,0.821284119352307,12.890625,33,1749.2084204464193,0.3342385618377285,0.5366891472287136,4.179280456325042,0.0277467164677388,0.011244965494530123,0.028915420509581926,0.013812754081643574,-0.03299271768790631,-0.17650146434348146,0.2140419950709635,9,0.037272882607261,0.012905839643719077,52.734375,135,4.1434821440060645,0.48552331912246605,0.7128183583730024,4.657858795728362,0.050065513472742254,0.026171343053473833,0.06008915994758238,0.0333232684514756,0.32454939843504405,-0.4306834207711492,0.9243410286607714,7,0.07827920433192727,0.043663048616558835,43.75,112,22.443260328997006,0.9171494466840832,1.199950927299862,5.561802923242122
median_motion_048,median,motion,1,0.03125665280420315,0.04689445068478833,0.06765557342344869,0.02572338837589035,1.3457200135986205,0.28145200923984826,1.171782813505448,3,0.144832432445096,0.07453241190773664,23.046875,59,72.0597474357135,0.3502464731977042,0.5307534237566847,4.176566410493659,0.0089629957706798,0.06129487334545116,0.06966504860616093,0.02509183933375425,2.5112967754933972,4.781710582137309,1.2424240633084838,2,0.13273640741352666,0.12939259440278525,16.40625,42,123.11138751424731,0.2943650666134699,0.3936879183985706,4.075315807722165,0.06379651763632266,0.09357808533590234,0.14708268995881485,0.13152202057849377,0.8071968476475887,-0.4678235407864122,5.538129327493339,4,0.235790802859201,0.18261915796424277,42.96875,110,286.9442451116114,0.45388819199980024,0.7545708188356718,4.492806206460379,0.07353630748177364,0.3249940037828727,0.39662294596685504,0.07599277908519786,1.4651812591845126,0.4198947085391178,40.27129888446126,2,0.9232690535130537,0.8645513804753334,23.4375,60,3460.9915467234405,0.3353364176790213,0.5184323509405439,4.116816231139589,0.015998788783822798,0.013585883769683758,0.021999063294861194,0.022570610653056173,0.7693161243743595,-0.04155890277438967,0.12389344917793511,9,0.028251777457135124,0.011415766556908867,46.09375,118,6.0481240128303435,0.699991192835927,1.0591278671738484,5.06657935651662,0.066821028838094,0.23169020650752795,0.2895722313629991,0.18253956107562241,2.0952707266641863,3.390141347975611,21.46613175719585,5,0.391454145739351,0.2587239969417635,31.25,80,1758.9975891226466,0.30913894744758474,0.4508775151747145,4.096710090646766
median_motion_049,median,motion,1,0.0323345617519111,0.046004033948816324,0.06822289253304344,0.027009468022075923,1.360052980631461,0.30285279164702006,1.1915169447872496,3,0.144832432445096,0.07753311102235756,23.046875,59,69.34921272049372,0.3932549320371022,0.6190643567459418,4.347118020646145,0.0091440819606215,0.010458820300896924,0.015762664041959265,0.012385890225888074,0.7980200649385593,-0.5313332277875742,0.06360616389111695,6,0.02341434429719355,0.0147250591722919,44.53125,114,3.5843843091160252,0.4634693308033004,0.7625763608416879,4.5566291471075875,0.1268173752654178,0.1862227092434033,0.2600802198043051,0.2453244306226104,1.1614120711861728,0.18559462601386834,17.31628050776465,2,0.44083565395748314,0.39953689709182283,28.90625,74,1136.3114989489961,0.965958839455958,1.2357017973510713,5.626066309235498,0.07952858087695115,0.26244756923347756,0.30874447473692057,0.04691573880987544,2.5628154836715757,4.924077909147355,24.402726574227707,1,0.999999999999978,0.9479681303621982,12.5,32,2257.0180027583274,0.29029218636127063,0.4024227745601569,4.059848947871779,0.010723153694461151,0.013634806505884249,0.0199950757260104,0.01977169068187563,0.7571998685043941,-0.5294931485021248,0.10234958164195591,7,0.030450928004643614,0.014644595752088655,44.53125,114,6.0918284486522625,0.38773598010425825,0.5874711490182803,4.395716949567916,0.06866753245384145,0.2348505896237583,0.28877764492954194,0.19423598698453126,2.0592899209231805,3.269004179440829,21.34848722202947,5,0.391454145739351,0.2586747155211338,31.25,80,1807.3116855624805,0.35459456216585294,0.579657787973434,4.211931349153726
median_motion_050,median,motion,1,0.04139517932096065,0.08201803041506867,0.11054707634494827,0.02270715414785345,1.6689208982266182,1.4201036214018101,3.1284879586344503,2,0.24711847953740654,0.2255603756964276,23.046875,59,220.42802229360626,0.5241296403261578,0.8871765254663669,4.613362870451712,0.00524770896831335,0.01542555334520863,0.01955795064605743,0.011984980558140752,1.814240327551639,2.335153240622004,0.09792343896924628,3,0.029247335563578933,0.028179872101708164,35.15625,90,7.797015323239066,0.6094960137997903,0.9471970692489347,4.932482467041501,0.2173105202728035,0.2796061251984997,0.4122674631345309,0.5054467055412307,0.3886442434645412,-1.2815227933657591,43.51090205680173,4,0.667275926964024,0.5017998638082303,47.265625,121,2561.763709089171,0.6522304008902506,1.0311626843656256,4.942582881892315,0.05041326326786965,0.03999085558093665,0.07046862383309227,0.07569768481724098,0.1888823328146671,-1.1213484007869692,1.271251697902044,5,0.10992670122373263,0.059492307343189374,45.703125,117,52.40439594835561,0.6367030768282226,1.030762112588561,4.860579537773547,0.0400737921425438,0.21077576572063472,0.2521171278884145,0.12119320709411116,1.8334157849567492,1.78444287790954,16.27213982072401,3,0.14719545894362393,0.0836460214369708,29.296875,75,1455.6998831343253,0.9766166952492416,1.2757630557286068,5.608775420484136,0.06730466200813826,0.21201855581137158,0.24898135173281605,0.03985249608237281,2.5777037711706265,5.091915586212334,15.869878658739268,1,0.8317323846852802,0.7678955438878833,12.5,32,1472.9824781954987,0.32789366789470553,0.519272753346796,4.191965884728223
median_motion_051,median,motion,1,0.04703666105028005,0.2678390119009094,0.3144311929402344,0.18570800924946776,2.1937653442537592,3.691026722174146,25.309945624017644,3,0.498078986358269,0.4754125714363706,30.46875,78,2350.702054224347,0.2846517585286501,0.3927606445668366,3.9983461975186088,0.00565016231787565,0.08543485339107794,0.09571458238130227,0.027475534576515026,2.4652124061864003,4.5999779257275275,2.3452880077893377,2,0.1867943602955237,0.18627384187327126,21.484375,55,239.17737313826174,0.26958451663124877,0.31261326823070035,3.9738341562218435,0.3478189095047629,0.316152530394858,0.4794005557939898,0.506438791847536,0.49051639967209015,-1.0405058448889435,58.8351725812701,4,0.7378701976876821,0.575759693700832,49.609375,127,3275.1930855680216,0.7478799209796818,1.0920972280040608,5.203538496208299,0.0616365221586091,0.03661230374697938,0.06859355525058071,0.06251513047441493,0.18929994597628388,-0.7122553986389253,1.2044994104101039,5,0.10068031411794917,0.05853461090122965,53.125,136,43.923050335717036,0.840607208713076,1.1597932634764,5.4233826893154795,0.0804472758554503,0.2999158457347433,0.38646670331811306,0.4665152652240889,1.1977671307496132,-0.16134475990907493,38.23526727003403,1,0.9999999999999948,0.9883379967951192,27.34375,70,2947.465620702784,0.2581844671014862,0.3927351591722133,3.790963170286993,0.07840129745061941,0.2742914893168563,0.3450461544832913,0.0621618127071686,1.4797699327978067,0.37236330474796775,30.47855327326907,2,0.8185425876886565,0.7864032293812928,22.65625,58,2465.3272321452378,0.32233826782174796,0.43568850782697494,4.044580410944675
median_motion_052,median,motion,1,0.0185347678919668,0.26934359462574375,0.3102378186996891,0.20177998191090732,2.249750228640023,3.903333368048048,24.639361062794535,3,0.4831363469286447,0.401567890994944,31.640625,81,2377.1854986905573,0.3349988557168978,0.562850756258295,4.156015619635539,0.007225259932207,0.13557901095024033,0.15251957468457664,0.026035897598066876,1.9720995399773626,2.4795659170894524,5.955128489462823,1,0.3165846274739446,0.3165846274739446,19.53125,50,602.30374082648,0.9699704282236027,1.2491178946431556,5.639689981964458,0.07968302076433785,0.30537105472805837,0.40642741938877514,0.46544677362013975,0.9715708038115005,-0.2886237281241737,42.28691129114094,3,0.6763024254908969,0.4888150697177875,39.0625,100,3055.6575668935625,0.4598305872185859,0.7982865613164243,4.5333040512780265,0.0632845145852365,0.03950106018451854,0.07922268962664221,0.036090603802044,1.0437446796710153,1.1530774738009066,1.6067160452298963,3,0.12580740149904146,0.10077400156454663,38.671875,99,51.12852882959616,0.6569946818929446,1.0173706823288213,5.002227048411189,0.04429112017763115,0.2638403184753454,0.3033932105214263,0.13543240318311084,2.225023046871743,3.5096351568183275,23.564144688767616,2,0.6237608317138438,0.23993675528969255,21.875,56,2280.993485020049,0.7849297362374242,1.1732635575884793,5.119205296972412,0.0629952339117099,0.31649515877379264,0.38427235676016275,0.07641702105597573,1.5275704579380533,0.5990761184061166,37.802302507522505,2,0.9026763953460117,0.8739135986748232,23.046875,59,3282.343857171421,0.2917827001343024,0.3352319790159595,3.9458590158511857
median_motion_053,median,motion,1,0.0485559796031145,0.08454871414842274,0.12441392348534865,0.16367558244403507,0.37506254907084097,-1.5858276616109817,3.962579035396656,4,0.20689424497510386,0.18289687053302134,42.96875,110,234.24155857160235,0.28805937882968924,0.3070435940451241,4.052413007055284,0.0062618351123066,0.13546051021987848,0.14647420823851173,0.00806450823650325,2.589854635046205,4.982305292179375,5.492401581849317,1,0.4946589300044243,0.4946589300044243,12.890625,33,601.2780482636535,0.260992276754121,0.29647154738656334,3.948887723567956,0.2191725226179425,0.29205175949173634,0.4188867417501552,0.512783764866276,0.6810055841156818,-0.8098264317421093,44.91932221799968,5,0.6502762403992768,0.42416172430375615,42.96875,110,2794.9213070144224,0.27833588132510556,0.3541483371893299,3.88083638377063,0.0558184330475474,0.15066114341839174,0.18526064377789617,0.07395898273215289,2.257939437591841,3.9131626386975906,8.786305570048139,2,0.378245924817503,0.3495114736932207,23.4375,60,743.7933929772976,0.33781172800858383,0.5578683683421374,4.176091243174186,0.01741054047943165,0.06787437664859282,0.08288129133748921,0.03133472127129843,1.6931102503246085,1.6000542227146717,1.7585429641650598,3,0.17870506226482,0.12062037127350422,23.828125,61,150.95977540674636,0.4001351652334492,0.6722750801489712,4.376000488613774,0.02531063097056265,0.2721846476203291,0.2988104872611281,0.0494436332843077,2.595107469830852,5.0222050113835905,22.857653068091594,1,0.9999999999999908,0.9826867239900811,12.890625,33,2427.600289343475,0.27995913656271215,0.3563042475977487,4.038401576638626
median_motion_054,median,motion,1,0.0294927956198636,0.0923976922253541,0.12185732868597506,0.14739446362550604,1.1409506032676302,0.005173944555891374,3.80139738994733,3,0.22849061874885881,0.21475253637488856,32.8125,84,279.75131414207146,0.33657647789383893,0.46365882812407755,4.0664087813359675,0.0057352362021493,0.12705270551495146,0.14268662624389022,0.024242343310121848,1.9420974835973284,2.344863177325662,5.212025167069088,2,0.4263420937055048,0.1382373589383377,20.3125,52,528.949774225305,0.6275324147667815,0.9728278736894991,4.972015820777761,0.1185026878704849,0.274537045090726,0.3637945268601027,0.2888093686837102,1.2438467460532892,0.47637491322633974,33.8806931899817,5,0.604115284143729,0.23221509100073945,40.234375,103,2469.7006741345986,0.7610792870063824,1.1360665671450432,5.14266215545564,0.048963344661099695,0.15152888763173386,0.17860661244437284,0.05806437861323537,2.4549972515678213,4.582307082295118,8.166482434266726,2,0.3386554624785908,0.2980871721392389,15.234375,39,752.3853532756997,0.3974764671434926,0.6962232484285454,4.3493044523312445,0.0188645977896143,0.025889238390141664,0.03630984454112517,0.0176082817853924,3.2460737794709758,11.299363799072564,0.3375116315137734,5,0.057026713644811135,0.014954374372537358,30.46875,78,21.960640133217346,1.1278785950367751,1.295020316335502,6.017856961533502,0.0182812699186415,0.026103650918934657,0.03959926733913828,0.041373950979818774,0.786842316836345,-0.5658088167534845,0.4014341052919152,5,0.07103045338813843,0.03812812177093622,37.109375,95,22.32799784845484,0.6421935620695551,0.9860841010321736,4.936354380851321
median_motion_055,median,motion,1,0.0321485825025052,0.09459913480982254,0.11939531415213481,0.03950606149782098,1.4720751195269972,0.5342389989464142,3.649341706620662,2,0.27884966700179786,0.2609871723567002,23.4375,60,293.24060637689905,0.35421122253738657,0.5715252887863909,4.139418704598377,0.0067013623254712495,0.13631371812373666,0.1660046022956215,0.2327557472044967,0.9850906566056041,-0.8772441407762526,7.054727163731831,2,0.3397079460386342,0.29852047556923256,30.859375,79,608.8629580505796,0.8581770247458119,1.1807814121255915,5.270189851449986,0.028133753380640197,0.08981603647306041,0.11200456388082003,0.060173537992645,1.7246351513462543,1.9050512934852772,3.21152571651397,4,0.18228880117908955,0.12957431567020752,24.21875,62,264.33668852522516,0.38295305502884186,0.6414256517856075,4.194083906501961,0.033298940339994046,0.03642983397240319,0.052981507556281025,0.06529079656618483,0.5650249656887062,-0.7665721215614436,0.7186022765916835,7,0.07686073682839778,0.04088012378984389,48.4375,124,43.487386477862216,0.5118607213233166,0.8226549909579407,4.620317766462335,0.025362208202107703,0.013532081160084506,0.02952874322783834,0.025043727946566806,0.21002440882172183,-1.2997964085630347,0.22321834921359585,7,0.041703591716757756,0.015184163226835048,48.4375,124,6.000330141607336,0.6514680859386159,1.0017775207713178,5.0497917862144135,0.0493602527036,0.07982160507156674,0.10576683082031367,0.04493590600935578,2.2548083003337704,4.06245832113307,2.8637753604538503,4,0.1478090444095273,0.12141177297784564,23.4375,60,208.78093956562589,0.2717528521551599,0.3216258293574797,3.9393603131273265
median_motion_056,median,motion,1,0.032930642868453,0.08823078084801468,0.11372939170982618,0.02620932086437958,1.4470777240068604,0.378226117252181,3.3111998819038924,2,0.26729129754380004,0.2551087511011215,23.4375,60,255.08805522899857,0.3247008304855938,0.4755511076533027,4.145547748336938,0.014029000452594548,0.1124242060795647,0.13010127951589986,0.017750107038506845,1.653674226100445,0.896893945059198,4.333143790508623,2,0.3243986040478479,0.16722447627219128,20.703125,53,414.1508745787701,0.8521664005278411,1.1712090402344466,5.404112898828548,0.0363721629477061,0.10319376517154252,0.12689248553390944,0.04611498460747278,2.073734948657699,3.171389776253956,4.1220359385531955,3,0.24179049294628127,0.12857965888605943,20.3125,52,348.94196366728784,0.6263666804867488,1.0021011631881387,4.91290405232103,0.035780217924486046,0.04671085328615498,0.06832771625771436,0.08888549390767597,0.43661946986788874,-1.253550646531564,1.195181263102649,4,0.11734019002613089,0.061971352302847955,44.140625,113,71.49590953309894,0.6510286570772228,1.0621185721257496,4.832632505785661,0.010918234879908749,0.01551247441808142,0.023226933486375643,0.02653756249071485,0.7640604934594528,-0.7667289874131038,0.13810955243021267,6,0.035533494971533304,0.013728582395323053,35.9375,92,7.885182699782744,0.41438272213741184,0.7244831541689091,4.284382545098607,0.027649899046285002,0.08271031631527667,0.1014603126285944,0.047944710006353114,2.3500117653787407,4.279942517430754,2.6353139299051804,4,0.13371057086363078,0.10439448104762704,28.125,72,224.16576050490096,0.2804059251007034,0.40735911598615016,3.978451113540191
median_motion_057,median,motion,1,0.02962822762500575,0.08626892737451655,0.11185178572398062,0.09702984411549109,1.2830655352797262,0.09680827897186406,3.202770424228678,2,0.24589594907275264,0.1900938202432882,27.734375,71,243.86715417976484,0.7074084209724587,1.0737789134541502,5.0937838884095274,0.0244093822325001,0.13009914506075768,0.1635731968698316,0.1229160497914011,1.229533827757928,-0.19491680488681862,6.849584827959473,2,0.36371737547619043,0.34376275975491777,26.953125,69,554.6125367810555,0.7878782581424442,1.1193112940596222,5.35560538183053,0.0446096800763969,0.10988008971913289,0.13840912353917895,0.04809795552090562,1.9344688540228072,2.255766344342673,4.904213882594227,2,0.23620464403493935,0.18066788078712795,17.1875,44,395.6155777285801,0.8752809931257022,1.1947487701574764,5.515299746258773,0.08758561488738476,0.04928037613819507,0.09717084572197786,0.08028081506103393,0.1326688295860383,-0.8556565811522643,2.417196354131052,5,0.1376213443322377,0.07065243374747511,52.34375,134,79.57814197512229,0.6438764918083949,1.0365821711116603,4.947881547519769,0.0076975723871918495,0.007673962118599591,0.011793213639951214,0.01240575692727305,0.5095975078629569,-0.8802902050062573,0.03560445131712803,8,0.01595594685534895,0.010271410446613175,43.359375,111,1.9296869555055505,0.6504882389606575,0.9383102018494137,5.044101898326262,0.02995943750859935,0.11334782803426191,0.1412795043709475,0.05451939262223419,1.448617755883296,0.4183578819158926,5.109733978956947,2,0.3375647161236235,0.2045918066764134,21.484375,55,420.9944062603301,0.27977226242380077,0.3867934719372203,3.966157526521315
median_motion_058,median,motion,1,0.0333818793463056,0.08136827997250622,0.11584880599547626,0.15076843659879394,0.883011534908191,-0.9011796183269358,3.4357621377478385,3,0.22019366657266592,0.16212807930235915,33.203125,85,216.9501822269387,0.37841846935092344,0.5987127652075841,4.244480043154747,0.037377388034831954,0.15072474054291427,0.19807421305002693,0.2932874861906934,0.8267675866621478,-1.0629125465051548,10.04374883209919,3,0.37947661011779193,0.35272436561148796,33.984375,87,744.4216483811115,0.31082765199192264,0.435774544801818,3.9854642352946623,0.07662240545204735,0.22143050121224395,0.3063222892714144,0.39483380529037637,0.7916289232371817,-1.0259389447152005,24.021336295546902,4,0.5987752376179518,0.29788342976755766,35.9375,92,1606.662815909646,0.3174082462685201,0.5220428957790663,3.9344043878585335,0.11650928654717016,0.23236633598091364,0.29842461740974835,0.04432198772869142,2.477987031370908,4.729230343297961,22.798656582695596,1,0.9459963749292664,0.8772998746142842,12.5,32,1769.2790043812645,0.29873340480388305,0.43152430209548,4.104571674751912,0.019404351292770898,0.04019350099992417,0.05272012837313623,0.03436258931512143,2.011566167846391,3.3674855821903984,0.7115294555340708,5,0.07289565439464257,0.032326473648854395,36.71875,94,52.937038513079614,0.5382253311010893,0.9013957090781688,4.694339168062038,0.05698525921768445,0.10650613967029834,0.14673995043146382,0.06863789872416243,1.3545600055035978,0.3378665079177341,5.512348941472886,4,0.22243115476446293,0.1248923693240163,25.390625,65,371.7047243614687,0.47322502971253017,0.8191906213526835,4.549223527009652
median_motion_059,median,motion,1,0.0343647006280699,0.11122881455408662,0.1479014329915915,0.1508873579553305,1.39357912762209,0.621953533035914,5.599957473527356,3,0.2842046918540202,0.21036741406224232,29.296875,75,405.3975677898577,0.6441138190640134,1.0072469933801742,4.870354350643742,0.0102010195084735,0.11185348026059826,0.1258860796840902,0.05025191386914478,2.460774600463296,4.572358771223258,4.056910094906652,2,0.24034955110788034,0.22798298183719978,20.3125,52,409.9668885052545,0.3437881525064107,0.5592243952026671,4.23009014315331,0.3348429554616036,0.22804187080249164,0.3719480493324271,0.45140036619931506,0.06175084007303739,-1.658621751494421,35.41640995896259,6,0.5766000139107338,0.30914016125266397,51.5625,132,1704.0198360175095,0.7038977061190613,1.0461872609362486,5.039554210405923,0.1131474683838976,0.23823570067484845,0.297020923607785,0.09908025412855724,2.381246281981431,4.412298793001866,22.584685839570337,2,0.5714941179212485,0.5035158694892933,21.484375,55,1859.7887145802285,0.28485756959914976,0.3895671638443457,4.035139615889188,0.040161737605862,0.03643427594729936,0.05703690331136271,0.024310464637845253,2.012533105648647,3.730941025108079,0.8328213348735332,7,0.06649861409780579,0.03639067476862245,36.71875,94,43.498084350753544,0.3370628843528054,0.48769794237643277,4.261282170162993,0.054882642890664,0.030796100743314982,0.061642190518612056,0.046740086544304185,0.15161049107846436,-0.7533694332335674,0.9727384708948137,6,0.09457668550917829,0.05224498032577173,51.171875,131,31.07700221274009,0.5720199176744054,0.9394711382352883,4.744061844138513
