Sample,Method,Dataset,Window,Signal,Mean,Median,STD,Variance,RMS,IQR,Skewness,Kurtosis,CoeffVar,Energy,Power,ZeroCrossingRate,PeakCount,PeakHeight,PeakProminence,PeakWidth,ActivityRatio,MotionDuration,FFTEnergy,DominantFrequency,SpectralCentroid,Bandwidth,SpectralEntropy,SpectralFlatness,LowBandPower,HighBandPower
median_motion_000,median,motion,0,amp_mean,0.2309472810652907,0.22087611593599588,0.15267701172085135,0.023310269908008982,0.27685179526139864,0.15542371513116301,0.49886237897028896,-0.07475219443380166,0.6610903190370412,19.6216106341016,0.07664691653945938,0.0390625,7,0.3675549203476178,0.23855061005889766,18.91860174764296,45.703125,117,763.8295566505093,0.15625,0.4563307312488531,0.7201364416871154,4.428724240289197,0.1368171181555439,762.8873334181205,0.9422232323886521
median_motion_000,median,motion,0,amp_std,0.11511030022738508,0.09479138533491195,0.08550185401609273,0.007310567040189231,0.14339089322069223,0.13675168279965103,0.5058306659328947,-0.8799656324055483,0.7427819564926197,5.263602754208758,0.020560948258627962,0.0234375,5,0.24933897056340903,0.1369086478315226,23.462547918990573,42.96875,110,239.5526606163843,0.078125,0.2875150839273802,0.41613089462550984,3.9913406951166195,0.04681951830806108,239.48920306909463,0.0634575472896704
median_motion_000,median,motion,0,amp_max,0.30329195679341525,0.2797100466273216,0.20231751508261567,0.04093237690920441,0.36457974157210554,0.3045735145811102,0.4005884148644706,-0.6087557184509893,0.6670718116661283,34.02710731898452,0.13291838796478328,0.03125,7,0.5253007224524825,0.2843882793099594,16.17573734876372,43.75,112,1341.270084272873,0.15625,0.37606167821718134,0.5882940775375209,4.329261973471169,0.09513651743628387,1340.367095020517,0.9029892523557863
median_motion_000,median,motion,0,phase_std,0.05090170853832872,0.0248419978641881,0.07787988903510648,0.006065277116120499,0.09303902970389073,0.016186378689999753,2.5229431889463014,4.721734301157238,1.5300054019784686,2.216002828349814,0.008656261048241461,0.0078125,1,0.3017401960429148,0.2859591197790949,26.785649685887734,12.5,32,198.7469982995081,0.0390625,0.2707936115255905,0.34832187316135227,3.974612100666213,0.03304947444813913,198.70805075699658,0.03894754251153873
median_motion_000,median,motion,0,i_mean,0.31275256270955176,0.24289747834752914,0.2695142985292925,0.0726379571117366,0.4128584776810677,0.42474593513019326,0.6392351401254666,-0.6379040127372733,0.8617492889377995,43.635743383840946,0.1704521225931287,0.03125,6,0.625630828450305,0.43664031985783236,16.814229840270926,39.0625,100,2380.1930112774844,0.0390625,0.5094795985154486,0.813804426652056,4.531082572650284,0.16912663355966845,2377.0606755602985,3.1323357171862996
median_motion_000,median,motion,0,q_mean,0.21698688351109982,0.10045057992926976,0.23909009478388182,0.05716407342376559,0.3228736301397579,0.43200831083876806,0.7065079652447194,-0.995142407203792,1.101864273609651,26.68732954614405,0.10424738103962519,0.0234375,5,0.5714292908756814,0.38175583798882007,21.75995335424498,39.453125,101,1873.1517140161077,0.0390625,0.3737227904374768,0.5512805198969233,4.240632161410594,0.09032606982843293,1872.293305041414,0.8584089746938666
median_motion_001,median,motion,1,amp_mean,0.20842294219443838,0.24208128914096416,0.10042091483032643,0.010084360135359675,0.23135358862214755,0.13902438632285263,-0.4878071735440492,-0.749355781513994,0.48181315248952605,13.702267639896546,0.05352448296834588,0.01953125,8,0.31693542190757323,0.1003362922347793,13.305472720399639,56.25,144,330.427522131267,0.078125,1.018051521408601,1.2667173850050217,5.708148909645678,0.42057945589770973,323.5732103977836,6.85431173348338
median_motion_001,median,motion,1,amp_std,0.16796075036362218,0.09889979278214206,0.17899752413621858,0.03204011364689615,0.24546064309702922,0.1902469905478628,1.6768364867003207,2.267993587871578,1.0657104338224075,15.424237391259432,0.060250927309607155,0.03125,6,0.3239790440867639,0.18556483028015192,16.995389802519433,36.328125,93,1049.887408829016,0.078125,0.4861061115001882,0.8480247271658322,4.535027669626823,0.17815307648413514,1048.5582826334753,1.3291261955406108
median_motion_001,median,motion,1,amp_max,0.2883021510575022,0.23728645396228576,0.2015234435717366,0.0406116983090109,0.3517525104578412,0.2774627730169161,0.6046260381208759,-0.484506919527135,0.699000832396993,31.674836125028783,0.12372982861339368,0.03515625,8,0.49802647951607343,0.22299925550931576,11.955086287120945,44.140625,113,1330.7331634394666,0.0390625,0.7852788805324544,1.12894747325899,5.254846731557205,0.3198003476412338,1321.0795174021425,9.653646037324144
median_motion_001,median,motion,1,phase_std,0.020003794912392358,0.01621495879059675,0.018433330837581724,0.00033978768576774134,0.027201828921320635,0.017907571351193897,1.405538523620508,1.6150150053148407,0.9214916928207847,0.18942451114618772,0.0007399394966647958,0.02734375,6,0.035050524571829965,0.0175082944898323,13.457234475970237,40.234375,103,11.134148463883479,0.078125,0.41462234782977575,0.7455911522040766,4.317573178872085,0.14573273198164308,11.126005951717826,0.008142512165653844
median_motion_001,median,motion,1,i_mean,0.32454580261081056,0.341160649392582,0.21104717830840247,0.04454091147193863,0.38713161775323107,0.28554262301666844,0.22833975440609508,-0.47755104528143644,0.6502847259461745,38.36694770284386,0.14987088946423383,0.03515625,7,0.5327831935626477,0.2836893524069416,13.474904011081078,52.34375,134,1459.406376250421,0.0390625,1.0501201373289197,1.2676611948873602,5.884171787322701,0.4419124222584142,1414.5064452542679,44.899930996153316
median_motion_001,median,motion,1,q_mean,0.3967285437824649,0.4407570120719123,0.20329783553270903,0.0413300099322844,0.44578419373508477,0.35761164085086383,-0.26002707613098763,-1.078196859499174,0.5124356155317862,50.87322813031413,0.19872354738403958,0.05078125,9,0.5851505598370724,0.32773458760850604,22.497125749139123,58.59375,150,1354.274291100783,0.1171875,0.7935123649134688,1.0822347476158378,5.355757917681268,0.3058340707902006,1341.3975329725804,12.876758128202964
median_motion_002,median,motion,2,amp_mean,0.21697608366105736,0.24657019778744982,0.12636780399031902,0.01596882188533569,0.2510924984268265,0.1630999494289119,0.0986188321296189,-0.22413517453156118,0.5824042993933758,16.140145348153823,0.06304744276622587,0.01953125,8,0.3490052608088119,0.1413960585400421,14.48158308369768,56.640625,145,523.2616362569697,0.15625,0.6816736071542665,1.025249872038533,5.05683274175274,0.26572085354617764,520.5947315125154,2.6669047444542686
median_motion_002,median,motion,2,amp_std,0.12900274948176954,0.07446764203237385,0.17960328051215851,0.0322573383707291,0.22113129074055823,0.12471313994506965,2.2109271065374565,3.8878022688126492,1.3922438183082873,12.518156222613834,0.04889904774458529,0.015625,4,0.31661915198699453,0.22280995980905316,14.990419737914607,26.953125,69,1057.0077998246818,0.0390625,0.3600023708396636,0.6474045283982094,4.166347740980501,0.10930027163400356,1056.5505029431529,0.45729688152884906
median_motion_002,median,motion,2,amp_max,0.27201476693625226,0.21709308933631194,0.21072651936417883,0.04440566596334164,0.34408966766632976,0.2964811025772405,0.6371217383537974,-0.6469789936567101,0.7746877926402751,30.309811045049663,0.11839769939472525,0.0234375,5,0.5697257951550879,0.3607545288404409,15.02114283315252,39.84375,102,1455.0790259264465,0.0390625,0.5138913149225013,0.8446889801433497,4.721337355395301,0.1872833287981569,1452.4292108693276,2.649815057118945
median_motion_002,median,motion,2,phase_std,0.01643533931999672,0.0110985623766333,0.018765901519617597,0.00035215905984398605,0.02494552942728248,0.017562531867390048,1.7950429358663986,2.523447387823137,1.1418018912237184,0.15930353623229854,0.0006222794384074162,0.03125,5,0.03168307121350229,0.018881927960057,16.818567447409144,38.671875,99,11.539546486806975,0.078125,0.3060122810581484,0.5071984561714714,4.007887017427079,0.07252559973600362,11.537041095067945,0.0025053917390295928
median_motion_002,median,motion,2,i_mean,0.3553580714029958,0.36416653165282586,0.28841616570142875,0.083183884637914,0.45767154548777733,0.3830989490809378,0.606301473255979,-0.3785702940892093,0.8116212601050988,53.622590348587686,0.20946324354917065,0.03125,6,0.6812765791985282,0.29663133595498864,15.298324930524215,53.125,136,2725.769529725088,0.0390625,0.2760486046268711,0.43327091254432576,3.883959046668786,0.0494479318994882,2725.0462274647984,0.7233022602896737
median_motion_002,median,motion,2,q_mean,0.46865594982352776,0.48205597879264844,0.23267800445181325,0.05413905375567803,0.5232374729132758,0.3579712581148137,0.020787738123413054,-0.5834428886233862,0.49647935663450254,70.08702798353178,0.273777453060671,0.05078125,8,0.6735030503545365,0.29932479270508505,19.97154790657771,53.515625,137,1773.9918339074486,0.234375,0.7849549381945361,1.1305352381695548,5.277733229912419,0.3198724987357151,1758.4815397868342,15.51029412061444
median_motion_003,median,motion,3,amp_mean,0.23888340025593086,0.2485812178676159,0.12624756578765242,0.015938447867307623,0.27019201835943063,0.1560760384301264,-0.08585603694688122,-0.19180667106078086,0.5284903247855102,18.688954056996582,0.0730037267851429,0.0390625,11,0.3549104818825407,0.11479400569690358,14.229353012283939,55.46875,142,522.2705885831059,0.15625,0.45458458196667495,0.6557175735554823,4.6754910973707,0.12412087637277405,521.3438186426163,0.9267699404897088
median_motion_003,median,motion,3,amp_std,0.05461520330549497,0.053936399581273706,0.04274885745788333,0.001827464813954427,0.0693562199521786,0.05672674151700659,0.8722633174954747,1.1280319559874545,0.7827281575421607,1.2314330229900738,0.004810285246054976,0.046875,8,0.10074638645968484,0.03916285530961194,12.989107625565724,49.21875,126,59.88179003440883,0.078125,0.6690919517394832,1.0117661234046824,5.046879480711592,0.26589445451133575,59.60494078964068,0.2768492447681481
median_motion_003,median,motion,3,amp_max,0.2583769398304787,0.2189628840248265,0.21322782115426142,0.0454661037141937,0.33499962201524425,0.2960915816118851,0.6932454945806464,-0.5782139365721544,0.8252587142387208,28.729535168091267,0.11222474675035651,0.0390625,7,0.4811973144209598,0.21749731431402003,16.151205666717274,41.015625,105,1489.828385675073,0.0390625,0.49782380647506563,0.8469053012304393,4.519211013623434,0.17770268746404813,1487.8820591120293,1.9463265630432485
median_motion_003,median,motion,3,phase_std,0.016715963209560303,0.01559374440312,0.013681878349711303,0.00018719379517629888,0.021601324524196948,0.014601622539079148,0.9679287148259491,0.8871722880791331,0.8184917720486357,0.11945400862711616,0.0004666172211996725,0.03515625,7,0.02723456671739081,0.009671111838120614,14.722998833421233,45.703125,117,6.1335827870204,0.0390625,1.1034559586677708,1.3046288693928163,5.872193827079139,0.4770611550900428,5.963986929851555,0.16959585716884443
median_motion_003,median,motion,3,i_mean,0.21490562854527434,0.10755924557992325,0.28731984132361643,0.08255269121822811,0.35879955462439966,0.3114467441021427,1.6137011881209615,1.609699200047702,1.336958195405057,32.956702822058894,0.12873712039866755,0.02734375,5,0.6251900398133423,0.22858443939450965,12.272860536368846,32.03125,82,2704.9927608056814,0.0390625,0.9222591415209823,1.2318907360473985,5.566612326493187,0.3876874370299931,2662.1760306016827,42.816730203998894
median_motion_003,median,motion,3,q_mean,0.45498647748352206,0.49648026572615184,0.22934706248899345,0.05260007507233027,0.5095220993884306,0.38520810361694413,0.21150486973938126,-0.6343478411645784,0.5040744589970709,66.4608690598896,0.25961276976519376,0.03515625,8,0.6618755259786189,0.2603040371579672,19.08352859612091,54.296875,139,1723.5777156961788,0.0390625,0.7049635660875436,1.0703744327371438,5.116750033863145,0.29199771764882243,1713.1902454484098,10.387470247768789
median_motion_004,median,motion,4,amp_mean,0.34549793708999527,0.31056182443941766,0.20260578931292883,0.04104910586311491,0.40052207229634323,0.12194663783240892,1.7522871715414816,3.1692001094058533,0.5864167844787094,41.06699018151865,0.16041793039655722,0.0546875,8,0.4716781990125726,0.2163948326828023,21.53912883983981,35.546875,91,1345.0944957721144,0.0390625,0.4425437971359959,0.6968613083080272,4.612842154958032,0.13163152320637572,1343.75052198439,1.3439737877246523
median_motion_004,median,motion,4,amp_std,0.07875142481547062,0.06727301913691035,0.057472062891625375,0.003303038013018942,0.09749269164140285,0.06302733905121434,0.953134804476738,0.7375744169064489,0.7297907691900613,2.4332351804123293,0.009504824923485661,0.02734375,8,0.14042703422268907,0.04976735851553691,13.432730452195662,41.796875,107,108.23385291955134,0.0390625,0.42950746097950804,0.6792740147374985,4.5089694374859395,0.1301075576958089,108.1625222772,0.07133064235132057
median_motion_004,median,motion,4,amp_max,0.29349737770103146,0.27363559225038636,0.20233795823178458,0.0409406493414074,0.35648472626297656,0.2756742079099673,0.4875718342704748,-0.30284280776002737,0.6894029507725449,32.532828175050064,0.1270813600587893,0.0390625,7,0.5334384588969815,0.2672606088184371,16.705529995316294,41.40625,106,1341.5427107536918,0.078125,0.382324395847377,0.5914885015329128,4.394426079950958,0.09872496749192979,1340.893539077888,0.6491716758039829
median_motion_004,median,motion,4,phase_std,0.08883573064946018,0.0234197154833202,0.17630898738442938,0.031084859032522873,0.19742503912256495,0.030590751693830222,2.503866819844535,4.649001812085843,1.9846629964484461,9.978021394571854,0.038976646072546306,0.0078125,1,0.6621562657211609,0.6414622265220765,26.842849781964475,13.671875,35,1018.5886604208195,0.078125,0.24513586191219386,0.2857285836314092,3.8467855041109518,0.014871539048179628,1018.4590333769813,0.12962704383819101
median_motion_004,median,motion,4,i_mean,0.21097871242211375,0.20182089068827525,0.17737494127925094,0.031461869793817716,0.275633609868446,0.31215576920220955,0.3162764513560452,-1.183550949354007,0.840724351959874,19.449315043612334,0.07597388688911068,0.0546875,7,0.396745922254946,0.33288005324480746,16.35067661679501,47.65625,122,1030.939657390417,0.15625,0.5571431425698078,0.8371219378843519,4.885929353653845,0.1857304886359575,1027.7295222355501,3.21013515486694
median_motion_004,median,motion,4,q_mean,0.35884657928483776,0.3471197340965074,0.19449487947723085,0.03782825814286255,0.4081655615155349,0.32685143524742755,-0.04457251174215648,-1.1646500672071411,0.5420000933666607,42.64937615546673,0.16659912560729193,0.04296875,10,0.527393414563659,0.16425266238828123,14.614113342054376,48.046875,123,1239.5470516138234,0.15625,0.6311969368158216,0.9678929830569546,5.016791255944365,0.24509065056524712,1235.303677720134,4.243373893689636
median_motion_005,median,motion,5,amp_mean,0.3580942934173265,0.3164672926731419,0.22819697432811112,0.05207385909250461,0.4246238124158358,0.1750338633477159,1.1379434719525667,1.0485144395523287,0.6372538700624613,46.15817781006308,0.1803053820705589,0.0546875,7,0.5386766594472177,0.33272280432574963,13.37275517698158,37.890625,97,1706.3490124422087,0.1953125,0.519348216736886,0.8312042703891006,4.756291010190061,0.1824255818020546,1702.987764363366,3.3612480788428787
median_motion_005,median,motion,5,amp_std,0.10703245579486359,0.09578994702561144,0.06402706981264243,0.004099465668792988,0.12472133844002965,0.07522154194007273,0.7895121876859841,0.16644098119062845,0.5982023801710886,3.982185539141739,0.015555412262272418,0.03125,7,0.18304565067600304,0.08488186242455988,12.848355589347454,42.96875,110,134.33117243800152,0.078125,0.456493786778312,0.720657280858433,4.574936678274875,0.14144283327135038,134.16616290389302,0.1650095341085048
median_motion_005,median,motion,5,amp_max,0.38167551460597515,0.3661746931193838,0.22739189370678592,0.05170707332355823,0.4442783719395917,0.3468612832815859,0.19951920276668048,-0.7019560482775282,0.5957728096363202,50.53011757396331,0.19738327177329418,0.0390625,7,0.664644269323982,0.371573555893347,15.863863631820626,47.65625,122,1694.337274145145,0.078125,0.33672740956131786,0.4073958428138034,4.257970891292388,0.046773868902172056,1693.6689895985614,0.6682845465836481
median_motion_005,median,motion,5,phase_std,0.18860633647605002,0.02453284633041555,0.2991699048968898,0.0895026319960141,0.3536594154761486,0.18279212190087027,1.5463921668443668,0.8960471319131194,1.5862134352696755,32.01919543166236,0.1250749821549311,0.015625,2,0.8310781328599339,0.8061074801450546,27.191907170695977,25.390625,65,2932.822158544967,0.078125,0.275953993257254,0.381301838414949,3.817397076836885,0.041561045323185455,2932.606946985232,0.2152115597349083
median_motion_005,median,motion,5,i_mean,0.23880169276494767,0.20328521369895663,0.20092352292584809,0.0403702620649338,0.3120841401486757,0.37340966964183836,0.4881254932182538,-0.9837472407665939,0.8413823227073,24.933506696278595,0.09739651053233826,0.046875,6,0.4281265001666959,0.3441240968076116,18.428863111411008,44.53125,114,1322.8525818339708,0.15625,0.3808516953520638,0.5719533541709387,4.366854383214793,0.09350468053593736,1321.8646595971663,0.9879222368044622
median_motion_005,median,motion,5,q_mean,0.3638631491236566,0.33269776959404646,0.2217209627483425,0.04916018532205188,0.4260945629930476,0.3790474653061963,-0.013307190397626354,-1.2006863713763456,0.609352618647245,46.478483612732475,0.18155657661223623,0.0390625,9,0.5971843769373625,0.26657490553372276,17.46040948048504,46.09375,118,1610.8787994329116,0.078125,0.4253296588769732,0.6406061919548276,4.5137816895185345,0.11718871807062436,1609.6214493731554,1.2573500597561118
median_motion_006,median,motion,6,amp_mean,0.32681226868135754,0.30150710615187876,0.19435106980261505,0.037772338333420946,0.38023492382220336,0.2979627884035837,0.2247810061091199,-0.7280023161162106,0.5946871902520678,37.01212090728366,0.1445785972940768,0.03125,7,0.5746119351197593,0.3175269607703069,13.711734583586646,44.921875,115,1237.7222801685616,0.15625,0.4581832252074872,0.7018507815448123,4.531053840790598,0.13960105973383055,1236.4748470355216,1.247433133039702
median_motion_006,median,motion,6,amp_std,0.10821610122194772,0.0889306001696217,0.06217528455031499,0.0038657660089126385,0.12480581145359969,0.09683927322857196,0.5504094062746788,-0.2207562831599259,0.5745474457837004,3.9875815865834174,0.015576490572591474,0.0234375,8,0.1880344590929371,0.06920710049292099,12.269365030126817,45.3125,116,126.6734125316734,0.15625,0.348027753678293,0.4434474634226022,4.2908808750823475,0.05567142547910104,126.5901099950525,0.08330253662092993
median_motion_006,median,motion,6,amp_max,0.3339258028089649,0.35192083510119465,0.2195912355311224,0.04822031072208487,0.3996582946764605,0.3337702355857952,0.30165802955926985,-0.5143209431372089,0.6576048741465194,40.89004864094632,0.15972675250369656,0.03125,9,0.5598966222891035,0.2864153925696758,14.79215651601984,50.390625,129,1580.0805718479542,0.0390625,0.4548748979354038,0.7086962461873054,4.550605641341131,0.13897780431066947,1578.6340458168074,1.446526031146341
median_motion_006,median,motion,6,phase_std,0.12025707418081201,0.018368302077911,0.26884958400482106,0.07228009881956533,0.2945197153164702,0.029477898817684277,2.48341714445364,4.526534509058649,2.2356238569246893,22.205916853784228,0.08674186271009464,0.0078125,1,0.9999999999987068,0.9994736984782594,27.774213360159436,14.0625,36,2368.4741991670044,0.0390625,0.2455775932151996,0.37316452612783585,3.798780868835664,0.039103612287657616,2368.3494768256296,0.12472234137428186
median_motion_006,median,motion,6,i_mean,0.18253533144827172,0.13495634643809035,0.17261936006075432,0.02979744346778434,0.2512301548276296,0.21445004685105568,1.1565612085908727,0.8286511375323506,0.9456764270796904,16.157847217846978,0.06311659069471476,0.03515625,7,0.3410859912126349,0.2110347838492738,11.314335126144385,41.015625,105,976.3945037398172,0.078125,0.6869225051822698,1.0420534786634128,5.103913414179184,0.2742287600917781,971.6222887527808,4.772214987036351
median_motion_006,median,motion,6,q_mean,0.38739447640009905,0.3733395357707471,0.22280855527938553,0.049643652305687,0.44689834711150356,0.39451085664630103,-0.07115231197013631,-1.2970123489821324,0.5751464433599587,51.12784195865444,0.19971813265099392,0.03125,8,0.6614489501947913,0.32415856891995465,18.070460127296286,48.828125,125,1626.7140702927336,0.078125,0.6274324807632704,0.9243168311922111,4.983694924175041,0.23054137162744567,1621.578347487773,5.135722804960423
median_motion_007,median,motion,7,amp_mean,0.3505193432206714,0.35549943592558253,0.20292533230245172,0.041178690490060454,0.4050216049322694,0.30375035046212123,-0.05212676036438537,-0.8456623147795517,0.5789276290356393,41.9948801182493,0.16404250046191132,0.03125,8,0.5699445540250255,0.29916604573279026,17.497728835920142,51.5625,132,1349.3433112535133,0.1171875,0.37012229924663,0.4013873753884547,4.366904983403742,0.04593213268392909,1348.355440713549,0.987870539964514
median_motion_007,median,motion,7,amp_std,0.10507749819522699,0.09080498569290271,0.0629051723495162,0.003957060708322338,0.12246771548163325,0.10188146773535278,0.12614645549304387,-1.170855344696492,0.5986550253798765,3.83957538183431,0.014998341335290273,0.03125,8,0.17858349880519553,0.07822704578175176,15.789482129543165,46.875,120,129.66494677616754,0.15625,0.40463767684084884,0.603217273205498,4.325674686391647,0.10391934698057138,129.56253415452102,0.10241262164652873
median_motion_007,median,motion,7,amp_max,0.25537321249365613,0.2711036735739757,0.1642782882893352,0.026987356003273927,0.303649195063323,0.29763719841793296,-0.1896763609987795,-1.3889182651771794,0.6432870804441669,23.603925417626616,0.09220283366260397,0.03515625,12,0.4244438859322117,0.15157484866063464,12.849914507634649,52.734375,135,884.3126598172821,0.15625,0.6444172823209385,0.9276351327066156,4.9756422129021,0.2292142038379119,881.2403605720667,3.0722992452155324
median_motion_007,median,motion,7,phase_std,0.08199235456695127,0.018730109914791897,0.17284109089634916,0.02987404270224003,0.19130287219399683,0.03235446091094267,2.5223070824721794,4.697522676273003,2.1080147265816946,9.368777960876209,0.03659678890967269,0.0078125,1,0.6458113787769387,0.6458113787769387,26.942040951430386,13.28125,34,978.9125546734547,0.0390625,0.2785364659206838,0.4171290276060322,3.983674062123903,0.048798964201992125,978.7508910793332,0.1616635941213683
median_motion_007,median,motion,7,i_mean,0.20597232924711292,0.17323446255981073,0.1862109389370127,0.03467451377980387,0.2776672724598363,0.24687289403377025,1.0318258549818797,0.5071828031552492,0.9040580335075215,19.737373233992948,0.07709911419528495,0.04296875,9,0.38968937050173585,0.2118244472198643,12.783213157486111,44.53125,114,1136.206544159308,0.0390625,0.6767656104540011,1.0026446393481754,5.118622004033775,0.26616715500279636,1131.2198259642637,4.986718195044053
median_motion_007,median,motion,7,q_mean,0.2763896960002308,0.1992352077102416,0.22663659475273015,0.051364146081113234,0.35742888822283686,0.4281264324928123,0.4213205331843739,-1.1220139867467402,0.8199893050706237,32.705384994870585,0.12775541013621322,0.0234375,7,0.5543662194254889,0.24103665821299147,14.101616576294642,42.1875,108,1683.0993716407515,0.0390625,0.40243896716391014,0.605998266973494,4.415859690475113,0.10667818386723918,1682.0246584568806,1.074713183871326
median_motion_008,median,motion,8,amp_mean,0.23443201124817437,0.2149394727833712,0.20105376273942868,0.040422615511682476,0.308838118452931,0.3271589952571746,0.6829202059291578,-0.29422492905148223,0.8576207731534221,24.417531752843942,0.09538098340954665,0.03125,7,0.4283331365636733,0.21591429560779402,15.771759998059549,47.265625,121,1324.5627104741093,0.0390625,0.5445942534714503,0.8673002773728297,4.805993577193544,0.19787567895368283,1322.164676933679,2.398033540430543
median_motion_008,median,motion,8,amp_std,0.0701793912010875,0.04612956696353405,0.06883225115159046,0.0047378787985956254,0.09830069047545344,0.12621761630518918,0.7108033661894004,-0.7504106381485687,0.9808043354691145,2.4737345914754307,0.009663025747950901,0.02734375,3,0.18610471799823206,0.17354713429450194,26.94791711198324,39.0625,100,155.25067662435856,0.15625,0.40400962515330946,0.6989486260046208,4.245736825153802,0.12961027811410802,155.13384378996716,0.11683283439137625
median_motion_008,median,motion,8,amp_max,0.17631735790230882,0.138200438125174,0.16141806942679943,0.026055793137475036,0.23904728368071013,0.3156795270125287,0.3654230137886548,-1.431065735328004,0.9154973245193473,14.62876258179223,0.0571436038351259,0.02734375,7,0.40567521640713666,0.18914207734361446,16.340365522360003,43.359375,111,853.7908985803422,0.15625,0.646781134673538,0.9825131975870285,5.001969105456027,0.2490512809613896,850.5296322023228,3.261266378019455
median_motion_008,median,motion,8,phase_std,0.08414627703751983,0.02439805354988135,0.17211952015480095,0.02962512921831893,0.19158738256365937,0.0306442104876982,2.520843548132175,4.698316049734302,2.0454799215419763,9.396665640344056,0.03670572515759397,0.0078125,1,0.6458113787769387,0.6458113787769387,26.9420409514304,13.28125,34,970.7562095221758,0.0390625,0.26887379615993456,0.3760852653175543,3.9562530108274823,0.03845094863857118,970.6082046880977,0.14800483407827056
median_motion_008,median,motion,8,i_mean,0.34209228601467967,0.31566197083701464,0.23863612362066303,0.05694719949669637,0.41710230357484934,0.4387451244231642,0.08374681573716442,-1.3735259856645337,0.6975782073312382,44.537428901746125,0.1739743316474458,0.0390625,7,0.6101911185828186,0.3703249274453441,17.745263899497704,47.265625,121,1866.0405531397892,0.1171875,0.4896114892450892,0.7626101594650873,4.627469346357442,0.1578046680850353,1864.0184668071965,2.0220863325924756
median_motion_008,median,motion,8,q_mean,0.2149018237953934,0.1865500758598738,0.17339867403191622,0.03006710015602674,0.2761338335420219,0.28999516541920883,0.5187612888070394,-0.8365871381630128,0.8068739062735971,19.519972870812943,0.07624989402661306,0.02734375,9,0.4070826840538549,0.15975694542609808,11.995896443635633,44.921875,115,985.2159697198917,0.1953125,0.8208837043570308,1.1295548148717358,5.429632321518108,0.3383518543107938,973.998460489086,11.21750923080559
median_motion_009,median,motion,9,amp_mean,0.27327598319541746,0.24681678578849375,0.2278140730218651,0.05189925186681168,0.35577944693058616,0.37182142660819817,0.5410482231961375,-0.8705611803879942,0.833641033350975,32.40422780370785,0.12657901485823378,0.02734375,6,0.5148359178949402,0.25566864582092574,18.422036868504588,41.796875,107,1700.6120738622292,0.1171875,0.7930554917373351,1.1357790718032539,5.200371886876764,0.32414322990411853,1688.4519424077012,12.160131454528019
median_motion_009,median,motion,9,amp_std,0.14712111676150433,0.07597950660747314,0.19560718910899824,0.0382621724311234,0.244758647300306,0.15816954296074714,1.9229917204480265,2.76148067265066,1.3295656899122397,15.336139629638552,0.059906795428275594,0.01953125,4,0.43610636209354803,0.2082288292086276,22.608477860250694,30.078125,77,1253.7678130386357,0.1171875,0.5611325751191742,0.9580846603267633,4.739851476443647,0.22027161661250205,1251.1591740533331,2.608638985302426
median_motion_009,median,motion,9,amp_max,0.3134575387279948,0.2834131257329976,0.2762489190313996,0.07631346526601676,0.41781466447628324,0.4660361468352967,0.5824814042310478,-0.7599967146766264,0.8812961403051003,44.68968802596586,0.17456909385142913,0.02734375,6,0.6096497465087511,0.3254531824547709,18.76753402947894,46.875,120,2500.6113281262956,0.0390625,0.6675324908666769,1.0402083093286185,5.029295804207276,0.27061742922659404,2490.7902754772094,9.821052649086226
median_motion_009,median,motion,9,phase_std,0.020280128168766447,0.0193196420491897,0.013033756369538614,0.00016987880510048838,0.02410731017019698,0.02022599475824593,0.6610888776148709,-0.40266896519636175,0.6426860945074943,0.14877757533237318,0.0005811624036420827,0.03515625,7,0.0354051207749594,0.018198414075334558,15.443857167681855,47.265625,121,5.566575018005503,0.078125,0.49270777175659436,0.7713593421473794,4.706195150228594,0.1698367169275707,5.558881118300027,0.0076938997054761
median_motion_009,median,motion,9,i_mean,0.41962762941971965,0.4497515410992,0.2640703879196187,0.0697331697760179,0.4958029015127195,0.42627677961010385,-0.014706737386735837,-0.978341154518807,0.629296951404649,62.93005238999845,0.24582051714843145,0.0390625,7,0.6880230486954328,0.39546312471717987,18.44055556167417,52.734375,135,2285.015576601222,0.15625,0.3292567075689047,0.5042170973017376,4.0347886875766275,0.06692017648932984,2284.147785263229,0.8677913379935986
median_motion_009,median,motion,9,q_mean,0.37279360233989356,0.3461785249657803,0.21248647292022269,0.04515050117407653,0.4290985564175569,0.24166503119560118,1.0452756776423506,1.1774477045870064,0.569984226086366,47.1361462066256,0.18412557111963124,0.03125,7,0.5688802137685587,0.31658515007560034,15.154230337058552,45.3125,116,1479.4903897792524,0.0390625,0.39648778604905877,0.651270476658338,4.363650524642954,0.117251066816695,1478.5800772102018,0.9103125690506328
median_motion_010,median,motion,10,amp_mean,0.3444275947112654,0.29642805879106904,0.21149450740113862,0.04472992666085028,0.404178543046805,0.38746765099524116,0.29397403004805667,-1.2476801965944229,0.614046350083596,41.820235432816126,0.163360294659438,0.02734375,8,0.5909427242116467,0.20990645153173332,12.43225851207851,45.3125,116,1465.6870576082224,0.1171875,0.6924368530541685,1.04543336109163,5.130570922477899,0.2799466110564924,1457.6032207339526,8.083836874269805
median_motion_010,median,motion,10,amp_std,0.1590463568354466,0.10303698047403925,0.19095940803632339,0.03646549551758305,0.24851808614306378,0.14100707767815285,1.9205569343950806,2.8103122502737934,1.200652513107824,15.810877219894085,0.06176123914021127,0.015625,4,0.43816998759221193,0.21435178383329698,11.941099921787686,30.078125,77,1194.900458488936,0.0390625,0.37732594932050123,0.6911557999835188,4.176551370685086,0.12294013109897932,1194.361210127084,0.539248361851645
median_motion_010,median,motion,10,amp_max,0.34009018016992515,0.3104264508665733,0.2632667073997711,0.06930935922511669,0.4300821896720775,0.3994972427895338,0.5106626482862844,-0.7151364317617923,0.7741085240022411,47.35249660752098,0.18497068987312884,0.03125,5,0.6632718676396344,0.4395705718241798,25.841918894656608,45.703125,117,2271.1254971963954,0.0390625,0.4432305930796121,0.7475125932525192,4.44750625000501,0.14804305254929015,2269.2801664576423,1.8453307387537685
median_motion_010,median,motion,10,phase_std,0.015621054589831795,0.011977807852960199,0.011915562630456704,0.00014198063280033627,0.019646831278830722,0.0147383220285939,0.847119984356496,-0.34176056997494797,0.7627886171942646,0.09881548270050337,0.0003859979792988413,0.0234375,5,0.03064263599062502,0.021654216013592038,20.997675239070706,38.28125,98,4.652393738915067,0.078125,0.6219401285734188,0.9383580912320608,4.92581593271724,0.23954265786011855,4.637267192140044,0.015126546775023057
median_motion_010,median,motion,10,i_mean,0.3662062299601787,0.29012478498267635,0.2709881731086049,0.07343458996473923,0.45556733072772737,0.47726340148154367,0.4097143430636146,-0.9364714842358155,0.7399878837051248,53.13064776355495,0.2075415928263865,0.03125,6,0.7285334580012837,0.44663267559485575,17.812450968890484,43.75,112,2406.3039581410258,0.1171875,0.3928214532600267,0.6587826242266691,4.124546861716695,0.11118789171311332,2405.2443881256063,1.059570015419229
median_motion_010,median,motion,10,q_mean,0.4296331776855545,0.44744978509912314,0.2110032982491929,0.044522391872037846,0.47865129190280586,0.21120375523749013,0.32588299168102736,0.713834321084017,0.49112431070938756,58.651407165497616,0.22910705924022506,0.05078125,9,0.5906503925584928,0.27302620677846545,13.631085099947208,52.734375,135,1458.9089911745014,0.078125,0.38797249200805406,0.5677531332727763,4.433098505433184,0.09449776707143615,1458.159027363496,0.7499638110053342
median_motion_011,median,motion,11,amp_mean,0.2659972118049625,0.2145668088958178,0.1961637724427412,0.03848022561896755,0.33050679615853834,0.3365590339106872,0.4185439228349014,-1.1256006698056427,0.7374655212019183,27.964094030587297,0.10923474230698163,0.03125,9,0.5084362459838404,0.1234755700062281,9.464609188980269,45.3125,116,1260.9193905250047,0.0390625,0.3947020922882189,0.6578549120088915,4.352006851870833,0.12093388159851542,1260.1426304578554,0.776760067149443
median_motion_011,median,motion,11,amp_std,0.11472515032464908,0.1165604354683139,0.08278426515371005,0.0068532345570397725,0.14147471390341493,0.1684823087532975,-0.021143650913810735,-1.3259149240445256,0.7215877679717626,5.123864236557594,0.020015094674053102,0.0390625,12,0.1943384975960737,0.04957333369288539,14.036163560280771,50.78125,130,224.56674212505823,0.0390625,0.35162195373998156,0.4706659758079023,4.346956704361924,0.06666257704524632,224.43009104294399,0.13665108211421986
median_motion_011,median,motion,11,amp_max,0.29886229248680424,0.2959166239525828,0.21620175973052358,0.04674320091057505,0.36886565410870553,0.35966363380453514,0.426735800171542,-0.39213164747350904,0.7234159851040632,34.83183891994705,0.13606187078104318,0.03125,6,0.6120030696418627,0.259275488319236,13.211706495376136,49.21875,126,1531.6676274182287,0.0390625,0.6772678624547748,1.0051704882648316,5.082480043734643,0.2645626827582377,1525.822667525756,5.844959892472482
median_motion_011,median,motion,11,phase_std,0.014598179890459029,0.0099537811433826,0.016767533785429247,0.0002811501892455113,0.02223189252762152,0.01943824531638675,1.2821744821544108,0.6295710894850917,1.14860440891261,0.12652980361208668,0.0004942570453597136,0.02734375,3,0.0404663750913685,0.0404663750913685,32.47814868814606,33.203125,85,9.21271307441614,0.1953125,0.43884034277196343,0.7472410309949775,4.393648777715524,0.14432388052306938,9.202968041969045,0.009745032447096524
median_motion_011,median,motion,11,i_mean,0.30366680555198045,0.24360797749633512,0.19387914659386823,0.03758912348396665,0.3602813515547411,0.25818096925354983,0.7244671492926578,-0.45045070373551566,0.6384601248753952,33.22947898319641,0.12980265227811097,0.0390625,6,0.5879342757440579,0.36467465525377346,15.533992262534687,38.671875,99,1231.7191005480872,0.15625,0.441659145075282,0.6611594208900644,4.4811924507035155,0.12703168762986458,1230.8369244928615,0.8821760552257911
median_motion_011,median,motion,11,q_mean,0.3046859429806631,0.29687882551616945,0.19970031852642842,0.039880217219556965,0.3642989720951362,0.375570875207793,-0.11404120380182249,-1.434751661652636,0.6554300358334778,33.97471771381064,0.13271374106957282,0.03125,8,0.5371287853917287,0.2815442415757107,17.92846375169848,49.21875,126,1306.792892915148,0.0390625,0.4662882386939481,0.7230818907937139,4.664325354149783,0.148195933023823,1305.061121663828,1.7317712513198802
median_motion_012,median,motion,12,amp_mean,0.31221093449510023,0.30003553424708673,0.20474070086726506,0.04191875459161891,0.3733556243180524,0.33084132539996547,0.06508723595616515,-0.9672990171907454,0.6557768426583486,35.684972085740206,0.13939442220992268,0.05078125,8,0.49344601678732214,0.24730915225911965,15.238120410588257,48.4375,124,1373.5620583150453,0.0390625,0.7919577748423261,1.1004770649441602,5.404739436153189,0.32367167105638306,1360.6126839681324,12.949374346912965
median_motion_012,median,motion,12,amp_std,0.14805495293979898,0.1729595570177624,0.07309693744157697,0.005343162263337817,0.16511641757664167,0.10430572659961887,-0.4726598326028065,-0.6485530784321543,0.4937149078072747,6.9794384264560385,0.0272634313533439,0.03515625,10,0.21478544172900116,0.08718418833449657,20.47546320934095,55.078125,141,175.08028053628078,0.078125,0.7838602814153893,1.09023608387257,5.4072847841108445,0.3170531033134329,173.26840795623855,1.81187258004224
median_motion_012,median,motion,12,amp_max,0.44719822808769344,0.4798696832697658,0.19657605173864304,0.038642144117153665,0.4884960586554679,0.29420986245399167,-0.039403709285735625,-0.6035612454011794,0.43957251928032204,61.08887022641314,0.23862839932192634,0.03515625,6,0.7023942872595276,0.4164577115899937,21.50753815569836,54.6875,140,1266.1778618030341,0.1171875,0.9063618115683496,1.1587597036314312,5.62251571534251,0.36706379082136786,1246.117360251542,20.060501551491942
median_motion_012,median,motion,12,phase_std,0.0174996491886426,0.014079442351960899,0.01715757442918738,0.0002943823602931046,0.024507551530470444,0.021714298318673473,0.9331742069166196,-0.09705600298927264,0.9804524789755396,0.15375874099677803,0.0006006200820186642,0.03125,5,0.03653320591962708,0.027529663542128664,20.80148167317004,42.1875,108,9.646292652696122,0.15625,0.49109668100117465,0.8247104799192523,4.6043427436426665,0.17520216194711663,9.634006883031525,0.012285769664596357
median_motion_012,median,motion,12,i_mean,0.33580099806843716,0.34893446446334003,0.17650083807957195,0.03115254584279128,0.37936111575456677,0.24973685867626777,0.03776695717688559,-0.7142106053170898,0.5256114159704641,36.84220317351675,0.1439148561465498,0.04296875,7,0.5098889601311256,0.2569340647901871,15.419371483939756,51.953125,133,1020.7788343189017,0.1171875,0.8539031315471419,1.1623773220150266,5.4286493084332905,0.3481915368667032,1009.145607188766,11.633227130135616
median_motion_012,median,motion,12,q_mean,0.2866891349054368,0.22767516768283405,0.23452185277195078,0.05500049942758856,0.3703932498040647,0.2955766569188366,0.8044291290782304,-0.38331407246332816,0.8180353707805802,35.120936832106565,0.13719115950041627,0.04296875,9,0.5029836449443131,0.22327146858980035,13.724857667992818,39.453125,101,1802.2460844859238,0.078125,0.5662368797156497,0.9554596984850883,4.6931892207772865,0.21837428258697592,1797.3424203539146,4.903664132009026
median_motion_013,median,motion,13,amp_mean,0.3051141293388299,0.2810401218388362,0.16963242474145185,0.02877515952366433,0.3490985411683305,0.1940633564060832,0.6331760243204733,-0.19374481157692935,0.5559638457533336,31.198666610139277,0.12186979144585655,0.05078125,7,0.44812921596870975,0.2682054828019936,22.094100920359065,39.84375,102,942.8782637146492,0.1953125,0.8468495834615904,1.1336224140938242,5.508660494866098,0.3499669425476611,931.0896911650691,11.788572549580074
median_motion_013,median,motion,13,amp_std,0.12127362287011184,0.11651275937267905,0.0596250816080599,0.0035551503567678028,0.13513860277807344,0.08126358454434573,0.3338029905956262,-0.1694749787512828,0.49165746183264203,4.675185141967338,0.018262441960809915,0.04296875,6,0.17017180509457544,0.09000170683357729,21.26449581025991,44.53125,114,116.48604189729065,0.1171875,1.0846735129497231,1.276730525677608,5.934610505618206,0.45954132709689943,112.46949525053594,4.016546646754691
median_motion_013,median,motion,13,amp_max,0.3797298708295337,0.3178094016166826,0.1999940758951439,0.03999763039315258,0.4291764266515192,0.3313571630059324,0.4587906244946318,-0.9086875982915235,0.5266745949106477,47.15325572950192,0.18419240519336688,0.03515625,5,0.5793453766677436,0.3669466221884057,20.506769895312164,38.671875,99,1310.5800216171408,0.1171875,0.9491082858078014,1.2100478725614534,5.701937123618765,0.3957083425895644,1284.1798119747646,26.400209642376367
median_motion_013,median,motion,13,phase_std,0.016117891766978136,0.01560823040495145,0.011937952528456301,0.0001425147105716762,0.02005744613812282,0.015103225643640677,0.7041937201443689,0.32232295483230855,0.7406646415242572,0.10298909326942667,0.0004023011455836979,0.04296875,8,0.025826167363730064,0.0143222647327069,14.2304927866951,49.609375,127,4.6699052822194105,0.15625,0.5526374446446198,0.8840942727500726,4.770973136293643,0.2054709016819218,4.660960104885909,0.008945177333502093
median_motion_013,median,motion,13,i_mean,0.3974927502924131,0.42006845161743095,0.16899866764001825,0.028560549664101355,0.4319271190827545,0.22196725280357593,-0.5031085992179262,-0.2521670792733257,0.4251616350619484,47.75962526697677,0.186561036199128,0.04296875,9,0.5711968048716852,0.20534448815979542,11.315340996324052,56.640625,145,935.8474274650022,0.1171875,0.8523990600922974,1.1375457495685681,5.482745156074843,0.350459423933906,925.3915408160709,10.455886648931394
median_motion_013,median,motion,13,q_mean,0.31127619985885013,0.2665872247968764,0.21539884414707114,0.04639666205989425,0.37853604142599295,0.2399839289340635,0.8596701189779228,-0.09885124419263525,0.6919862303769223,36.68212087256603,0.14328953465846106,0.03515625,9,0.5269341255624561,0.20764918008946007,11.359529284374073,41.015625,105,1520.3112184251563,0.078125,0.6507047428132104,0.9873940107940073,5.067148494338188,0.2515032027557381,1514.5269785648297,5.784239860326592
median_motion_014,median,motion,14,amp_mean,0.2466951385941832,0.25175960978969025,0.14414866676431062,0.02077883812992827,0.28572246942782,0.16806290775205293,0.2525842268051756,-0.30939837447215224,0.5843190408419551,20.89915636119847,0.08163732953593153,0.04296875,8,0.3903705042182165,0.18138060545300635,22.899327279501847,51.171875,131,680.8560078145309,0.0390625,0.8970400023849976,1.1734325636917462,5.591278361282576,0.37413693919150587,670.9604759803241,9.895531834206842
median_motion_014,median,motion,14,amp_std,0.09917485013266396,0.0885164532362063,0.06712535923536707,0.004505813852477079,0.11975585476841388,0.08594110255649504,0.7828576412476671,0.20351049637162966,0.6768385245341753,3.67141497633624,0.014341464751313437,0.02734375,7,0.16725648948979005,0.08255732426181088,18.13737363078675,43.75,112,147.64272724199836,0.0390625,0.7853133979666173,1.1191244992934455,5.374605426307795,0.326936616138377,146.304084980644,1.3386422613543723
median_motion_014,median,motion,14,amp_max,0.2914392469159993,0.24654109815978997,0.25785831246909424,0.06649090930940904,0.38913717883591364,0.255198279175576,1.1900729643285357,0.6914697156310754,0.8847755242193966,38.765502451807706,0.15142774395237385,0.03515625,8,0.5018575357221894,0.2250276515474389,15.919037512990167,41.40625,106,2178.7117682293638,0.0390625,0.8472180765790152,1.1777553085998471,5.467669958019709,0.35495060661980443,2152.390721312493,26.32104691687045
median_motion_014,median,motion,14,phase_std,0.009594353118900237,0.00803370182136445,0.008058659747104043,6.494199691959499e-05,0.012529709042501573,0.013381318665329,0.4845909039973545,-0.9959617675447121,0.839937789071895,0.0401903638245749,0.0001569936086897457,0.0390625,7,0.017345502275390428,0.009028144368739154,12.613771977067264,44.140625,113,2.1280047132352315,0.0390625,0.5723635597070185,0.890343732264235,4.836734078738141,0.2150088595599547,2.1215454013008332,0.006459311934398321
median_motion_014,median,motion,14,i_mean,0.28789319181327944,0.2671055001339112,0.19888164144503342,0.03955390730387084,0.34990912705488053,0.31767151191858256,0.2623346067689255,-1.070426167827024,0.690817452791077,31.343717682254983,0.12243639719630853,0.0234375,6,0.49927068690730075,0.2128378152328859,14.462438420658813,46.875,120,1296.0892816504488,0.0390625,0.6575502912128873,1.0153786747625975,5.025835691177239,0.2663838871262586,1290.7933181427898,5.295963507658916
median_motion_014,median,motion,14,q_mean,0.23684423730916615,0.23276215521990584,0.1243862965061724,0.015471950758521437,0.2675203609168507,0.1901583404559589,0.3121516376115679,-0.45023957418999183,0.525181857573671,18.321188737301007,0.07156714350508206,0.046875,10,0.3665259563639383,0.19455900514305294,10.986767617492376,48.828125,125,506.98445627835997,0.0390625,0.47932134032048535,0.6211718237401943,4.774301655934711,0.12007094265424921,505.9654873975196,1.0189688808403803
median_motion_015,median,motion,15,amp_mean,0.20177252437982623,0.1784791608237381,0.1591739793136441,0.0253363556905404,0.256999041409006,0.2811000082877703,0.24983873533293408,-1.2880788042874207,0.7888783658830502,16.90841786499788,0.06604850728514797,0.03125,6,0.37835755145790273,0.25777398099495347,21.839619031408144,46.875,120,830.221051428613,0.078125,0.3919474372693532,0.5849833133970445,4.321277491392271,0.0947512849803378,829.2663126147892,0.9547388138239855
median_motion_015,median,motion,15,amp_std,0.07514868241199046,0.0517772775464994,0.07316986565612833,0.005353829240135869,0.10488638476177008,0.09832819242026311,1.1066650954799255,0.5385937790004003,0.9736679780227249,2.816295349348883,0.011001153708394074,0.03125,6,0.1564353932796921,0.10547080265894125,17.335037385927247,41.40625,106,175.43422673200246,0.078125,0.33090220515146973,0.4687478017084476,4.123090728732271,0.05936552854933361,175.34848053455144,0.08574619745101325
median_motion_015,median,motion,15,amp_max,0.23106017002939583,0.13758434017168825,0.2553942947530901,0.06522624579242826,0.34440535414891793,0.2867470497789249,1.5713620405653808,1.7994960468074037,1.1053150991773837,30.36545227940905,0.1186150479664416,0.0234375,6,0.4939812836059588,0.2920455275415749,14.020839774972188,35.9375,92,2137.331074536017,0.078125,0.42043835982474553,0.7354916373660986,4.327957693012653,0.13765230773408813,2135.410868862184,1.9202056738326947
median_motion_015,median,motion,15,phase_std,0.12762886998711948,0.011116575230852,0.2294946304919213,0.052667785424623484,0.26259648489424325,0.0675011895901349,1.6071311526723724,0.7812467203256928,1.798140424758788,17.652969952976008,0.06895691387881253,0.0078125,2,0.6617115031842843,0.3433858631742939,25.795752668424086,21.875,56,1725.8179074667066,0.0390625,0.23958252482456552,0.42764703312640817,3.563271885380393,0.04889357006668884,1725.7012419710004,0.11666549570610532
median_motion_015,median,motion,15,i_mean,0.31813068107646947,0.3028304373912643,0.21515894164243768,0.0462933701686939,0.38405793887234285,0.3221706127534906,0.3242077725243099,-0.6587406684992043,0.6763225128545315,37.7601281051833,0.14750050041087226,0.0234375,7,0.5672085874384803,0.1259033512962613,7.480190755790001,44.140625,113,1516.9346191152583,0.0390625,0.5382782488780566,0.8989646726476681,4.67084318112115,0.20597404356450486,1514.1100952356041,2.824523879654257
median_motion_015,median,motion,15,q_mean,0.1758947502615725,0.1537268039678874,0.15832196140760724,0.025065843463951874,0.2366533469730205,0.27669060821377955,0.568654801357262,-0.7212250342873623,0.9000948645213519,14.337230498184406,0.056004806633532835,0.0390625,9,0.3355062635791834,0.13397019042933572,13.067689916564596,44.140625,113,821.3572586493872,0.0390625,0.4153731833287546,0.5478775156562681,4.590015821832212,0.09015396237507717,820.2954933466026,1.061765302784658
median_motion_016,median,motion,16,amp_mean,0.17009504687438104,0.1262830036511448,0.15795065698884314,0.024948410043207185,0.23212224153321684,0.26788620865270885,0.5768390424911143,-1.0598695148685258,0.9286023308166321,13.793468163687695,0.05388073501440506,0.0234375,6,0.35778785534877583,0.23265154292193466,15.297250254395474,42.1875,108,817.5068719935266,0.078125,0.49294934697704745,0.8184345369217921,4.459916545845645,0.1688354003148453,816.4982339255662,1.0086380679603288
median_motion_016,median,motion,16,amp_std,0.09895356611610473,0.04234192586547145,0.14592428487632741,0.021293896916667557,0.1763113869373214,0.11695480187500844,2.13097480268364,3.5386922764143485,1.474674340727004,7.957940521923037,0.031085705163761863,0.0234375,5,0.21382407520854083,0.15598200220555136,15.518815383257092,31.640625,81,697.7582260570885,0.078125,0.29419780753703756,0.48011117848912477,3.966187075570817,0.06331717642951859,697.6083475045424,0.14987855254610266
median_motion_016,median,motion,16,amp_max,0.17357709372091285,0.1319470701256188,0.17203031572750582,0.02959442952930534,0.24438379036651328,0.3008363031365824,0.9555329109257877,0.4705315086682207,0.9910888126927329,15.2891998704394,0.05972343699390391,0.03125,6,0.41133948804023973,0.27880411164744434,15.511477954694229,41.40625,106,969.7502308404721,0.078125,0.3933113626656591,0.5248302807350845,4.220591661048644,0.08180208919513719,968.8017380295989,0.9484928108731481
median_motion_016,median,motion,16,phase_std,0.131267135462843,0.016533222543191152,0.2278707592615485,0.0519250829264346,0.2629755573794929,0.06840463996275455,1.6031823742985103,0.7806967988896574,1.7359315296730504,17.70397280743807,0.06915614377905496,0.0078125,2,0.6617115031842843,0.35027829639940783,25.88675871274309,21.484375,55,1701.4810851858047,0.0390625,0.2268232328338528,0.3658194877837711,3.572267795723743,0.035568083628619185,1701.3871449376286,0.0939402481761448
median_motion_016,median,motion,16,i_mean,0.4420873214713607,0.42906911292348393,0.21095213336308144,0.0445008025704353,0.48983875140310973,0.3255676441987435,0.032528137332474324,-0.7825219960210132,0.47717299980580913,61.42515260829633,0.23994200237615754,0.0234375,9,0.6945446605129464,0.16162418611496104,12.864469505698597,44.921875,115,1458.1993710565175,0.078125,0.5539867111540936,0.8948417321516172,4.524982011463121,0.2062393762520514,1456.052810500605,2.146560555912852
median_motion_016,median,motion,16,q_mean,0.2612454561686528,0.21057428705854542,0.2450664487957999,0.060057564325384415,0.3581993197846025,0.46789143059788396,0.37852044411540897,-1.3092984546532238,0.9380697080398358,32.84652868970289,0.12830675269415193,0.02734375,7,0.563813240060215,0.30467912074862535,17.591284779005036,46.09375,118,1967.9580641024024,0.0390625,0.49412321891622074,0.827850769420403,4.629365681531647,0.1733692464863471,1964.5143615124725,3.443702589930296
median_motion_017,median,motion,17,amp_mean,0.17844297290360805,0.11505429487041015,0.1706203063245938,0.02911128893029822,0.24688698529686823,0.289943324432474,0.5843860717594903,-1.03998881397256,0.9561615318738491,15.604014978297862,0.06095318350897602,0.02734375,6,0.41220724072004616,0.23555000179279054,15.923789783330948,42.96875,110,953.9054720011761,0.1171875,0.744221313807874,1.1008107013557855,5.026321696610733,0.2974392930653855,948.659561875698,5.245910125478026
median_motion_017,median,motion,17,amp_std,0.10833815142780583,0.071566185608131,0.1439993824155046,0.020735822136046737,0.18020260039977481,0.0805698258469966,2.0880837811017448,3.330587415624633,1.3291659541572802,8.313082160855275,0.03247297719084092,0.01171875,2,0.3339318671207304,0.2763262096920643,14.552740083364164,21.09375,54,679.4644208238051,0.078125,0.672396401869347,1.06079507361323,4.987560129203508,0.2624392165181112,676.0797106236967,3.3847102001083957
median_motion_017,median,motion,17,amp_max,0.2520206050017577,0.1969613786102054,0.22604069835778068,0.0510943973140732,0.3385391892521827,0.40163759585714104,0.5605404776335273,-0.9524148198448383,0.8969135613149856,29.339848360838445,0.11460878265952518,0.02734375,6,0.5644078151371232,0.2508404532880991,15.06760150403281,42.1875,108,1674.194410593648,0.078125,0.9267281830301529,1.2233955216627295,5.588054422596743,0.3863846499827981,1646.5346383482706,27.659772245377162
median_motion_017,median,motion,17,phase_std,0.08790705938087182,0.01405196172497495,0.19199212490163065,0.03686097602424334,0.211160193012877,0.038467101539955605,2.418860166162715,4.22806736769082,2.184035346554013,11.41468854098828,0.04458862711323547,0.0078125,1,0.7185161850284912,0.704531062976799,28.298356740198642,14.453125,37,1207.8604257968045,0.0390625,0.267702501732962,0.4038050659951409,3.903157521734038,0.04587062309138709,1207.678132743036,0.18229305376842833
median_motion_017,median,motion,17,i_mean,0.4216116203965642,0.39788708993180777,0.2168722916864825,0.047033590901346754,0.4741201845046922,0.36374470091596517,0.06016220865303491,-1.020554030193989,0.5143887909967471,57.54622703481942,0.22478994935476335,0.02734375,9,0.6863923026438715,0.16214330697376292,12.56329446306298,47.65625,122,1541.1966933171534,0.078125,0.32110272041162535,0.4634798785272678,3.9721610005109933,0.05663488816562201,1540.691680352585,0.5050129645685957
median_motion_017,median,motion,17,q_mean,0.41022590890090965,0.41029688289720667,0.24456838268387077,0.059813693808604254,0.4775971002237992,0.40096738905866725,-0.031028606050783333,-1.0789919343234018,0.5961797569990887,58.39334147639851,0.22809899014218168,0.03515625,7,0.6509404831243037,0.31946102294279305,17.976309137114317,50.0,128,1959.9670515379087,0.078125,0.47871246801217965,0.8156479161322594,4.534474306316178,0.1712362194068385,1957.3387492994098,2.628302238498764
median_motion_018,median,motion,18,amp_mean,0.19540967935259337,0.15740224976044384,0.17195904461129097,0.029569913023627957,0.26029762927908373,0.30473890244711554,0.4836007171001116,-1.1361861791972898,0.8799924608654184,17.345243086927695,0.06775485580831131,0.03125,7,0.42277048969262704,0.2325968591933572,14.992609195502085,42.96875,110,968.9433051093433,0.1171875,0.5109876366936899,0.8641632355313724,4.5679161519243445,0.18648026091175388,967.3539667997132,1.5893383096300426
median_motion_018,median,motion,18,amp_std,0.18301058215715343,0.08273813892256959,0.2572242289747633,0.06616430397166147,0.31568525013557674,0.16220305593364448,2.208078627966876,3.6365161346260813,1.405515604297003,25.512237351209386,0.09965717715316166,0.015625,4,0.43339515974659204,0.31649632155453455,20.003594088988628,27.734375,71,2168.0706667642316,0.1171875,0.3422523613271684,0.6092742384736671,4.12860386612126,0.09818037635122293,2167.367842903555,0.7028238606763377
median_motion_018,median,motion,18,amp_max,0.37890450545274956,0.3043638896391877,0.27580048091697845,0.0760659052740366,0.46865182121317883,0.49191337768581106,0.4001097338398535,-1.1746813051938183,0.7278891566272063,56.226439558765904,0.2196345295264293,0.0234375,8,0.7069901636936474,0.2940184946446057,15.428785805537197,46.484375,119,2492.524414824783,0.15625,0.43328950164112817,0.7473292077582683,4.377360428205243,0.14455828764165235,2490.651279047306,1.8731357774767585
median_motion_018,median,motion,18,phase_std,0.0927117123497816,0.022156203462272248,0.19007356956568824,0.03612796184744253,0.21147913243218863,0.027469502615451648,2.4286782919866248,4.268693062248064,2.050157037834992,11.44919640429342,0.044723423454271174,0.0078125,1,0.7185161850284912,0.7150787427947976,28.435131313721158,14.0625,36,1183.8410172476833,0.0390625,0.2595003743409156,0.3645678908830385,3.888383442599861,0.035893628804796046,1183.6792617537453,0.16175549393793526
median_motion_018,median,motion,18,i_mean,0.46937129513127496,0.4504603236021506,0.19719814600177368,0.03888710878653685,0.5091134662133259,0.310042748088988,0.150653735717348,-0.8625158668886965,0.42013252204994916,66.35430949881531,0.2591965214797473,0.0390625,10,0.6844336954083022,0.2239163671673901,13.69926035929277,46.09375,118,1274.251443545324,0.15625,0.4372669809126421,0.6890921870946526,4.415688527065175,0.13072922465827708,1272.9905460417149,1.260897503609078
median_motion_018,median,motion,18,q_mean,0.316663127811279,0.2780592574303405,0.23297506035128868,0.054277378745686604,0.3931321854807986,0.27231208208636265,0.7196167854768004,-0.2917582567689947,0.7357189388004738,39.56554630679271,0.15455291526090903,0.05078125,8,0.46871727106508343,0.23591395777312896,17.213426026807078,39.84375,102,1778.5592046503489,0.0390625,0.3874249947365157,0.6803412860561595,4.289292453833832,0.12093276658421155,1777.3810563042466,1.1781483461024957
