Signal,STD,RMS,Energy,PeakCount,PeakHeight,PeakProminence,ActivityRatio,SpectralEntropy,SpectralCentroid,Bandwidth,FFTEnergy
amp_mean,0.20115980064981293,0.2356453749856702,14.215358144547103,2,0.5292394998905378,0.5043534546634068,23.4375,4.299951166800723,0.38250073469705737,0.6488650832621577,1325.9647402114256
amp_std,0.18103266130153212,0.19520036879241948,9.754415098034322,1,0.6575104046522445,0.6575104046522445,12.890625,4.089736832829537,0.30050028075750257,0.44538565610399,1073.8998161089776
amp_max,0.23490561160339876,0.2637441353012351,17.807608039883824,2,0.6072186970223651,0.42362801781643966,20.703125,4.935090985272416,0.6376923956448165,1.0260069162598036,1808.1428308245745
phase_std,0.2385224571792182,0.2714294065193903,18.860524217207917,2,0.580927280989559,0.4031287310317831,20.703125,4.808055998542592,0.5730787169471366,0.9554611866044468,1864.2570687886137
i_mean,0.022854344691351138,0.03433154751489636,0.30173571962050205,6,0.053664856546170724,0.028330021643621434,50.78125,5.394809916788868,0.8673727098019876,1.1883103078226784,17.115080142762494
q_mean,0.02022784318771407,0.03170857076570515,0.2573909657609552,6,0.04967320390270475,0.028416426127642985,49.609375,4.43009379794989,0.4648262580065687,0.7751788655780835,13.407525690082826
amp_mean,0.19289312872627984,0.2486703242775374,15.830254125131676,3,0.43816731123540226,0.4039934029622381,32.03125,4.077237306935434,0.30849971737873827,0.42645370980090747,1219.2237662465527
amp_std,0.044001614800065016,0.04643266103029413,0.5519339546506739,1,0.0288337114282295,0.0288337114282295,21.875,6.688936511736338,1.6376262018661647,1.3799409251243815,63.40932393460722
amp_max,0.2337983060420887,0.32296321151441776,26.702140413876876,5,0.39560237681178406,0.29899244710011713,44.921875,5.319795079247676,0.834819666989281,1.1628318394988992,1791.1114795540161
phase_std,0.23644509390383436,0.2759987298679655,19.500876515514925,2,0.580927280989559,0.5546189089578131,23.828125,4.044543587300442,0.2973595530782335,0.4483532500184743,1831.936914200559
i_mean,0.022075482983669677,0.040323287604779316,0.41624768595398376,5,0.06030225095849495,0.03936735026562168,49.21875,4.41697642289448,0.42754599019316664,0.7318231943083674,15.96870200018301
q_mean,0.01794326421843148,0.03437140826523652,0.3024367887707058,6,0.04829441906830837,0.024565118764919097,50.78125,4.111749704282934,0.31166951442029417,0.4584890090677591,10.550009097295545
amp_mean,0.13572316868043713,0.19063501580222625,9.303477567978252,3,0.3537709175347068,0.3015496324191312,34.765625,4.0659935534230565,0.3304760011076779,0.47514236209980565,603.6120027752277
amp_std,0.0040693190441914015,0.006020121330963834,0.009277916374918597,6,0.009069923388389316,0.003975773112973134,37.890625,6.077328529492542,1.183535357807787,1.2889647356101597,0.542568502068709
amp_max,0.1649219006281868,0.22741901316397659,13.240168332410102,4,0.33961526140063814,0.21989394743531837,42.578125,5.2034570253812,0.777330492072327,1.141864074105793,891.2479893899598
phase_std,0.09380692073642424,0.1197562217846144,3.6714374799681924,2,0.24942632359250855,0.17057742526986053,29.296875,5.401807452669749,0.8582027054665435,1.187375222658269,288.3426930878231
i_mean,0.01919743813005679,0.03279294108694472,0.27529650819374774,5,0.047284309246559644,0.020923513322642102,38.671875,4.805353574061192,0.6615294715227577,1.026792113757026,12.076287945259466
q_mean,0.013065480726477395,0.028975407752081444,0.21493100912624166,7,0.038287235915466074,0.021526908516623058,46.484375,4.397541805746956,0.4167207599990874,0.6519885632060232,5.593714982105676
amp_mean,0.15138617588105274,0.20612277737988757,10.876569434828465,3,0.3956582745924753,0.37604766528340045,34.765625,4.088277430344233,0.32489991075434566,0.4486173506252601,750.9695657783936
amp_std,0.017977858661754702,0.021183435473045874,0.11487691224081875,4,0.027068811148954423,0.0217943448816535,26.171875,4.187033423157212,0.32530458171053234,0.5006698928772055,10.59072818682441
amp_max,0.11419730689349941,0.1406331102866323,5.0630839574763735,3,0.28064781168763403,0.07220246410421982,30.859375,5.971220320431566,1.0934122460438354,1.2965392895088024,427.290790026104
phase_std,0.08519552706539579,0.1096931486684818,3.0803422373902465,2,0.24942632359250855,0.2124917859199565,26.953125,4.250263350727264,0.3719621520427759,0.6172947251844981,237.83916054061348
i_mean,0.015747744244049417,0.028818422153495504,0.21260837258677262,8,0.03909793062730861,0.0163936437659314,44.921875,4.243197014084119,0.33185607766347675,0.48015499778844506,8.126182702136788
q_mean,0.012153747948240912,0.019668108655618296,0.09902963151083706,6,0.03320165998590086,0.014303053799199467,38.671875,5.297413582084435,0.7885970901278473,1.1091041321332695,4.840178581499234
amp_mean,0.12003007636572274,0.15013888083800178,5.770670986057651,1,0.3816850050984369,0.3816850050984369,19.53125,5.413805651646793,0.8569516000229226,1.1733596875228922,472.0833511517765
amp_std,0.12409471801864763,0.13473404346512255,4.6472351919261525,2,0.30394730893576233,0.03484394739798679,18.75,5.840971378745902,1.0454121558273008,1.2920514002946732,504.57616083946596
amp_max,0.09001642437425202,0.11869932058781787,3.6069193492504485,3,0.19993123706289972,0.16892041398644886,32.8125,4.401081817956401,0.44105071507008037,0.7914500864002575,265.51714155479755
phase_std,0.02619693261861401,0.04964518893415114,0.630949064782736,6,0.07429656707933165,0.026235305492342303,49.21875,4.565506189231995,0.4514390840342412,0.7491463661828013,22.487963416301273
i_mean,0.017289135612625108,0.033881742993288576,0.2938809621153944,7,0.050645820033176935,0.02024138585005999,40.625,4.374339115831477,0.4005362333914797,0.6179074634762812,9.794815183146856
q_mean,0.009722881664186698,0.015600744467100962,0.062306106349512,8,0.025163502426455826,0.0138006335039141,44.140625,4.3288460367401225,0.35881199166832756,0.4791557924174546,3.0977027746904655
amp_mean,0.10742143191251183,0.14366220539414642,5.2835402902297375,2,0.3150848021100212,0.3042376054796362,25.390625,5.274116872567522,0.7646522470796505,1.0959996870932724,378.11479099190507
amp_std,0.1472049738940877,0.17111817472511742,7.496046008641489,1,0.5380987704446335,0.5328606111861659,22.65625,5.02620791757443,0.731143231611079,1.13145515455051,710.049945877666
amp_max,0.08885857800918721,0.11274764294404825,3.2542799332962797,1,0.3527368317141597,0.3340906402843678,16.40625,5.045412159148422,0.6712540125797603,1.0437463103281526,258.72830616565034
phase_std,0.031545198034733914,0.05865058927540207,0.8806122553220885,8,0.07880975415185076,0.028959249950234127,55.859375,4.679557901324496,0.47845960871694937,0.7520145335320533,32.60733846697306
i_mean,0.01691010866842101,0.036361522424570886,0.3384730401363383,8,0.05192551743702939,0.02253760356745945,48.046875,4.94086360594425,0.6158905152460673,0.9570174047064325,9.36999829127556
q_mean,0.011561651504244184,0.023723770607451893,0.14408122670975956,10,0.033568957944290274,0.01070137262985806,51.5625,5.30286629534144,0.7639123727710326,1.0964910455675174,4.380079786929941
amp_mean,0.17696105690461872,0.27261427769445057,19.025547367133953,4,0.4168271932812796,0.3545101484818961,48.4375,5.220225370471366,0.7424824302812987,1.0887417533963208,1026.1212507083128
amp_std,0.13805155004699485,0.17543252123256925,7.87880179354006,2,0.3327371033888773,0.20750580234976518,27.34375,5.254451025429948,0.799666555301662,1.1462617457394955,624.4884411546252
amp_max,0.07950676274977485,0.11238753445850193,3.2335252228252056,2,0.2460966212444327,0.2265233504012199,28.515625,4.544432495676029,0.4957343343163791,0.8365051745716344,207.13663407326507
phase_std,0.03759682465321177,0.071790842363029,1.3194048120814794,7,0.09503472466690124,0.04067761080344696,52.34375,4.132049591253784,0.3426688547981848,0.4819749295612419,46.31826197076234
i_mean,0.018494759812483004,0.03259619684984602,0.27200308456292144,6,0.05119719895192439,0.0283628895301196,41.40625,4.296083696389086,0.41238776280555645,0.6705273955768823,11.208486031819486
q_mean,0.013202462257072136,0.028118397572131876,0.20240493619826477,7,0.03944488609840063,0.019910719277732643,48.4375,4.124760049742013,0.3728295850821843,0.579959732721747,5.711624334154591
amp_mean,0.18322412577231484,0.25929383403833023,17.211722846796064,4,0.40560066447808163,0.27611220359426697,42.578125,4.754803294404605,0.5958382604117661,0.9645037073637645,1100.0511196170162
amp_std,0.11971042259736508,0.140308721573689,5.039753561508604,2,0.3327371033888773,0.18437064293016414,21.875,5.28210942529851,0.8295370148497564,1.160828201083615,469.57492631839636
amp_max,0.10116472964747472,0.12654126953062345,4.099249380972004,2,0.2460966212444327,0.13839154261904446,31.640625,4.922389929815204,0.6781069770974333,1.0566669014743497,335.3544401247289
phase_std,0.07293971673049082,0.11757762704713293,3.539071585800879,5,0.1469246395614799,0.06471426563027756,36.71875,4.157014720980136,0.35539444022314004,0.6264746551595026,174.33226950597648
i_mean,0.014281809605094772,0.02420205823111212,0.14994934339126836,7,0.03523507127990043,0.020191590562092528,40.625,4.848338722569515,0.6116582403792539,0.9425624737503173,6.683654119745816
q_mean,0.014177752443963304,0.02184726213757885,0.1221895329044701,5,0.03080522535962472,0.0245004514020641,43.75,5.088634184557888,0.6934419510626375,1.0707825254328214,6.586550875084994
amp_mean,0.10574650107543901,0.14370173243203588,5.2864481034159185,2,0.3085164301472027,0.270321407724177,23.4375,3.9529935036162467,0.2866899742210089,0.4560780914593509,366.42229130636235
amp_std,0.04301419397899814,0.050152851804266846,0.6439189872897926,3,0.07462749169609884,0.057368136740733676,24.21875,5.988911343864045,1.1850733215456926,1.3439549721239843,60.62201890027914
amp_max,0.10422600159274314,0.13233975565020845,4.483535596942561,4,0.22595578928947005,0.13039105156784983,33.984375,3.9884099422071864,0.29344472547213957,0.45671866209765705,355.9607014301934
phase_std,0.07599193899881951,0.10957209748480774,3.0735474040883743,2,0.1983698531347981,0.16961350618659415,23.828125,3.9344952364304833,0.2699100547774542,0.36458384632535396,189.2278178477115
i_mean,0.012842920104864278,0.019880613526857088,0.10118113131628875,7,0.031408194420572265,0.01773226800272317,41.015625,4.765752556489007,0.5392763494505185,0.8726804393787813,5.404747361311687
q_mean,0.011739334704265834,0.020198522131561283,0.10444295585258775,6,0.0304196393405695,0.020159289143972817,46.484375,4.116321527586534,0.319074051434278,0.4759511338655185,4.51582292730255
amp_mean,0.11100867132081808,0.1504258645109054,5.792752822746437,2,0.3422368252170342,0.31318081736439307,24.21875,3.8577596806904495,0.2760391503363538,0.4446650794731912,403.79753941156025
amp_std,0.13754572131100268,0.16909665745434874,7.319981967931739,2,0.31435458524985643,0.29312514364518966,30.859375,5.251564378960572,0.7908369323745629,1.1483905704423922,619.9201515339885
amp_max,0.08680738331918107,0.11884221424928434,3.6156088032442373,6,0.18601227358223937,0.046941466310829405,37.5,5.80295000294131,1.0311812487901264,1.2751992997423076,246.90776747824157
phase_std,0.06395650240906164,0.08811547063883732,1.9876700584713731,5,0.07521019846365809,0.032069019222871656,34.765625,5.9396774424837755,1.062986271720527,1.2689479000210464,134.02461167969946
i_mean,0.010909864550058535,0.01733787621184576,0.07695409959354547,6,0.02958927142430236,0.018946556479955367,51.5625,4.573671470224535,0.4234044422168086,0.6239412444362504,3.9002128439913997
q_mean,0.014723345724514458,0.022790223200804472,0.13296493402687654,6,0.0373941564264231,0.0201184079289886,47.265625,4.3586827868002445,0.40497314838582454,0.6948149391434708,7.10334156319597
amp_mean,0.06644353841256051,0.08582705584303602,1.8857685797590074,2,0.1976325699842966,0.1976325699842966,24.21875,4.345473350324115,0.3815392520435946,0.6394909643502135,144.66225085141105
amp_std,0.13730111394979472,0.21538783199948328,11.876331052400033,4,0.33168764044371346,0.27125530720213764,48.828125,4.780604617165432,0.5664541464683716,0.8956549901631315,617.7263263561954
amp_max,0.10463515318839478,0.13457287862783043,4.636124073518279,5,0.17408103132713515,0.08828540603426038,35.9375,5.738720130948648,0.9911705006058219,1.2478234784076403,358.7427947871915
phase_std,0.1358410450441134,0.1840031335810578,8.667431210918043,2,0.4088262793562963,0.36802950860971273,26.171875,5.071164626049276,0.6921200279993389,1.044576665404116,604.6539291144868
i_mean,0.010168915976590028,0.016689284901927337,0.07130425101765113,7,0.02631945957340027,0.01768019876210633,46.09375,4.531340424988675,0.41084605995117984,0.5378355390537161,3.3884350593822385
q_mean,0.014787291876551137,0.02198433373508179,0.12372759802251654,6,0.035980236279048484,0.02097289366777255,45.3125,4.288407365063105,0.3806789066910702,0.6141568861298904,7.165178076932027
amp_mean,0.02963291219285547,0.04951840227686026,0.6277304739975575,7,0.06290247470996915,0.04587331511882108,41.015625,5.1573466424352095,0.7313997851693865,1.037280103292927,28.773512868770695
amp_std,0.16071051337335016,0.27236710710331197,18.991063304147712,6,0.4075242679461508,0.2283098652663532,44.140625,4.717393241650296,0.5132948310291529,0.8221014088948286,846.3248203236408
amp_max,0.13372159395403918,0.1958147720105585,9.815916784012032,5,0.28712759292636136,0.21341885986788625,42.578125,4.369899167015218,0.48888623176419355,0.7386956423172493,585.9391803792496
phase_std,0.139118653224463,0.19192560570404854,9.429872159965672,4,0.3513462163485026,0.15700973494086481,32.421875,4.339080678601077,0.38632189095112135,0.6080832586309858,634.1915783192753
i_mean,0.018594387308877,0.026899139512989646,0.1852323088740559,7,0.04194331373260043,0.015605475234353973,40.234375,4.341762880189008,0.4398842594321996,0.7575986316520894,11.329566765655107
q_mean,0.013390969344383285,0.02588003376860211,0.1714626938531803,7,0.034252890494746266,0.021013711223141943,46.875,4.551315546715927,0.46569235540741655,0.7511614976854069,5.875884923594674
amp_mean,0.08949118337105566,0.1087214249437768,3.0260091499021553,5,0.13340407054018194,0.09733352164551289,27.34375,4.599418731262215,0.4699972145444052,0.7678339230055515,262.42761492185633
amp_std,0.17269955083638183,0.24571655684139546,15.456416334333626,4,0.4554443314852385,0.2906254599663152,35.15625,4.625602782548763,0.5123569912693979,0.8463436872523443,977.3070195049893
amp_max,0.12442183526290221,0.16724457028090756,7.16051104984203,4,0.2903189217972494,0.109293733449617,28.125,4.850858406942261,0.5847456625634232,0.9539883550367939,507.2714769980515
phase_std,0.11558167317943834,0.1495992990791859,5.7292672729558305,3,0.2739067350947927,0.1761882643250159,28.90625,5.094897692840668,0.7500783843259325,1.0888680495531011,437.74651215535914
i_mean,0.018649463046132252,0.02855814892577882,0.2087853747371423,8,0.04314700146538425,0.021729620180486582,45.3125,4.549916492710265,0.4448867529077625,0.7348738913413904,11.396776226067066
q_mean,0.013271669988852281,0.02281878468655179,0.13329841525022987,5,0.03314432728723114,0.02221265578274838,42.1875,4.103879659003923,0.3540715664045453,0.641940947095928,5.771660422744571
amp_mean,0.09480025579992984,0.11742799275010135,3.5300693712173707,5,0.17424154860588725,0.100331309806774,30.859375,4.6627163561359115,0.5203334344573199,0.8247772715537617,294.48807320246306
amp_std,0.09618167842253708,0.13414886094964015,4.606954724885988,3,0.2466287186677489,0.23737533030687175,34.765625,4.936190647317641,0.6352232471358875,0.9632583660086511,303.13178384905956
amp_max,0.0778531228785595,0.10650627116353702,2.903957964073184,5,0.16586770536905604,0.09847918734145963,42.578125,4.106788803597317,0.310525782045987,0.41575267069946686,198.61041098949002
phase_std,0.14037536896393457,0.17565140759371067,7.89847474935088,3,0.3181265757649299,0.1940698685324965,28.90625,5.354592438798443,0.8376257522431949,1.1662564573533873,645.685942869203
i_mean,0.009633071325881114,0.01794485533239313,0.08243656522253265,7,0.028137004775087644,0.014542109685887908,45.3125,4.706218667058188,0.5051296919895865,0.7521659768535718,3.0407353845867355
q_mean,0.011454231992978865,0.018683075829393974,0.08935867454640264,7,0.028569330191546487,0.011863639269657642,44.53125,5.472374393288142,0.8998710647628035,1.206764600290706,4.299018370811101
amp_mean,0.06921058975529708,0.09358460092341078,2.242067847678479,3,0.19020256538348265,0.13555740052000378,28.90625,5.770062797305453,1.0334454739570755,1.2653483453451468,156.95355605152506
amp_std,0.12213448504363826,0.17410559148668964,7.760065788654093,4,0.28554929118500627,0.24024021099810638,42.96875,4.070681544653962,0.29655181110715234,0.3519012997241416,488.79476142441354
amp_max,0.0696894267130016,0.10174387046251206,2.650064685233263,4,0.17647241190166893,0.1262132565502469,38.671875,5.540466724258455,0.9203019562897168,1.214002907413992,159.13595712955026
phase_std,0.11410715277173447,0.1425156299362859,5.199540422690915,4,0.19353781264225348,0.14306708208546173,32.8125,4.425448218656309,0.4275010841066201,0.740349797271878,426.65322484101364
i_mean,0.015648657985000026,0.02544912790641796,0.16580047646648866,8,0.03824258856077513,0.014861018736370125,40.234375,4.713970010952035,0.5113881304395818,0.8502476878988371,8.024218535852716
q_mean,0.06330784618479358,0.07587368971746666,1.4737450985836562,2,0.23955912327350398,0.1048571050093777,14.0625,4.525119239672631,0.45741664029419,0.7848104724344431,131.33005570651852
amp_mean,0.08299925734610063,0.1136389856949247,3.3059376818614528,3,0.20261989070431516,0.19135076528177578,28.515625,4.38569885941283,0.47445878098084365,0.8155574743817606,225.7342327558643
amp_std,0.11689005569137868,0.15051156114980724,5.799354890176554,3,0.28262302843780224,0.21925570727750845,33.59375,4.07162158460339,0.33943930070590733,0.5312501261410618,447.7184471751775
amp_max,0.11003333176777037,0.145001171070745,5.38248694064319,3,0.3335302382905958,0.20083953148541114,33.984375,3.966247831603749,0.30570103665704984,0.47782155889287964,396.7330994696977
phase_std,0.04898580730894476,0.07520509714112175,1.4478864988174234,5,0.12858118087323875,0.0738168837426118,50.390625,4.185145763817583,0.442490111844393,0.7591711163249452,78.63027927024734
i_mean,0.01735985232564982,0.032032196606378946,0.26267177457400703,11,0.04363425183676981,0.016249142490758928,49.21875,4.225620707393219,0.3156753362107205,0.3616430806994778,9.875111024667905
q_mean,0.07157793032365292,0.09693381366985482,2.405418043541026,3,0.2272050535009799,0.14222215506171043,22.65625,4.038545997445221,0.3235669937975373,0.43018268426100653,167.88356558316255
amp_mean,0.08734556653458482,0.1166221138044971,3.481783661626642,3,0.21463364468992585,0.114602920374209,24.21875,5.497048772759753,0.8939140539995941,1.1936776144779018,249.98702154439954
amp_std,0.07979694463173011,0.09319629786802716,2.2235007836943472,2,0.2212196524303312,0.21720306816098506,23.4375,3.89317479696704,0.29050616876630136,0.328117076174321,208.65195528542273
amp_max,0.10259122905825573,0.13803717232761564,4.8778908017161875,5,0.2283873990232726,0.10134617400819738,36.328125,4.347450835657533,0.4368834404895508,0.7813207178600564,344.88133524020355
phase_std,0.05721113524459244,0.081757779689216,1.7111896421658574,5,0.12689952688287817,0.07960624344859034,37.109375,5.016845800710854,0.6959325444308261,1.0456633631738286,107.2522441210547
i_mean,0.013031635752228547,0.03174850116222399,0.25803963546822095,10,0.04287403994577005,0.01741278658717401,49.609375,4.410935934954091,0.3936331906771063,0.4334066389563586,5.564777110385101
q_mean,0.04860542591947572,0.0641449350097835,1.0533306079767932,4,0.08424274849245741,0.06572433127427477,21.875,4.549923336114153,0.44573005602372767,0.747689657451765,77.41385615357152
amp_mean,0.06711244058771147,0.0859587836509738,1.8915615966092594,3,0.13640971369703878,0.11486376249587527,28.125,4.689407326206503,0.49441724164427375,0.8036624208947949,147.5891694391712
amp_std,0.06145308249822679,0.06631141743857787,1.1256842451746123,1,0.2232270409563503,0.221092414574538,12.109375,4.071517616839244,0.2877184030887324,0.3549453862630451,123.74773914124515
amp_max,0.038477389953883404,0.06831083998643211,1.1945909400708947,6,0.10793356351155557,0.05203984350550655,38.671875,5.287369929449221,0.75180554955922,1.0507219260104173,48.51264929114329
phase_std,0.04653194533497874,0.07581658704951,1.4715276471899972,6,0.10182576872128829,0.053131149535000234,41.015625,4.305689833052648,0.3525131566714851,0.5168077971373711,70.94998394672656
i_mean,0.012646635366035167,0.03321174893367508,0.2823731884117678,8,0.044888572913011,0.01527334878406385,42.578125,5.408423453909355,0.8296781225676356,1.1172247181238233,5.240709154089944
q_mean,0.01808640452181564,0.03058575181590283,0.23948498282086483,7,0.04450071163113722,0.019058445076237582,41.40625,4.4931954468116135,0.47390232251867126,0.7419076648617058,10.718985866981441
amp_mean,0.024824956142984862,0.039669065537627196,0.4028504987209117,7,0.05419229806646315,0.031125840665974885,50.0,4.4817931404798514,0.42170845977930554,0.6721815974886485,20.19418567324693
amp_std,0.017208761309796154,0.018599228830652636,0.08855841615231494,3,0.010273250775857501,0.006992966065894067,31.25,6.4717750775618645,1.3991682451660945,1.3338306573988432,9.701316457880399
amp_max,0.04401632467356651,0.07060537440664057,1.2761904371460848,5,0.11618280004772141,0.0595497563975983,30.46875,5.119626503073539,0.7741325573349211,1.14375713682591,63.48492825065416
phase_std,0.03350076628461394,0.06060780571918718,0.9403663652082531,5,0.09295089064579949,0.012093713180739863,45.3125,4.125904092605358,0.38336910338699043,0.7101301878365623,36.77552585170959
i_mean,0.014423638159419137,0.03270631756007576,0.2738440213351731,7,0.04482116762635992,0.02337703339435717,42.96875,4.405542026854051,0.3886414688954113,0.55591039189099,6.817097094023185
q_mean,0.01893463535640636,0.030522976518421445,0.23850293645929138,6,0.04809211456835255,0.021080270580588784,40.234375,5.212137466515082,0.7472837421605245,1.0670392853264292,11.747832062528033
amp_mean,0.023469063885179848,0.03242740853533934,0.2691934270253565,2,0.07008381739050545,0.048421753641983596,36.328125,5.198255286837281,0.7856455811535202,1.1530216486467166,18.048218862635835
amp_std,0.04312984892272566,0.050006886447605786,0.6401763051990372,2,0.09980331533776454,0.09683553129794865,21.875,4.114370362034635,0.29501763273960513,0.3749078996763905,60.95450383458193
amp_max,0.06596446857403575,0.08992716341448709,2.0702450482626213,3,0.18918662292472976,0.08226831556815824,27.34375,5.229824907611745,0.7562471810685935,1.110056302224326,142.58136934089066
phase_std,0.19587984178558507,0.23561885095985094,14.212158189475954,1,0.7616105159751104,0.701355629116057,12.109375,4.143834949641186,0.3032027969280841,0.4252635000068296,1257.2724506163422
i_mean,0.012243676791283258,0.026579493223570016,0.18085618176558194,8,0.035060147110793624,0.02044647290556116,44.140625,5.540226084210609,0.8599908245769612,1.1493778742222345,4.912019372134397
q_mean,0.013545838209524458,0.022054740058922023,0.12452135912105466,7,0.035869482487360195,0.015901980965438343,41.015625,4.537963150722971,0.4426473748613884,0.7036937677359684,6.012586768984026
amp_mean,0.1074160045465265,0.13324650186795117,4.5451853465717535,2,0.2938059911944517,0.2844497833723151,24.609375,4.113931372984917,0.3203457699554059,0.47956014323559476,378.0836236278019
amp_std,0.04115002672708311,0.04694404018679957,0.5641581847193223,2,0.09980331533776454,0.0223822898764247,19.921875,5.687161009280837,0.978272616922635,1.2567963086886955,55.484019212247404
amp_max,0.06554673772150765,0.08495130196779777,1.8474812687421336,2,0.19936445544989828,0.1962707642619893,23.046875,4.262557505799139,0.37245958993565853,0.6195449718517019,140.7835229508683
phase_std,0.1936835304383624,0.2376703726043614,14.460724739557373,2,0.45287030886437074,0.42396860793781393,16.40625,4.0964867022241735,0.295135893756521,0.3842531223885352,1229.2361097002592
i_mean,0.04106536814089163,0.052202465613125276,0.6976249385189188,4,0.09802952294009325,0.05116029337505245,18.75,4.248360898655324,0.3405937648496749,0.5356836415606105,55.25877320507614
q_mean,0.01615700873939054,0.02343740196273042,0.14062382355522554,6,0.03804832811646056,0.017485957941454536,39.84375,4.499337471053085,0.4229689390624613,0.6831032115604767,8.554043469151404
amp_mean,0.1068560749062932,0.13422219147625303,4.611992751280111,2,0.2938059911944517,0.26226879472686615,24.21875,4.08280617094933,0.3034360533610384,0.39830900707759537,374.15225728385855
amp_std,0.05213838240414895,0.057897292681480805,0.858136703960333,2,0.11252466187564145,0.1081382827870435,21.09375,4.115533171848567,0.3025802267621122,0.4072938467104683,89.07688621379478
amp_max,0.04844653005934729,0.06851463620933175,1.2017293759736507,3,0.14244201966357264,0.0985754661609314,28.125,5.367571322516226,0.8371349719428997,1.1656633114130144,76.90683266987101
phase_std,0.04117126726181601,0.08142911976890387,1.6974595958626533,4,0.12245506277040608,0.0839488388318638,35.546875,4.502109895091404,0.44109321770835147,0.7112683219626066,55.5440825860011
i_mean,0.04227507517467772,0.05450838316686889,0.7606179418793461,6,0.08260420995231378,0.04791855141748502,33.203125,4.447290508383418,0.4407879069438803,0.7507320140612652,58.56226049375163
q_mean,0.014263289247367278,0.021346214962755305,0.11664918866845658,6,0.0319344884887785,0.020590835729906765,39.453125,4.323612075608386,0.3335736617005827,0.3992780440296116,6.6663684554143305
amp_mean,0.0274455759357448,0.04447169195241497,0.5062992345882855,8,0.0672521680687298,0.022889198753685128,50.390625,4.372829499518096,0.40707222393905573,0.6431656025208791,24.682811753587583
amp_std,0.052796244643998756,0.057606017233560285,0.8495240247073906,2,0.11252466187564145,0.11252466187564145,21.09375,4.074626324551879,0.29336283750309633,0.3780339484705098,91.33894581102032
amp_max,0.03604205013798362,0.056836308139949956,0.8269736762827116,6,0.09370664727571006,0.04079944726297602,33.984375,4.653710002857777,0.5763599722731145,0.9477556638630298,42.56635978839728
phase_std,0.04324334354431361,0.0626642739322825,1.0052636742297956,5,0.0915280395943336,0.04270405048907056,37.5,4.319744755119168,0.40304601011890345,0.6952057621581483,61.2756597845968
i_mean,0.018268519171576274,0.03231079419843595,0.2672607799638227,5,0.04923941818195382,0.035338625548083875,52.734375,4.388644136106214,0.38813569447995266,0.5970519956533833,10.9359509111669
q_mean,0.011147494871784937,0.017307840174036367,0.07668770086143671,7,0.0256351402320535,0.013835408358749999,40.234375,5.678620592720565,0.9073497978011299,1.1808045979955684,4.071801380531059
amp_mean,0.027526181729496724,0.05053573328529619,0.6537882467027438,8,0.07086565124067261,0.03040226274308868,51.5625,4.316656594214345,0.41894870190872446,0.7312057544934644,24.827973659031056
amp_std,0.051113939722084945,0.05715191556695673,0.8361834119609731,1,0.1742640637543307,0.1742640637543307,18.75,5.144362797079331,0.7086874099314305,1.072877798697791,85.60960758204368
amp_max,0.08525694592131722,0.12342305906409293,3.899712386237074,4,0.18169110404185407,0.14331198555661123,37.109375,4.061007263474421,0.3197338816985843,0.45253158086276024,238.18226816985919
phase_std,0.019940134442059818,0.03209371333075113,0.2636816474512468,4,0.04068185099011193,0.024272590216154525,46.875,5.137279049284318,0.7289723348427123,1.057154166415821,13.02870281870069
i_mean,0.01663144426769718,0.029407093472223686,0.22138294949992982,4,0.047429682312356204,0.038543232124369775,49.21875,5.346051773940762,0.8172007659340476,1.1273053059898985,9.063624380361075
q_mean,0.013336519884334635,0.01892378338586634,0.09167605187460887,6,0.028927788672136034,0.015846053955056765,35.546875,4.804892988958514,0.5651266232903649,0.9137424180653295,5.828184229047153
amp_mean,0.04192612069521315,0.06128645878986104,0.9615436879363418,4,0.09308316788509689,0.07285363431818676,35.546875,4.6066140495846915,0.5176427134155889,0.8694071293369967,57.59939565728823
amp_std,0.05216741306014146,0.06103279225711069,0.9536004430591054,2,0.14093883892026576,0.13885922436131395,22.65625,4.053811910134268,0.301447948097034,0.3827851801400126,89.17611188716468
amp_max,0.0974364613063529,0.15840305212130026,6.4234308918639025,4,0.2542575572616289,0.23403239023756314,50.390625,4.384392455150062,0.41785748367715064,0.6092489927067808,311.09480060345004
phase_std,0.022441989281272796,0.037681053992128434,0.3634846284691708,6,0.049590221914806554,0.031085007943601167,48.046875,4.309748564587668,0.3665027816212694,0.46650836425039904,16.503368848679745
i_mean,0.015970343556426597,0.027387121030690225,0.19201392597751676,4,0.044694882614941825,0.040566191491980624,49.21875,4.921015890779627,0.6264091365217188,0.9529495310057634,8.35746624378498
q_mean,0.013644056731976053,0.020787603757139273,0.1106238643107407,6,0.027276217953825354,0.013478547597870464,44.140625,4.107074174595725,0.36262268371509915,0.6476607919344204,6.100096641071506
amp_mean,0.06440711524555208,0.08606202295911355,1.896107979728637,2,0.20058483664527643,0.19644923794194244,23.828125,4.198257865745473,0.39519063415273226,0.5865758275569637,135.93064481886495
amp_std,0.021606543900415012,0.024673947341490563,0.1558537414171262,3,0.055183112548538533,0.019580275391919467,25.78125,5.996376748835629,1.1027478964626922,1.2827085074807363,15.296109190354084
amp_max,0.08642265335753122,0.10620298224661184,2.8874428001469825,2,0.24679281787878798,0.22052552127355624,26.171875,4.055381226287391,0.3152988904460503,0.3991857091829943,244.740095321466
phase_std,0.027548356251693964,0.04905660992574489,0.6160770502161133,7,0.07403200980986968,0.027244965184633714,54.296875,5.523038374577339,0.9044446326925393,1.2097522912464072,24.867213651951545
i_mean,0.0168447247473497,0.024723654171175013,0.15648232334742007,4,0.04169267497670767,0.03232523903448398,40.625,4.856540936728386,0.5979983440206172,0.9717895621676138,9.297674637491657
q_mean,0.012219070827399786,0.017308759843337816,0.076695850832472,6,0.023990810240398137,0.011100544957732482,41.40625,5.035052427833785,0.7057350067346855,1.0960911194452172,4.892393072256983
amp_mean,0.05916457103050482,0.07187466388351708,1.3224876309423503,4,0.1021702078410079,0.08251891338464513,31.25,4.586660678951269,0.4858209794291883,0.8043133818689295,114.70221825543697
amp_std,0.010683519885275133,0.012280862581967665,0.03860981395383642,4,0.01631624678517165,0.012511220713779725,29.6875,4.234749922438741,0.3366770286555074,0.5034264771499579,3.740059908067584
amp_max,0.014477852341501195,0.01952546793116395,0.09759843787031341,8,0.027127489988838425,0.00982061303758585,43.75,6.109471924864401,1.2743126265456177,1.3846763131596962,6.867476616056155
phase_std,0.03306236985184933,0.05394661417632648,0.7450207183588937,7,0.07773758636625926,0.02018356708336063,57.8125,3.7802831357982636,0.2664352463299863,0.42918868380342534,35.819365785834336
i_mean,0.01561613016802184,0.02250659957536793,0.12967603825816368,6,0.0355198353743841,0.0145892464570715,39.453125,4.720222371321494,0.5252436091431433,0.8702146457907642,7.990899761547458
q_mean,0.007908366515132733,0.012767947227384967,0.041733241958729586,7,0.018575041818575715,0.008804335195244872,50.0,5.0941328577882174,0.6451794216474319,0.9777214408660251,2.049357098110497
amp_mean,0.08840748209712773,0.09677919443272018,2.3977503936118416,4,0.05198532568042917,0.03613940328174045,25.390625,6.052989964546976,1.1325405204045833,1.3000822072366307,256.08335255579516
amp_std,0.3047338719524763,0.34989241952114614,31.340724541020602,2,0.8060660683163295,0.7683518887169571,23.4375,3.9639253680599347,0.27746172763708427,0.30838000023171475,3042.9260243968556
amp_max,0.2777946991052824,0.33652487938278497,28.991742577561084,3,0.601201521411979,0.42342647504318326,30.859375,4.452097010707244,0.45863773064782315,0.8116014033758595,2528.6975190639487
phase_std,0.0304888072554622,0.04231904828582446,0.45847087304139317,5,0.06548033135215187,0.03241245604550118,46.09375,3.955792872941804,0.2885390161625687,0.4673393487307674,30.460058179291302
i_mean,0.015509504028446097,0.022601174798017123,0.13076815417613424,5,0.03267409821669974,0.0240219747553565,43.75,4.9615369042158335,0.6304840163431129,0.9622767846520911,7.882106278666248
q_mean,0.009575689264625155,0.018557504412939196,0.08816152832928198,10,0.025794261796057788,0.010817069197141201,52.34375,5.508190276452094,0.8394321340367404,1.1200384723682821,3.004545970186628
amp_mean,0.1298636440949175,0.1509159467089003,5.830559480587171,1,0.4996471994200971,0.4996471994200971,12.109375,4.1150713583482945,0.28876116814933966,0.34377404297695774,552.6181001836098
amp_std,0.3036306492734759,0.34993278863663513,31.347956880131058,2,0.8060660683163295,0.7679854269703976,23.4375,3.9650561977382743,0.2771404573490767,0.30524413560759484,3020.9334039729656
amp_max,0.2699915512054221,0.342239416622879,29.984721482334344,5,0.4512759287220959,0.2702388537079681,34.375,4.252396409223126,0.37271048341714674,0.644602741426636,2388.636071580995
phase_std,0.028404387243716935,0.03743632366259276,0.358778452318823,4,0.06424966115416245,0.039711553640379746,40.234375,4.4531192435397315,0.41533780424930794,0.6552818391709387,26.437511023785124
i_mean,0.014469452660134639,0.023111763472892177,0.13674332437168976,7,0.034352418666076,0.017917612348150685,48.828125,5.188807747804349,0.7011389546442158,1.0417347960876076,6.86038549182157
q_mean,0.010401091490825987,0.017772029528228334,0.08085632858936828,8,0.025911032963349463,0.01233014618560329,48.4375,4.6496526572006545,0.4686268433849054,0.7273586677259917,3.5449211693563774
amp_mean,0.10711370721341822,0.11757360773937538,3.5388296286342427,4,0.1755178348328454,0.030463988764827477,26.5625,5.900944999521115,1.0622736255734058,1.2844064271566409,375.929128968079
amp_std,0.008604042360650975,0.011422952913559587,0.03340386643594226,3,0.021013631141377137,0.01821092601663417,33.203125,4.567502750451933,0.49046187740285163,0.8064183638554612,2.4257941641821823
amp_max,0.06038413796092934,0.07715884787385478,1.5240928781364902,4,0.13447125635341575,0.0509979094953499,32.421875,4.524774803302839,0.4628196859013329,0.7690361332382278,119.47989085081117
phase_std,0.026040562118412144,0.03544957759572539,0.32170817323913103,6,0.049589454893142204,0.03030072232188238,44.921875,4.691097776573957,0.530104194386396,0.8480412127153116,22.220270739663565
i_mean,0.012562536375814535,0.02166985976213805,0.12021320246034682,8,0.030953552953071478,0.011773364222516325,43.359375,5.660965711933567,0.9543935060498911,1.2243979528561622,5.171124132585756
q_mean,0.009650873394440733,0.017489013716402126,0.07830159379776044,6,0.024768706354536017,0.012066498112034666,45.3125,5.014709801925336,0.6550642077431921,1.0162088775657583,3.0519599774777433
amp_mean,0.04157402821874966,0.04687672832414623,0.5625414805442082,1,0.1522924331973242,0.1522924331973242,19.53125,4.5658780479883685,0.501296731365496,0.8756941745165752,56.63603112611857
amp_std,0.0977397684781006,0.12460830221775986,3.9749706192876997,3,0.24248269236072142,0.16646879117276167,31.640625,5.182845238017972,0.7666907200536716,1.1061817084123287,313.02982922548324
amp_max,0.06916794685107337,0.10035437285364082,2.578176038616976,5,0.1538335456994379,0.1119162639159033,45.703125,4.049324557281167,0.2975615779883142,0.39856054186964696,156.76882169174849
phase_std,0.08875876377108594,0.10395516895586168,2.7665093510762873,2,0.20001774494221505,0.1837496186755182,15.625,4.093301707510722,0.298099316061755,0.4265634295710289,258.150155854377
i_mean,0.01206939702217162,0.02105986667255166,0.11354060397200695,8,0.031006619493047227,0.016028787967268837,46.09375,4.6279179756426885,0.47968161271166243,0.7667107880156249,4.7733113811694885
q_mean,0.011789671755789157,0.020732206103080963,0.11003503869456066,8,0.030421106215736238,0.009722245175370174,48.828125,4.024460890989434,0.31381683360505064,0.4331500589920095,4.5546327212809725
amp_mean,0.05382917523508485,0.07303823908503262,1.365653598372451,4,0.11756153118547155,0.08183801910025217,32.421875,4.879490913401975,0.6573603771738757,1.0222331063500827,94.9471707074626
amp_std,0.09926957537771033,0.15801764621392167,6.392211587836957,5,0.2344881340142202,0.22284142264966592,50.0,4.064475742487693,0.3629555461154629,0.3847587872452986,322.9105647134484
amp_max,0.0725348970646844,0.09999869425635825,2.559933146362014,5,0.16468099146922713,0.08108059542532742,43.75,5.362847951110487,0.8494975266969835,1.1811238795027978,172.39852662037936
phase_std,0.10331364072426616,0.14284061400009085,5.223280898028275,5,0.2149570959781585,0.1015262551979645,41.796875,4.808069620961497,0.5981557164894238,0.9605560749481585,349.7540316378651
i_mean,0.07356812589921963,0.08615847916703945,1.9003605842885558,1,0.2874340087664539,0.2736400775497255,12.109375,4.160855246470559,0.3053704275568854,0.4043792568155275,177.3492284042325
q_mean,0.033129682453499995,0.04342203782337021,0.4826811823959535,5,0.07202139232407283,0.030825926936919656,32.8125,4.212694426088151,0.33697901375777295,0.5477486598559399,35.96535978946339
amp_mean,0.0868524501197586,0.11357389628150644,3.3021516586399695,3,0.20356337741402034,0.1700494304412854,27.34375,4.314594135464253,0.4085383771933707,0.6795954498401772,247.18024257115448
amp_std,0.09009382205141002,0.12528241498986165,4.018094977457128,3,0.2328133581796041,0.2227039038552309,33.59375,5.207792697063372,0.758441814895946,1.08155259063323,265.97062174109595
amp_max,0.059318790467924855,0.07430379142244044,1.4133896754558806,5,0.14185195701159053,0.05099796031078437,34.765625,4.867371265237021,0.6911477415363768,1.0998118562003074,115.30025873094282
phase_std,0.13428540936619787,0.21756669328204575,12.117828102575045,5,0.2966923090362069,0.22306646121661933,38.671875,4.333028425618359,0.3796091247519681,0.5522594621611607,590.8910685192158
i_mean,0.07421306362687019,0.08632944703657194,1.907909996963912,3,0.12873423817655377,0.10851470724392843,17.96875,4.4485900040378725,0.4205199826972594,0.7120961229247376,180.47214345909816
q_mean,0.03098389517480283,0.04449341091932866,0.5067938855004761,5,0.07243116392225314,0.03878840012077399,26.171875,4.20662259162275,0.3267359030110711,0.4867200698924952,31.457335777494876
amp_mean,0.08729413102174854,0.11187124471396542,3.2038849008260954,3,0.19808157396822193,0.16456762699548702,26.171875,4.274824895957273,0.39859883224258214,0.6891330175267838,249.70063286968315
amp_std,0.0963182450579119,0.1256985415524844,4.044831577195941,2,0.2806958813294492,0.2754602999136926,27.734375,4.0767986416493365,0.31372419910320304,0.46832310194440563,303.99539975372494
amp_max,0.07234125262041564,0.11325543838378245,3.283659346816702,9,0.1548764352546524,0.03639984700071396,53.90625,5.415071249885216,0.9165606823260415,1.2222678602430461,171.47874411194948
phase_std,0.15121496705863627,0.240453166413012,14.801337660939172,4,0.37598938255118314,0.3244917176324936,36.328125,4.547635988235708,0.5425396950575974,0.80437139790669,749.2704248044988
i_mean,0.01361004781173131,0.02270107852083959,0.1319267752983871,9,0.03257838292219992,0.015506362499967202,47.65625,4.556623623581132,0.4214204735210703,0.6403040786977425,6.069727942980649
q_mean,0.009909833636086062,0.020730513203953898,0.11001706949102255,11,0.02700513775421838,0.009603620146374144,53.515625,4.610460776241531,0.4885256220184679,0.7606983557298933,3.2179709694606724
amp_mean,0.24624104709230904,0.2796428592325089,20.0192329522516,2,0.5531048397170801,0.5053193251307653,20.703125,4.0843991422388655,0.3038570503711362,0.45348233022602596,1986.876164296073
amp_std,0.08621598312187337,0.10035126566673248,2.5780163893542714,2,0.18874703035518697,0.18108043268743512,26.5625,4.012664717799872,0.3182539461262782,0.5640682557532294,243.57089118429545
amp_max,0.07298436979095692,0.10600720968799135,2.876807297493444,7,0.1651288459326383,0.04195051553559404,41.015625,4.811863675610854,0.5764458201630905,0.9564758506099252,174.54485265066648
phase_std,0.10878967288426332,0.14997813971137824,5.758321252169137,3,0.25318512691844935,0.1718247002661368,24.609375,4.2475619504867215,0.34555491708590963,0.5432619952462924,387.8155160047924
i_mean,0.010968852392911187,0.019464394291269154,0.09698883715225376,10,0.027641173348913285,0.01634371947997957,51.5625,5.456173145293722,0.862744086073477,1.1131429423943267,3.9424063501515927
q_mean,0.0074654362590775925,0.012255097429462453,0.03844797772943801,8,0.019305645086898478,0.00872398837229035,40.625,5.543715807519867,0.8775233045890506,1.1709821895398966,1.8261970831344656
amp_mean,0.2487240485591046,0.29324364122001684,22.013909277689336,2,0.6206091180396762,0.6024034106933873,23.046875,4.032288619725649,0.29429285540639183,0.38352145975148183,2027.1480774753795
amp_std,0.01903810515794338,0.02084085546683711,0.11119136168693612,2,0.040261828131635,0.0397421746708461,19.53125,4.052517397378993,0.2865359583939935,0.364268277350073,11.876743505814932
amp_max,0.0442046618559303,0.056345660857539094,0.8127573753530402,4,0.0652020769059488,0.024252081989137073,26.5625,5.678566676459356,0.9743407625854839,1.2606871495416128,64.02734437651588
phase_std,0.02071902580345797,0.06732772521118383,1.1604537810208455,8,0.08140936508192964,0.02555230306764544,49.609375,4.726515182194621,0.5388953541181111,0.8638305522918965,14.066526259921785
i_mean,0.010562681681148704,0.01684246959258974,0.07261920818619136,9,0.023304695511687977,0.014955539420399224,44.140625,5.028917503081192,0.6260201041163279,0.8991348961690666,3.655909675986393
q_mean,0.006081056769893993,0.008646546530108098,0.019139268325715046,9,0.011313656140539623,0.0063648770148872,45.3125,5.491567131776165,0.8726248752110423,1.1761239290925871,1.21170389099776
amp_mean,0.08594037417097265,0.10490108044429929,2.8170845896656256,3,0.19408498092353488,0.08606312638228704,21.09375,4.203582822400964,0.33483129756001984,0.5194509884687872,242.01609062232845
amp_std,0.08642074055955655,0.09522104556570447,2.3211641647682475,1,0.3201284594512548,0.3092881540933482,14.84375,3.8767495095093945,0.2627053269999411,0.41911081887142426,244.72924658577347
amp_max,0.05750872472968422,0.07699850231064946,1.517764955669271,3,0.1336151077247648,0.10108438543126887,28.90625,4.03865918234429,0.2883695387563023,0.3927740029495518,108.37207688554513
phase_std,0.03222190461367313,0.05960229945042502,0.9094231295432026,7,0.07733887021049371,0.02442998550422913,62.5,5.444934564260568,0.872950877898209,1.2106163447908043,34.02037664699748
i_mean,0.017747470731035594,0.02827699744126555,0.20469467757909465,8,0.04294742311845372,0.007627104003739151,37.890625,4.873449174821192,0.6704772474605237,1.0601656890209734,10.320948257021776
q_mean,0.01306666070318594,0.01735388014708008,0.07709623197676035,5,0.029104045078142238,0.0177772605944617,37.890625,4.566967978976746,0.5174005765683288,0.89361877512469,5.594708319323006
amp_mean,0.09325322724051327,0.10960469416487154,3.075376379641606,2,0.3505445625255289,0.17865224264539958,12.890625,4.149372498909434,0.3151714234128321,0.48278370551904815,284.9558738645388
amp_std,0.0861020114442374,0.09522202011587584,2.3212116774267555,1,0.3201284594512548,0.3197860346987897,14.453125,3.773751023772803,0.23464549264000234,0.29916321940599483,242.92741447725678
amp_max,0.06283485673258463,0.08371767447173444,1.7942141488525554,2,0.18220370350155174,0.16515034275157614,29.296875,4.113154347546821,0.3178064475085,0.4665653057610574,129.37523887848766
phase_std,0.10835920489566996,0.12649118338383306,4.096004985303677,4,0.1522167806140864,0.11180246281302098,21.484375,4.154174187137196,0.31561884748004465,0.4543934612514394,384.7525644800947
i_mean,0.01741104542999954,0.030060146048552137,0.2313247693978329,10,0.041300718359084235,0.009483021456965111,40.234375,4.886813638201807,0.6942431738378787,1.0889032047876963,9.9333407972971
q_mean,0.012101605109355734,0.01769198234065781,0.08012959722038984,8,0.02340201001182011,0.014246241185573426,38.28125,4.265726828774437,0.35806883399815387,0.6061227144301795,4.798832152064489
amp_mean,0.1953574111739439,0.23055658419221922,13.60802265968227,3,0.46142942197749615,0.3390634154042897,25.390625,4.45030964022123,0.4380188275441521,0.736288623661867,1250.57294889357
amp_std,0.00349888117964815,0.004913732698455189,0.006181060872158134,8,0.005485729989780213,0.0029330434362487253,47.265625,6.68023752578455,1.712113998728973,1.4417837035389922,0.4008990240621624
amp_max,0.056823240930997145,0.06997522854696304,1.2535123482111263,3,0.08326344978656576,0.07101371741359506,30.859375,5.80769947592226,1.0353989723560593,1.2645221458406553,105.79740656012919
phase_std,0.10836474994243614,0.1403976265541202,5.04614234675973,3,0.20924218653199164,0.19338484627529548,34.375,5.1719879488105605,0.727410909151157,1.0825756658301633,384.7860902034697
i_mean,0.014565929631752827,0.022647905955840892,0.13130947691126102,7,0.0329801386877855,0.010435470886326086,42.1875,4.598925020901531,0.5289128656751718,0.8775706695238821,6.952246924541474
q_mean,0.013885488271385202,0.023359055745696786,0.13968524424462594,5,0.03869800049336354,0.013109706037289299,41.40625,4.285481323854059,0.44539404631921997,0.7697980534427163,6.317883448066262
amp_mean,0.18570092365676574,0.2083946117296259,11.11764843467303,2,0.4185650088074848,0.4185650088074848,22.265625,4.134493241208924,0.31681875813594035,0.4799790453977102,1129.9988510505254
amp_std,0.11736297948465997,0.1467382207620703,5.512218990699028,2,0.30244007606475887,0.2965457651929056,34.375,4.934469619671958,0.6489342612292742,1.0163855428642763,451.34500759633363
amp_max,0.06174534127465208,0.07529459568887992,1.451334691827685,5,0.09837561659173091,0.07078181940877516,28.515625,4.518493224206281,0.4382393517858528,0.723387615052688,124.92739104943209
phase_std,0.054885057796584494,0.09184476195212651,2.1594778362989535,4,0.13075695101610224,0.09878725275977326,40.234375,4.735818659611848,0.5581359229029423,0.877701994141068,98.70893794702687
i_mean,0.014080863125590867,0.02332317492797115,0.13925644511250995,7,0.03502231931868933,0.01813937281508007,48.046875,4.839865647793804,0.5737756470465654,0.9191786358863532,6.496904180486359
q_mean,0.014387370699863594,0.024195415490208937,0.1498670414704237,7,0.03478141752356454,0.016811567530242356,51.953125,4.121732641830194,0.34202108645690643,0.5944067557055231,6.7828567966546816
amp_mean,0.037552586642131146,0.04915495321428514,0.6185496129276316,6,0.07515027395172537,0.020550605946293987,36.328125,5.7754553393857915,1.0204285919329976,1.2667895972806615,46.20663834173756
amp_std,0.11025096455170956,0.15863370854807113,6.442151292854881,4,0.2327799310000712,0.2095384054457274,47.65625,4.4073933488100145,0.42281055871072826,0.6694054184278732,398.3037061429583
amp_max,0.04620916230785684,0.054453577472271676,0.7590891774793455,3,0.12934950854375352,0.026089494179308503,19.921875,5.834383194797379,1.0258551133684841,1.2587881798843767,69.96431972250484
phase_std,0.06295714697466687,0.10280542725856898,2.705652703697131,4,0.17087558932030192,0.09384502629561904,35.9375,5.632728130354897,0.9560041022587052,1.235939342339057,129.8734424213879
i_mean,0.011135942428896017,0.015593400054780675,0.0622474560687191,6,0.028032029712093662,0.015649400071057716,42.96875,5.027601338562381,0.638257066757085,0.9811811748183046,4.063481644197612
q_mean,0.008179743291726037,0.011372714866843173,0.03311069272128402,6,0.016829765143232766,0.012142698045127083,41.796875,5.1335048744027585,0.7181993142641945,1.066731792095195,2.1924169203231805
amp_mean,0.020223478263480588,0.03353907667865371,0.28796663410089296,8,0.05142472908385274,0.021742959609417786,45.3125,4.486334398794377,0.4184947120671241,0.6106633987712098,13.401745908441923
amp_std,0.05295470720390544,0.060435988282062286,0.93504222198517,2,0.1631197859353835,0.07284751332234361,18.359375,5.6015041203811915,0.9363522753820335,1.225772884014196,91.88436740211887
amp_max,0.030465826503744586,0.04223189850358846,0.45658451231165365,5,0.050291245687175655,0.013197135171896763,37.5,5.896107540913268,1.0753308776130726,1.2962562445232972,30.41192703607695
phase_std,0.06406872510042148,0.08469313502183715,1.8362693426757473,2,0.19019170118875614,0.08141923449052255,35.15625,4.399037876104035,0.49597748293490457,0.8816080066319407,134.50583886973664
i_mean,0.011309434882981077,0.015414274121281782,0.06082556075162042,7,0.025212978447414085,0.011272116922134742,43.75,5.18650963989414,0.7405889151465752,1.1040663410191889,4.191064846484249
q_mean,0.010718708356665168,0.01692497404056959,0.07333241504613236,5,0.025586681777697157,0.015911852551890517,44.140625,5.283178240825927,0.782691892468009,1.128002860962228,3.7646730074425543
amp_mean,0.09675439693144211,0.10944948547447157,3.0666726068804,2,0.2407287834008999,0.02966661314276938,11.71875,5.8688416145658024,1.0565310404219366,1.2914875656687415,306.7331314049574
amp_std,0.014211173919873832,0.016076173741782575,0.06616150071705076,3,0.025602386493767865,0.0030952745599914003,17.1875,5.765616438756945,1.010899835917463,1.273241565875331,6.617350969203033
amp_max,0.12290408284169593,0.1595944986278753,6.52042342202442,2,0.25053595380185845,0.10577124832158469,27.34375,5.783362144335134,1.0308322480231977,1.2837010720993902,494.94587252578367
phase_std,0.07583328847730311,0.10123028435116777,2.62337804027348,4,0.1538519344542451,0.09828527375878666,33.59375,4.503405632214222,0.4561293684640627,0.7728002185813062,188.43813565082414
i_mean,0.012279430893650533,0.021865747209177545,0.12239639066000785,10,0.028117034721264367,0.009409406634861178,53.515625,5.661061856393728,0.9738025802642537,1.244305385116115,4.940651765322678
q_mean,0.01040328942415494,0.01919114900382459,0.09428485122227138,6,0.026838570763044845,0.015977763771950284,45.3125,4.318114528772991,0.43196057077659283,0.7176093607106557,3.5464266256781007
amp_mean,0.1385412608120631,0.17563524856190119,7.897021577574607,2,0.4050788873063672,0.37532716214909645,26.171875,4.109146052155053,0.3452072194141121,0.557758279667063,628.9383735785493
amp_std,0.18907752346950338,0.20749203698109017,11.021554025103896,1,0.6970070812690392,0.6934952900433596,12.890625,4.216050949954847,0.34602989961173114,0.5768156097030508,1171.4656874810814
amp_max,0.15312153114966184,0.2620242294099344,17.576114380254708,5,0.37214858218170466,0.16781812499820675,49.21875,4.725043883751937,0.537804967738549,0.9057135674121369,768.2817641786119
phase_std,0.24036000005815783,0.29752327796904027,22.66114583896136,2,0.6020508846200331,0.5584494389799146,21.484375,4.156325526269828,0.3205909067751577,0.4655825757521186,1893.10315172327
i_mean,0.014085824535225104,0.03002350120323358,0.23076111987214548,7,0.039719102785264644,0.023349385004742828,48.828125,4.643405260080495,0.46855451268789494,0.7093720041631424,6.501498611984106
q_mean,0.011343084802544368,0.019507224191724005,0.09741613969054265,8,0.025813955815459023,0.011343350166005836,47.65625,4.8125292281048555,0.5836126441695806,0.940912060842497,4.216095106360262
amp_mean,0.19694313224799564,0.2742623799546212,19.25628238294349,3,0.5008545531922578,0.40522527849531437,37.890625,5.209284958694841,0.7706205618336411,1.1093825232660333,1270.9399133222867
amp_std,0.22365776234696877,0.2723104123380532,18.983157930936464,2,0.6407594314645748,0.6148668783435125,23.4375,3.923145171973405,0.2920747675113049,0.36219684519341994,1639.1469122194665
amp_max,0.14914332400109548,0.29936701193035153,22.942875605019456,7,0.40084377016041245,0.20889296256231135,57.03125,5.597581411089541,1.0363168237509623,1.249879079225312,728.8503117149617
phase_std,0.24667496511398587,0.28255092742289395,20.437766806409595,1,0.9324724864933166,0.8834254089103857,15.625,4.0441648806160435,0.28722451839945556,0.3844279997702543,1993.8848771500907
i_mean,0.20370682081819017,0.2409600165095683,14.863802766410606,2,0.5906698633894623,0.3162063213122485,19.921875,5.282249058196329,0.8151453812503133,1.1570021200174159,1359.7269409357261
q_mean,0.01828109284595667,0.030595164573459212,0.2396324083909257,6,0.04984444570748373,0.022544741716515614,42.96875,3.916778898442745,0.2932153415085376,0.43602003790377913,10.9510117049031
amp_mean,0.2128977195564859,0.2808160353421764,20.187557300556414,3,0.5425592164368616,0.43432714229657227,33.984375,4.175330509929643,0.3436838044222709,0.5631226558556566,1485.223481006281
amp_std,0.21138884477826228,0.2717255908022561,18.901707954389792,2,0.6166225508542269,0.603513581905089,27.34375,4.058584167907156,0.33525395296624255,0.5401161263007709,1464.245743229832
amp_max,0.1543675563636318,0.25672419946217423,16.872272534910522,5,0.39621108993635584,0.23365238059338336,48.046875,4.151292237805424,0.3158391380573979,0.4385843363354344,780.8398273820189
phase_std,0.027299209412640874,0.05157336518005807,0.6809118709748803,7,0.06389965004468329,0.02444286234394432,39.84375,5.4509941959753805,0.8710786671769136,1.1637181800021315,24.419534856848745
i_mean,0.20840600195483344,0.2533578192692291,16.432687253724,2,0.5906698633894623,0.5831571056527517,23.046875,4.020453084481291,0.33201809358724166,0.48521727538248993,1423.2143971590965
q_mean,0.01930805073140297,0.034350353947653726,0.30206638498024707,7,0.05123640325121968,0.015577771031085328,53.515625,5.138788101633171,0.7491255674741633,1.1252703903105583,12.215750459091101
amp_mean,0.13306013251198617,0.15766983039563606,6.364102506749092,2,0.29932292751929235,0.2820639755635696,16.40625,5.3846477546100875,0.8492102163892852,1.1924025026258356,580.1418947400689
amp_std,0.17774743046571576,0.2072296560549017,10.993697369250013,1,0.6487333200483433,0.6369045740194132,16.40625,3.9768013136002383,0.3091106765751402,0.54746790561786,1035.2768262772406
amp_max,0.12732703660350198,0.19493207997499437,9.727620045664665,6,0.3048289472417838,0.14874767832015226,46.484375,5.3925537511535016,0.8789573592196268,1.1865864488843219,531.2265955446235
phase_std,0.03215767931207349,0.04824376532266234,0.5958299884820781,6,0.06866729770131716,0.03661132968972805,42.96875,4.400957779667641,0.3972440796174721,0.6244813471218117,33.88590900026675
i_mean,0.08330215781795156,0.11251555679079098,3.240896133105078,3,0.1307639315061424,0.08783776316906357,20.703125,6.1397486800886645,1.1840655391594754,1.2893421728755385,227.35736649073283
q_mean,0.08874767005844673,0.10756187580341585,2.961806624345461,1,0.3544771652186571,0.32097879049863337,12.5,4.2162088251182475,0.35427866075783493,0.6005110377417273,258.0855196525522
amp_mean,0.14213128467520747,0.17003344266645803,7.401311136001965,1,0.5656675215408492,0.5581030720310601,12.109375,4.227893069951298,0.3246900184133911,0.48384363605767977,661.9561598119262
amp_std,0.01639492776129255,0.02216169995958945,0.12573208194530996,3,0.03698023723240067,0.030604692735844236,30.859375,4.187492288230262,0.31652701356222723,0.3867721901331399,8.807830432197704
amp_max,0.14405803325124242,0.19796671836532567,10.03285032456606,5,0.3489026799258289,0.19273510053198067,39.0625,5.059883010359513,0.6699696141382868,1.0093734079554397,680.0182708916761
phase_std,0.040433708728368684,0.0585011731356972,0.8761311381127219,5,0.09344173899423627,0.0525784175308023,43.359375,4.428881417574408,0.4585833378286894,0.7451413992865795,53.57184605312419
i_mean,0.05143621241980079,0.08713793948155121,1.9438132472551635,4,0.1254022031355015,0.07811715215380872,26.953125,4.0657674989271095,0.3034317404781311,0.5048054914490452,86.69375253032307
q_mean,0.08764546978904163,0.1078800631964607,2.9793556570297226,1,0.3544771652186571,0.34952599627623865,12.5,4.396503268044144,0.4005328637013486,0.6906507539871731,251.71459740741875
amp_mean,0.17306083834103433,0.23037937087289984,13.587111558091042,3,0.41228447292747356,0.22030104157732813,23.828125,5.153244923194109,0.7553217949502502,1.1031604062882203,981.3887950320283
amp_std,0.1186583407318313,0.12953154578045759,4.295275866182343,1,0.4342805669284509,0.4337366294439247,12.890625,3.94960193104425,0.2639147860871809,0.30201454127381555,461.366945793028
amp_max,0.24675709234030538,0.3220532196064751,26.551878722277497,4,0.49960405705934796,0.37306190173289094,37.109375,4.841033599044517,0.5884313932626957,0.9579531676115226,1995.2003247924558
phase_std,0.26479614323045314,0.3344873281596673,28.6417338110446,3,0.6217017374290543,0.4358997838900274,24.609375,3.989956801650187,0.30372595986680284,0.47404997087719986,2297.59349316756
i_mean,0.21134167109720758,0.24365239107372255,15.19782084504121,1,0.8036992318128983,0.7509273498267967,13.671875,4.229580867653637,0.34239959186499075,0.5529155370963158,1463.5921622618162
q_mean,0.273319321785899,0.3053790111159253,23.873623150115947,1,0.9999999999999948,0.9982616083085764,14.84375,3.8543980278795296,0.2595677721887115,0.39323542141472995,2447.8826231001667
amp_mean,0.16623169925185483,0.22202557064000117,12.619610628612646,3,0.3915533802772742,0.34220639261046926,29.296875,3.9934729902239163,0.3082048650407655,0.4067735130253968,905.4773896157365
amp_std,0.11711925765959233,0.1321697604116553,4.472024465222237,2,0.2597405788166458,0.2594612972987402,21.484375,4.088615130926286,0.30800932352190985,0.4688199505877253,449.47600351273474
amp_max,0.23788115679513602,0.3161833772556354,25.592813581511543,4,0.4662345578891024,0.42261779590425996,41.796875,4.092955121112983,0.32565268825775745,0.5037550764586949,1854.2571110527329
phase_std,0.282151359207528,0.4007260683325957,41.10883375137284,4,0.6458877663545977,0.4485050791035662,32.8125,4.293224335451166,0.3958811977163225,0.6561604069531466,2608.6384116059144
i_mean,0.2174143829159638,0.24360858957353712,15.192357097986061,2,0.46576121822897315,0.43937527723592235,20.703125,4.822064347582048,0.5702586853496212,0.935790108611659,1548.9022704002025
q_mean,0.27564663079191526,0.307941357265281,24.275937155682158,1,0.9999999999999948,0.9982616083085764,19.921875,4.426173474425958,0.45741643750348954,0.8339518113358446,2489.741401068555
amp_mean,0.22936012506884426,0.3028063368167163,23.47306946978781,3,0.5776418915465773,0.44346311447755743,33.59375,4.772761546393058,0.5778532491474538,0.9327869669502242,1723.7862188076738
amp_std,0.02870116183721145,0.04267403149141714,0.4661946787149981,4,0.06707807699261978,0.05701905949857326,39.0625,3.9704541084683926,0.30205156984238374,0.3227622841712449,26.992859192110444
amp_max,0.14342979169753228,0.230051803501772,13.548501067370989,7,0.3431420276258884,0.19469718504775976,50.0,4.350437895972495,0.383604168176969,0.5540973407202099,674.1065167294864
phase_std,0.19281049504683329,0.25387501204112073,16.499845565153073,2,0.5311161677787618,0.5202071177589813,28.90625,4.092510210941066,0.3218316518651528,0.49228943181345425,1218.1792715840245
i_mean,0.23062340477984347,0.2712543083705369,18.836198351252047,2,0.6045628101236048,0.5630279765647765,23.046875,4.173066460935521,0.3386515661948384,0.5427623538484546,1742.8361926769494
q_mean,0.08089116510620663,0.1061538698940993,2.884772887934301,3,0.22349151738103237,0.15235128383092256,28.515625,4.0769048210226115,0.33673899773810223,0.5891237255599713,214.41341690947036
amp_mean,0.2859888716213864,0.44244783250660047,50.114581629385924,5,0.6992196784021515,0.5177160364286861,47.265625,4.206722011396177,0.3444972675519864,0.5334219020412353,2680.0819897484157
amp_std,0.028847951022112926,0.040306202028243726,0.41589502001704926,4,0.06491232387602065,0.04372970595467415,38.28125,4.582603985669575,0.520672958371307,0.8518930900375431,27.26958572370824
amp_max,0.1688146907081237,0.27896077252358126,19.921692827380035,7,0.3917352155906674,0.22782739337646205,53.125,4.78461084133726,0.5900158349072855,0.9305533211053284,933.8305675544865
phase_std,0.08924826864651379,0.1270253730347155,4.13067402101981,5,0.15684451737037658,0.10481273809025808,37.890625,4.861769792392537,0.6239354853521117,0.9738839195902185,261.0035889729291
i_mean,0.22090319728896218,0.2736834340739731,19.175071254149834,2,0.6045628101236048,0.4398578030912584,21.09375,4.825187239923082,0.5791201669865258,0.9405060185732386,1599.010620493133
q_mean,0.11680924922289063,0.1735375318795706,7.709510392538364,6,0.24238249631687878,0.12284065953071871,40.234375,4.5682454791255935,0.5232450989070938,0.8330895141276374,447.0984986837751
amp_mean,0.2733189530729763,0.39923333688281787,40.80313786331892,4,0.7084889489671867,0.49643167257951915,42.1875,4.592530876391015,0.5131635504917581,0.8829160205392355,2447.8670789722164
amp_std,0.18095980658562752,0.19380965435420638,9.61591862294962,2,0.07415841931826331,0.07022690504934426,21.484375,5.918166679493986,1.0808606208309854,1.30009073161929,1072.9471766816437
amp_max,0.17418001293966792,0.2671294433525336,18.267683713493618,6,0.3706269139319643,0.19171207439846474,50.78125,5.319565017866455,0.8009731915279927,1.142360266786732,994.1156375655738
phase_std,0.026793101604458604,0.0762814223689607,1.4896269820497348,10,0.0977964427989007,0.03031838292249771,51.953125,4.908612381220687,0.631296377342157,0.8776636397916695,23.523059556725332
i_mean,0.049905140182839404,0.07344486935150996,1.3809021015194536,4,0.14294611448907807,0.03899231280565608,32.421875,5.403515149094506,0.8574263530254487,1.1883990803803703,81.60739711647744
q_mean,0.11544177440666414,0.14865443663419572,5.657124231943708,4,0.22739530915502798,0.15003877861412734,30.859375,4.202150373494144,0.3273082103769446,0.46188432160766335,436.69264663867716
amp_mean,0.17658243035514548,0.22378948421832073,12.820923711155718,2,0.5114251980667037,0.4918662149585086,26.953125,4.061926578830256,0.3366984233023262,0.5797614713440363,1021.7502663444122
amp_std,0.226485307700788,0.2519171877503081,16.246340987910138,1,0.8536996426804966,0.8532877567687371,14.0625,3.7749534106121523,0.23218818848338849,0.26943693127381146,1680.854042129386
amp_max,0.16076317784798788,0.2791248240517964,19.945130854898252,6,0.41270776404767623,0.12281465395457679,51.5625,4.5172507673894815,0.5373761949944744,0.927471591056597,846.879601719809
phase_std,0.1114223784514753,0.15553010065340495,6.192540725570119,2,0.31753832481341315,0.26915443460248306,21.875,4.290820473263377,0.3487569403425431,0.5165674682497918,406.81283649131865
i_mean,0.2718718407406294,0.3049690302207709,23.80956400481215,3,0.46555541511606896,0.3737223120354402,21.875,4.076875140341431,0.29289374998733336,0.39888662158412164,2422.023619491386
q_mean,0.02675454709333603,0.03411314081089723,0.2979088322519302,3,0.06817328259845537,0.021265936946313097,28.515625,5.790135690694505,1.0144717300619055,1.2683781113358927,23.454002403451348
amp_mean,0.19802144409070624,0.2588971925064215,17.15910560965301,3,0.4857557043078659,0.3426352155182597,31.640625,3.920402679922074,0.2788447064601404,0.42178159134761756,1284.914865908804
amp_std,0.19391219811272184,0.22428564868201514,12.877837364406355,2,0.6831007327343002,0.24837516774835205,17.96875,5.840812192105798,1.046252238724044,1.2729062173373864,1232.056855897728
amp_max,0.1775694800750365,0.340169561715562,29.623124663745937,7,0.4850650286711959,0.16407351008433513,52.734375,5.364243983731505,0.9127163744489569,1.2201126690978616,1033.1761054451172
phase_std,0.12162479423159812,0.1714398944761498,7.524259179006306,3,0.301708593938588,0.2660825213512931,31.25,4.338751302754819,0.3695553034908516,0.5682911281324605,484.7234544308255
i_mean,0.27030270267317236,0.30222329137109666,23.38276296887777,2,0.5980865817799884,0.4638020769411614,16.796875,4.492362078562158,0.4386221348738397,0.7521672804849161,2394.142313902169
q_mean,0.014297447746644964,0.02221503374846408,0.1263379774580219,7,0.03239594931991203,0.01802818201763773,44.921875,4.132881962500775,0.32961107743667994,0.4475428276451619,6.698335545755689
amp_mean,0.26314700038564925,0.3833377134873258,37.61863746091292,3,0.6046776059934893,0.3323486835466886,42.1875,5.2831325147058585,0.8396746833054453,1.197533451054287,2269.013250447586
amp_std,0.13994902120496944,0.15465635731848065,6.123158747909521,2,0.30353065659498035,0.3004037365685822,21.484375,3.9975297405225247,0.27134929768434773,0.3079337287084323,641.785152090457
amp_max,0.1798671726274546,0.28587149707213794,20.92096328659593,6,0.4332451162704491,0.16556072534372768,49.21875,5.08791507493336,0.749364529452895,1.1262998396560833,1060.1009284778472
phase_std,0.06679493419867207,0.10610590459825191,2.8821665255970137,3,0.17362895764619857,0.12396945449254876,31.640625,4.641948625002954,0.4708244327439353,0.7476063592566561,146.19617252951372
i_mean,0.01904782056416911,0.04142290556179945,0.43925941892652953,11,0.0497510482809987,0.014465865395471207,51.5625,5.49952160480596,0.8616440695704568,1.1674628826007756,11.88852578427143
q_mean,0.15314188173269913,0.1725700790001468,7.623790634525927,1,0.572802737542159,0.5602302201705165,12.890625,4.006931227539874,0.2735471219755417,0.3307548889344865,768.4894177024635
amp_mean,0.3202644030441891,0.4859873122421516,60.46301892104974,4,0.7439386664808441,0.6276108971682383,48.828125,3.92880470249536,0.28306174985025245,0.3584050449174219,3360.990383650955
amp_std,0.005895437125263792,0.008416080593076785,0.018132585612585902,3,0.011042054239106367,0.0050215063249434665,35.546875,5.576901302115545,0.9244489254101815,1.220090918939102,1.138855863742479
amp_max,0.13106461875144115,0.19695108769857672,9.93017112208703,5,0.3269185554143449,0.19894313341142433,44.140625,4.22375639844115,0.41242779531799084,0.589305220411771,562.8863751556983
phase_std,0.040150527313971965,0.08174359085397136,1.7105957492995763,5,0.11787940717110294,0.05028069186870121,34.765625,4.6251206173954955,0.5044014844072583,0.8115983430196868,52.823971179013
i_mean,0.022024076003269447,0.03338375160884894,0.28530556709921895,8,0.04741169995558875,0.018464182519508324,48.4375,4.366443580863686,0.42158983830994856,0.730016246140339,15.894427284834373
q_mean,0.1554092075284523,0.1717206469599442,7.548923031639499,1,0.572802737542159,0.5616956979043426,12.890625,3.9695351229453393,0.2637569466242927,0.29065727885933373,791.413449838479
amp_mean,0.2916946233838654,0.3857638363632487,38.09631678609697,4,0.6222988556938773,0.37032322617410685,37.890625,4.935152688094742,0.6749689106240718,1.037606717290265,2788.0635550392853
amp_std,0.2436616163040049,0.3027642749903853,23.466548789876132,3,0.6107778955491049,0.37038423651447355,32.421875,3.840441401292548,0.26710534439340977,0.4190592860846479,1945.468284662365
amp_max,0.16314522383445676,0.258784031208753,17.14410875101513,8,0.34822765375943876,0.13035670090688967,51.171875,4.940558804706656,0.6651042580112988,1.0249228311183998,872.1575091628379
phase_std,0.03155611431576719,0.08279507265485447,1.7548861583161934,7,0.11323111103589369,0.03848065040396267,46.09375,5.611232518794667,0.9219142885530927,1.1900120596239427,32.62879476627673
i_mean,0.012097651673216508,0.016675037193900816,0.07118255754700176,8,0.02226083937175124,0.014988155993861739,44.140625,4.52284545399737,0.4348497653307317,0.6998238782482875,4.795691663004876
q_mean,0.011570345090103422,0.016371286387488682,0.06861286860318008,6,0.027507009443714436,0.012437344127325514,37.890625,4.1246356435580855,0.32888110567112866,0.4407214461759331,4.3867467015934665
amp_mean,0.08102519486747867,0.11324082452197956,3.2828119906349484,5,0.14512647206155996,0.10302437378717852,30.859375,4.390764750005903,0.3936163705320344,0.6100634990315927,215.12447345429442
amp_std,0.2531298252829085,0.34917161541918385,31.211729155697263,4,0.6030498445040111,0.40682836428600777,41.40625,3.9941341365537055,0.29658193270747674,0.4358893304504345,2099.5998895603675
amp_max,0.16270329726669636,0.25662152360619916,16.85877923275956,8,0.3435564091283235,0.12352041957591271,50.390625,4.0561674030329655,0.35665930134402163,0.5273864054614009,867.4462779607094
phase_std,0.2527691469386821,0.3048040338238406,23.78380775303295,1,0.999999999999977,0.9899959995982683,14.453125,4.13377182801329,0.3096373273089443,0.480492228326963,2093.6206787146966
i_mean,0.055401710250725565,0.0691868338879182,1.2254254037592027,5,0.09214877239507954,0.04687810583224762,32.421875,4.3112120730467485,0.36857899309112985,0.6063705375266811,100.57638570801285
q_mean,0.019354681467593254,0.03072049764499175,0.2415997377423216,4,0.043790531220277824,0.026878645645201798,47.265625,5.4150579083861174,0.8948240937536769,1.2211632606370966,12.27469888521037
amp_mean,0.2011044267665054,0.25732090037322874,16.950795716835614,3,0.5971647458109411,0.2257039783403653,22.265625,4.588237995633482,0.5456490282781891,0.9433904469142331,1325.2306716476758
amp_std,0.15875962337217223,0.1760636029092794,7.935588420965482,2,0.3340546411988682,0.31434654097731524,20.3125,4.045989835094699,0.2917687250730556,0.41832535196328063,825.9048767748025
amp_max,0.11689454851365746,0.14924371668929684,5.702063864636186,3,0.33532338389898064,0.10359718800710056,25.390625,5.319983021377855,0.8159735046417894,1.1669872035117739,447.7434539635574
phase_std,0.25484911173989866,0.30481481822883855,23.785490793441248,1,0.999999999999977,0.8756934706633422,14.453125,4.222897535078417,0.34211332040236986,0.57137548957892,2128.217545616472
i_mean,0.05092325888542976,0.07518260981066757,1.4470207533934305,8,0.08279855641988987,0.04018564355678507,39.0625,4.251961911085299,0.334611087249177,0.47770493439980205,84.9732553515457
q_mean,0.0183285148175872,0.0371713608695603,0.3537177776371401,5,0.05378795535867416,0.03493420435537382,52.34375,4.715401677536452,0.5808120619398529,0.9579989628870008,11.007842811712383
