Sample,Method,Dataset,Window,Signal,Median,STD,RMS,IQR,Skewness,Kurtosis,Energy,PeakCount,PeakHeight,PeakProminence,ActivityRatio,MotionDuration,FFTEnergy,SpectralCentroid,Bandwidth,SpectralEntropy
median_static_000,median,static,0,amp_mean,0.0165539555039296,0.04997237664390855,0.06401075686198805,0.07278702349901492,0.9309445766707828,-0.699487350949894,1.0489285104754051,5,0.12685285405281352,0.05608850855430446,35.15625,90,81.82948078440384,0.3691281095364465,0.5571889533167416,4.2311629338623895
median_static_000,median,static,0,amp_std,0.0549236630890968,0.06878055291741035,0.09916531605466378,0.10292398710919518,1.1092994599703336,1.00248678890335,2.5174425365046673,7,0.15272496031868688,0.09582608300224096,42.1875,108,155.0169059738896,0.6098226108877591,0.9257146087037091,4.926666898097311
median_static_000,median,static,0,amp_max,0.044085538382226244,0.03720736905918213,0.05492197542993583,0.0642770015602527,0.4103580799773588,-0.9741278608859947,0.7722043865923776,10,0.07998872750428235,0.044195257760069995,51.5625,132,45.363631427172805,0.5107322013030591,0.7012295509324576,4.830639155414625
median_static_000,median,static,0,phase_std,0.0171467992112471,0.021328510144583104,0.031240037032402124,0.03759955494185085,0.4339465251982446,-1.2656647579991913,0.24984061792917917,5,0.049450213457656544,0.036466907962896145,46.875,120,14.906205031964841,0.6514774231793881,1.0064324812619654,4.977356605892394
median_static_000,median,static,0,i_mean,0.32099342322228885,0.24165330165455054,0.43114189194230396,0.2706548502952962,0.5812846913663766,0.04028350885920995,47.58613273282286,5,0.6338391692515809,0.4048915656879883,43.359375,111,1913.4947116630076,0.7664250814179585,1.1267622167731108,5.174405394421289
median_static_000,median,static,0,q_mean,0.40873115323766424,0.2523717302124997,0.5323657337382832,0.37644933659867846,0.4485697060050305,-0.7989073223675107,72.55379826142736,7,0.763975523257772,0.2669883531659392,44.140625,113,2087.040702842155,0.40014267056078845,0.7077519058268633,4.29924892561242
median_static_001,median,static,1,amp_mean,0.0688408059109708,0.05250090880193342,0.0891282504389652,0.1013490389675349,0.13418638622099885,-1.2988613070736792,2.0336243267355907,9,0.12784904737339073,0.056640717216073874,48.046875,123,90.3198991330714,0.3757631046025629,0.5120801599457074,4.235597052238763
median_static_001,median,static,1,amp_std,0.05034502273059385,0.036848760860517984,0.06762507861744961,0.054941331298110435,0.3629710470815055,-0.7048243405761365,1.1707267220521576,8,0.0957424492375668,0.05123176645336547,48.046875,123,44.48976786207298,1.1072722476493266,1.2853877289735054,5.869658690090756
median_static_001,median,static,1,amp_max,0.0603636059563676,0.06541027578604716,0.10074647420543273,0.09323773497877966,0.6355411098078924,-0.7404635308448593,2.598362128595436,6,0.15160715577364495,0.08135510987188468,41.015625,105,140.19788052250004,0.40403867097398366,0.6719376493508639,4.306072880274048
median_static_001,median,static,1,phase_std,0.016132325801409948,0.01966425644162354,0.0294689638804052,0.03312071366864797,0.4467167050140305,-1.0979855449134335,0.22231547703926435,7,0.04501514835390063,0.02443957905663655,45.3125,116,12.67041898959896,0.8717859887568685,1.140259407918817,5.546428201771276
median_static_001,median,static,1,i_mean,0.2847398753759835,0.15803170364784244,0.30018234628070145,0.23737151592799505,-0.09700772933661922,-0.9738951114089311,23.06801690075826,8,0.4090824505067327,0.2082263569521472,57.8125,148,818.3445044655492,0.5679747184439664,0.8957139542628004,4.7550930683861345
median_static_001,median,static,1,q_mean,0.2802898711982756,0.16019258638997758,0.30715065663030094,0.23061653808435348,-0.075242198936543,-0.7958845054872268,24.151430622316813,6,0.4452903324716824,0.26175607195392203,54.296875,139,840.8813348798951,0.33476471509053635,0.47985006233478017,4.224850221728911
median_static_002,median,static,2,amp_mean,0.06885416740223754,0.05313571227954,0.08905599086850166,0.07971009647064217,0.29640187145883096,-0.9510468151293714,2.0303281944500866,7,0.1257123660073946,0.07497831962774404,48.046875,123,92.5171532926577,0.4840224835763075,0.7969388132565352,4.528488289184983
median_static_002,median,static,2,amp_std,0.0500626581527511,0.07606835510478753,0.10440908349379888,0.08405543971335505,1.3352623117419764,0.9905755101670408,2.7907217192998566,7,0.14340142548825505,0.07281792867122028,41.40625,106,189.60857957198095,0.31082002459956093,0.4879988110807123,4.030292922564355
median_static_002,median,static,2,amp_max,0.09874437348999845,0.07664737642815285,0.1355293201228546,0.13281209471796981,0.10306058832134672,-1.1997674845035096,4.7022583329185785,5,0.210985784132638,0.141987547159953,46.09375,118,192.5057804245312,0.4999668426621683,0.8121322536328178,4.53044697486555
median_static_002,median,static,2,phase_std,0.012049865883028699,0.013509895445495848,0.02036058026405057,0.020338939865352477,0.7082119675983924,-0.6149057015569412,0.10612562654434446,8,0.02999291637126375,0.01420527466917524,37.5,96,5.980667373642878,0.6512836151711987,0.9462005836984413,5.080819414763171
median_static_002,median,static,2,i_mean,0.25181383156648907,0.14019512488951724,0.25838732960923855,0.23387960860849275,-0.0331681770140708,-1.0809489944834862,17.09158709826388,9,0.36881440905813356,0.13265794045829948,55.078125,141,644.0421654778397,0.5634348660602975,0.8804663707280339,4.751686219953598
median_static_002,median,static,2,q_mean,0.2594225169530139,0.1295732100689608,0.2715114031139286,0.17377157049083208,-0.4553112478991128,-0.6665814545721434,18.87192115734892,8,0.37223325176733657,0.1416929157118219,56.25,144,550.145171627029,0.605173714083354,0.9485007436317571,4.970192999200699
median_static_003,median,static,3,amp_mean,0.024145241806921798,0.05198924382862406,0.07029769332528243,0.07489282484581194,1.0163741749763595,-0.23287910927317323,1.2650920158349972,4,0.11762843405608192,0.06634514172787627,36.328125,93,88.56528919477383,0.8630520558288652,1.1936637122641398,5.430419335650544
median_static_003,median,static,3,amp_std,0.031283251951140595,0.09157447552826131,0.11809424489844411,0.11673425166121278,1.031928767477456,-0.40955861234795643,3.570240173602225,4,0.2244701322072118,0.16171437840965308,35.546875,91,274.78860262979714,0.3513560192266155,0.6204640700163176,4.006520792777509
median_static_003,median,static,3,amp_max,0.03312458228520585,0.07625930357521901,0.10111958169607282,0.10024876152055827,1.1456614667117977,0.07592389351905515,2.617643469411519,3,0.18368361205325445,0.1515236379597648,34.765625,89,190.56152649220542,0.37340264573520315,0.644428758205919,4.219609783176578
median_static_003,median,static,3,phase_std,0.01277013466337315,0.011460925609573161,0.019584995132099915,0.01684125154080785,0.27837165853149365,-1.0967602771849687,0.09819444078704062,7,0.02821733244088404,0.011521988548118312,43.359375,111,4.304128105432578,0.6165576668984442,0.9866500925212294,4.900868892602736
median_static_003,median,static,3,i_mean,0.2573689007641681,0.1814299186862666,0.3288002856434607,0.21067652741720222,0.41903897757491987,-0.6468427288689433,27.676064726840664,9,0.4704451993173724,0.11172863780310206,47.65625,122,1078.616474510142,0.46219301404272534,0.8104981465470256,4.382794059228428
median_static_003,median,static,3,q_mean,0.28541432874834105,0.08073898156884567,0.29631325725497404,0.12424926575736553,0.0815912301220927,-0.6736581108556532,22.47719588481342,10,0.3686396942137514,0.12021301008579746,50.390625,129,213.60669756540403,0.5791524066108963,0.8066281907549898,4.925777820055735
median_static_004,median,static,4,amp_mean,0.01996094590110515,0.039549890779977226,0.051906856879466584,0.04809150527558379,1.5819464719760605,1.8859322003241994,0.6897463785229894,6,0.08487524166569434,0.053256766143521046,41.40625,106,51.25549661888425,0.4048920614026477,0.5334075189798764,4.522662230158716
median_static_004,median,static,4,amp_std,0.075603006837778,0.09694181662263969,0.13410928698617886,0.10406349176320467,1.2871215890024619,0.8958777314339619,4.604237019120967,7,0.16946664583286417,0.08675660556499379,40.234375,103,307.9393143016141,0.8238673404932177,1.145672601394859,5.300010962325695
median_static_004,median,static,4,amp_max,0.0320112528465268,0.06584223623209055,0.08693762492236182,0.07044166690835557,1.3163974034110448,0.5294369479152627,1.934886560548164,6,0.13235056406578846,0.04722982621867669,32.8125,84,142.052220291492,0.8348226229277387,1.1653568068178286,5.303731139508856
median_static_004,median,static,4,phase_std,0.01634322352311295,0.013611251668697035,0.022323000511192754,0.028206573117429024,0.10509631385185737,-1.3224232185484521,0.12756898606661426,6,0.03288574754716857,0.015992156081134187,48.828125,125,6.070801101497683,0.3377783417547524,0.4705627511868659,4.159054461526775
median_static_004,median,static,4,i_mean,0.32240770496999244,0.15256907286677712,0.369182044329791,0.24551475295985253,0.44939931344942396,-0.9377897393795362,34.89161775501409,9,0.5120022944771634,0.12177275751316238,48.046875,123,762.7510068422107,0.3480583949212838,0.5783413639703835,4.180891085292556
median_static_004,median,static,4,q_mean,0.28959424049513877,0.16543178767333477,0.35984539188507897,0.18934634166975955,0.9314032152958132,1.0589562990677193,33.14910875159707,9,0.49338417651984645,0.1517231786151301,44.140625,113,896.7827121799636,0.4315662740515298,0.7236568686762955,4.467835079846161
median_static_005,median,static,5,amp_mean,0.0361625029597457,0.03887278470552954,0.057800848227154734,0.07237331878214157,0.6228742348750378,-0.44197441538064197,0.8552801422793156,6,0.09817149503153853,0.042587750010306985,42.578125,109,49.51520500747682,0.5648098357337051,0.8664235761634018,4.8972360554791825
median_static_005,median,static,5,amp_std,0.07773688750694385,0.08946010385023864,0.1279612051573933,0.09423043197522449,1.5273402726582115,2.0476601350935937,4.1917619264851185,8,0.15125154979241223,0.11458479357568858,41.796875,107,262.2457772939068,0.45314756835424047,0.7255494031943195,4.52758745682705
median_static_005,median,static,5,amp_max,0.071418991841216,0.06553693291140576,0.10831715781994118,0.11077585300094386,0.4537189425108022,-0.8396734859416166,3.003547309616651,7,0.1566980696928017,0.06995900298870275,44.140625,113,140.73959790244933,0.7461230408689637,1.0682585819489394,5.089239404380669
median_static_005,median,static,5,phase_std,0.009763292971755,0.017506748002699996,0.023791185211860796,0.0217821460111067,1.147981398112121,0.3066949258985936,0.14490124640897634,3,0.04397858414020437,0.03551749019209174,32.8125,84,10.042937778224466,0.35215370745201424,0.5590945338741732,4.21447444074877
median_static_005,median,static,5,i_mean,0.25662469807622035,0.12617035349835878,0.30864071481114097,0.19012845333293318,0.19493355311385338,-0.7755688776145644,24.386327254817807,9,0.42810373692775444,0.13348525970290695,41.40625,106,521.6137096941884,0.909858186579956,1.1891260390909122,5.529615414344223
median_static_005,median,static,5,q_mean,0.2897626360177654,0.17839229586973354,0.3660963818802401,0.25902502854758575,0.7064996552346265,0.17968096615925644,34.31079957140546,9,0.5185663482985069,0.20878795983396942,44.921875,115,1042.7986474693644,0.5324825345738031,0.8840818484523699,4.633703650584696
median_static_006,median,static,6,amp_mean,0.0705512202139873,0.06381048660390327,0.0952990327944338,0.09702179187727332,0.662782622278374,-0.5083955889749552,2.32496784679797,7,0.14462927771987308,0.06335096384494766,49.609375,127,133.4204175938517,0.8750635815630523,1.1822177293842013,5.477136150839545
median_static_006,median,static,6,amp_std,0.05185102488098225,0.08220656857953308,0.11420331318025641,0.1196580387228447,0.9450108664212786,-0.2938053868418855,3.3388535657850182,7,0.16681875757515421,0.09102085014841935,37.890625,97,221.4330814533125,0.9978521992111036,1.2613733839506014,5.689660217321058
median_static_006,median,static,6,amp_max,0.10355530271809621,0.10003140619632145,0.16237004698755703,0.10153512162526027,0.8841267924725682,-0.34591646430579015,6.749192232637819,4,0.29263063205702977,0.14623119849944807,34.765625,89,327.87962940446596,0.8278261800618051,1.1791705139387647,5.278806613076586
median_static_006,median,static,6,phase_std,0.02256268856157395,0.016332173680019532,0.029046993173539218,0.022714477606447774,0.5688366797541242,-0.428046802021846,0.21599431998045027,7,0.040592642951348006,0.017163717532880932,47.65625,122,8.740516102733062,0.4859487889955987,0.7940430155003785,4.5080539968195845
median_static_006,median,static,6,i_mean,0.22112502517614135,0.14285677594589147,0.2797424173943676,0.23564011669280893,0.19154969253479523,-1.012149979804156,20.033489942949014,9,0.403670527251939,0.13265038460877995,46.09375,118,668.7217611059482,0.7517244369619961,1.0616204476423858,5.272102055545588
median_static_006,median,static,6,q_mean,0.2579920801129334,0.13334670649089206,0.3086322769059345,0.200673480431063,0.4952708332724954,-0.8159474721035771,24.384993881124203,8,0.4605618746926521,0.18889000280666002,39.453125,101,582.6590238090928,0.3706382868009153,0.46270250379182826,4.259259211253936
median_static_007,median,static,7,amp_mean,0.0783899091650912,0.06972616688824552,0.11509633868382145,0.1022688992343477,0.3655456354570176,-0.9782107011734968,3.3912747976757593,7,0.16941680977220983,0.08660009019110851,44.921875,115,159.3093348697619,0.39828838175939385,0.5504391972719338,4.385851269430983
median_static_007,median,static,7,amp_std,0.0364954412309611,0.08363970514822827,0.1110376653534529,0.1308714087034306,0.9537475897610765,-0.353313202400638,3.156316960549221,7,0.17811493513852864,0.08081986694959604,37.890625,97,229.23128536133774,0.41913464651143384,0.7118853731566004,4.390182520638495
median_static_007,median,static,7,amp_max,0.11723463379020085,0.1133232932008171,0.177692845660258,0.2222080539671178,0.376219922779564,-1.165704171021547,8.083135334103108,5,0.2927609981637578,0.14401779604181023,41.015625,105,420.811504532925,0.4311269467226221,0.7637627680004008,4.300548985157176
median_static_007,median,static,7,phase_std,0.0270364214351188,0.03323922491100148,0.04936509494733592,0.02969142758338315,1.7022548058998987,2.4829642744949156,0.6238496253848297,5,0.07133606562134633,0.04184074354896098,31.25,80,36.20348711471917,0.5025616328695938,0.8153329514004348,4.685206063356782
median_static_007,median,static,7,i_mean,0.21407744020444805,0.16442369053255562,0.2897468071838838,0.24827397961070277,0.5002924720615125,-0.6241699390803359,21.49202234195321,10,0.3811382093647643,0.1476414851794091,45.3125,116,885.8763473563854,0.692426655779114,1.0205324356805963,5.13339108284395
median_static_007,median,static,7,q_mean,0.2153010936177814,0.17160179171017376,0.3024561042052026,0.19095839495699524,0.7194750619667721,-0.24626743787645555,23.418801912573024,8,0.43340477197575944,0.19570693985554524,41.015625,105,964.9227677800242,0.4922957136023165,0.8168055575422377,4.5693204652376185
median_static_008,median,static,8,amp_mean,0.0683880878459669,0.0607546595270246,0.10188157775278289,0.08192564620979284,0.5727732068683045,-0.3790666151039903,2.657243106661465,5,0.15317636039128624,0.07640919245089715,39.84375,102,120.95049580812818,0.5868879359061494,0.9189416617622542,4.910377840488319
median_static_008,median,static,8,amp_std,0.04847599689321355,0.05698577696538289,0.08190124329046918,0.09838388996621562,0.5017718438678789,-1.0768552665096998,1.717200295046303,10,0.11889168752667567,0.05495633362195105,46.484375,119,106.40620927738898,0.8903053521301015,1.1622663067955423,5.4770615426123666
median_static_008,median,static,8,amp_max,0.10461680361028294,0.08327854671148174,0.12807281894220862,0.15308206966951854,0.3994104113216418,-0.8448514986068778,4.199077619661761,7,0.17689879952123336,0.12088781038245446,51.5625,132,227.25642102958176,0.3400056403726042,0.46580978134342144,4.261446363766198
median_static_008,median,static,8,phase_std,0.01670491875223015,0.036912373332963155,0.04543175510412756,0.02808481740759935,1.803003002255384,2.380089414340298,0.5283953591914037,4,0.0726868054128844,0.048993038577928125,26.953125,69,44.64714208209968,0.36656172950874616,0.5900365380703022,4.257472565172508
median_static_008,median,static,8,i_mean,0.26725855297990514,0.16888838534907136,0.34454658579580927,0.2843224822961591,0.04489585236905473,-1.039160233096985,30.39036154458853,6,0.535803697511272,0.20629452341719992,41.40625,106,934.6408456553338,0.6671181633145333,1.0120557989811936,5.037421141490988
median_static_008,median,static,8,q_mean,0.18936119740942964,0.15651090832117162,0.2652031561910347,0.19518174070759423,1.0454372453774665,0.9587747921611398,18.0051747977437,6,0.38728764188310677,0.22521021411457173,41.40625,106,802.6739159621577,0.30795704534377955,0.41967025654799056,4.096451722769616
median_static_009,median,static,9,amp_mean,0.09760276933920814,0.09746477725917196,0.14695262566197967,0.09871686184660966,1.3711735155938372,1.7085042771803494,5.5283389923711805,7,0.1847066271929489,0.07891405716329218,44.921875,115,311.2756212653908,0.3792818014845397,0.590008582218513,4.225603029880931
median_static_009,median,static,9,amp_std,0.07365380763911875,0.054252492165193275,0.09383440519479942,0.10116993056098492,0.002319416228541143,-1.365221869705437,2.2540532731550207,8,0.14000090703920104,0.07191643248966931,48.828125,125,96.4470480239512,0.46185377499254654,0.7035512473860851,4.600725603128478
median_static_009,median,static,9,amp_max,0.10135714639504215,0.07810932877311492,0.1321989978888318,0.12396900811133438,0.38427705285968006,-0.5640156489994625,4.474003210959706,8,0.19697071862354548,0.08022074343569337,49.21875,126,199.91544506085552,0.8127351557468475,1.1431342436676213,5.388543676321397
median_static_009,median,static,9,phase_std,0.0107549461067964,0.009064671649660275,0.01304052892452822,0.016114018282185623,0.32962730296214876,-1.194450384681895,0.04353418102565303,8,0.0200185994770657,0.00682595109957125,51.171875,131,2.6924620996738247,0.7260454464749623,1.0916862021033282,5.0886665542649245
median_static_009,median,static,9,i_mean,0.3808884470006071,0.13789888974378092,0.3817374074123521,0.2175575885991205,-0.4035375529156344,-0.4985017217489083,37.305202743783454,8,0.5059312833927319,0.1509410435209799,52.734375,135,623.1193632648792,0.4152043599722936,0.5924080753059113,4.409848035549263
median_static_009,median,static,9,q_mean,0.22017237948337942,0.1265674638274006,0.25916420899192866,0.17509518755407377,0.08612908000981652,-0.8153144587953687,17.194518328937495,9,0.356027582255256,0.18942353394692488,48.828125,125,524.9206495227149,0.4267810956001825,0.6252150910623402,4.588594415519627
median_static_010,median,static,10,amp_mean,0.1189566359550237,0.0930913180475036,0.15656495726098466,0.10119457328224238,1.215960560300559,1.5298697490573998,6.275221975586291,8,0.1878305250047132,0.0834324677168938,45.3125,116,283.96682252063124,0.46063919501105155,0.7441362424498816,4.535525004990794
median_static_010,median,static,10,amp_std,0.0688366972229334,0.056698734398278675,0.09467775383511035,0.10497951562484324,0.2145729555684515,-1.1393787108307556,2.2947525302430085,6,0.1483481290514101,0.08024653723294169,43.75,112,105.33975664204434,0.690111338764246,1.0185080260787558,5.107453983964336
median_static_010,median,static,10,amp_max,0.09095855251377274,0.0879379144843182,0.13372937239226299,0.16693798548900352,0.35181827255999154,-1.0499325966682505,4.578187530349709,9,0.1978030153657312,0.05491253432476547,47.65625,122,253.3944651531558,0.7316264322017899,1.1146863929235167,5.115432388819711
median_static_010,median,static,10,phase_std,0.010614674178495449,0.010530562751112601,0.014300680044948218,0.01580980413932455,0.7877203308044639,-0.22674412326465632,0.05235441913548293,7,0.01927546737851586,0.007582528965118514,50.78125,130,3.633725956633168,0.5066939043286641,0.8452987701459013,4.696284320082257
median_static_010,median,static,10,i_mean,0.30873876403012657,0.10973611534007216,0.3450375798699783,0.17215142998535748,0.5578820605699355,-0.2686075750962984,30.477038469768104,8,0.44208568294670497,0.15071279502003604,44.53125,114,394.58842339306426,0.6791419208837921,1.0317130394817664,5.068139833090852
median_static_010,median,static,10,q_mean,0.18424477715027748,0.13096918942401634,0.23672242339058752,0.21525439686484835,0.3393542598254249,-0.8066760887532411,14.34560146839362,10,0.3168317248059763,0.15128200704029995,46.484375,119,562.0573393789015,0.786653150460928,1.0777830672257163,5.33384473829933
median_static_011,median,static,11,amp_mean,0.08982199364864496,0.053838486693105335,0.11041085457141474,0.07273614132608631,0.17105373375984526,-0.7769158065469681,3.1207825426406646,6,0.16256106627556852,0.08679245487667414,45.703125,117,94.97927189850547,0.7769719172263413,1.0937983321534268,5.182426980839113
median_static_011,median,static,11,amp_std,0.0565151339070991,0.08308336184403216,0.11216502057998812,0.1327827926284405,0.9570095094874497,-0.15379948589972292,3.220733911477544,4,0.20445433329231466,0.117173682285688,37.5,96,226.1906945866386,0.6377672025698815,1.005471324886227,4.910781660212774
median_static_011,median,static,11,amp_max,0.0842826878898367,0.07315699087755156,0.11154576968059145,0.1579692070057079,0.2149439747173194,-1.3906355480247001,3.185269435810702,9,0.16299474515274442,0.04913789430852923,50.390625,129,175.3678988616373,0.8258252854475092,1.1707905409091848,5.314355236604305
median_static_011,median,static,11,phase_std,0.00985555307539505,0.0114728765009378,0.016582755694175663,0.0214914709013008,0.5238429992271408,-0.9051817016874488,0.07039687332165515,6,0.024046058919158914,0.008814219280827668,44.53125,114,4.313073272166499,0.8549436115367123,1.1767753428535248,5.3020328357320246
median_static_011,median,static,11,i_mean,0.26320349413282446,0.1226557304663901,0.2947485519322445,0.1550376985718473,-0.1759029296324822,-0.45291038870992395,22.24043746973569,7,0.3788663318025027,0.18019580027650386,46.875,120,492.97575288784503,0.40715019752577625,0.5844982340112341,4.429841682673081
median_static_011,median,static,11,q_mean,0.1688540062965032,0.1806079545632046,0.28995131215258746,0.24405631361081312,0.9849820774471454,0.06818865163405263,21.52237143526585,7,0.45078242021755444,0.14253362831390487,37.5,96,1068.8625969765583,0.5552797372611245,0.9216550067067655,4.717141068785562
median_static_012,median,static,12,amp_mean,0.0891916658345558,0.05720787566905177,0.1122655628126595,0.0853039404742407,0.17021906587872507,-0.9043790941777154,3.2265104879726576,8,0.16725877173251077,0.05332632942750724,44.140625,113,107.23726583605477,0.9179436641589342,1.2074957392356347,5.5328798166025095
median_static_012,median,static,12,amp_std,0.14197587907827097,0.13386332709086438,0.20578177367918832,0.2130473972639665,0.7561828404231152,-0.023259273073619635,10.840611424909486,7,0.2873840116365113,0.16512398420646804,47.265625,121,587.1823518969264,0.3622106771960953,0.5615920295353047,4.323859530645343
median_static_012,median,static,12,amp_max,0.1029748603221754,0.0747349868106482,0.13483287140938496,0.10424287660204504,0.5893642187077116,0.051429216878537076,4.6540552223999345,7,0.19796320126665654,0.10482853350090407,43.359375,111,183.01814233157324,0.6229292589184472,0.9271741370017622,5.05034526845008
median_static_012,median,static,12,phase_std,0.0203825496054681,0.019782385502859823,0.03065266639221253,0.027263920868499776,0.9682379963537788,0.13251655808781138,0.2405340049797825,7,0.0441518009500166,0.014256519282275957,39.453125,101,12.823489288638033,0.48830097889506807,0.873064274932779,4.462863613072846
median_static_012,median,static,12,i_mean,0.22994224487039938,0.1579792366825018,0.27854064061351475,0.28052559674396094,0.0816625672544083,-1.1737941594857608,19.86173144918712,7,0.36998548157079003,0.20179229682787586,50.0,128,817.8037420700944,0.4269883302733437,0.726516456273392,4.422998520209336
median_static_012,median,static,12,q_mean,0.30310157511690217,0.19898705090863011,0.3724613630067154,0.29239780717132385,0.2672730960845501,-0.9838297020910449,35.51423153480198,7,0.5310050829931211,0.23224433798185626,49.21875,126,1297.4755847975562,0.4257596098174387,0.7263657763596044,4.304757341672383
median_static_013,median,static,13,amp_mean,0.1131546461680711,0.0678883576089946,0.1295546027531505,0.12297012933884223,-0.006032661596168573,-1.0824975359112619,4.296805144198818,8,0.18090093817099204,0.07728176071561033,51.5625,132,151.02205630464755,0.36512878759929973,0.5740567857068318,4.270493363277884
median_static_013,median,static,13,amp_std,0.11973147644397406,0.14837440448534925,0.22762479145073497,0.2039360419449639,0.7634003885835151,-0.6613794592020494,13.26413969484559,7,0.3338975438864639,0.1639517437664662,40.625,104,721.3863105736294,0.3262918638768847,0.4408570284724188,4.154829732859529
median_static_013,median,static,13,amp_max,0.10969630828004885,0.07042980473674865,0.1458063304583054,0.08774793008413953,0.7671109067429186,-0.07453730278764636,5.44242841643944,5,0.22531777220276528,0.13014167177409725,41.40625,106,162.53877121245182,0.7352081489125495,1.0395020565400077,5.21685675981519
median_static_013,median,static,13,phase_std,0.0332085190644852,0.024411399140077065,0.04313210280402287,0.0319999008513734,0.6052727220858392,-0.4627691596872787,0.4762568428279801,8,0.056124775178843574,0.020746393770281348,43.75,112,19.526915130029526,0.5574644368017574,0.8991144312732556,4.678362489419817
median_static_013,median,static,13,i_mean,0.24544917310712394,0.1562672069720589,0.2846772061467902,0.2788643342764208,0.0006997030981017398,-1.12694345981197,20.74652459508277,10,0.3686809677028962,0.12430334277452074,53.125,136,800.1730412638033,0.5617929694763834,0.9082285251679337,4.69782812056435
median_static_013,median,static,13,q_mean,0.26859047893870686,0.17693352515991864,0.34047497383946523,0.2417511888800181,0.27272289037869324,-0.6572890257589092,29.67634119961204,6,0.47600278724185213,0.26811171330866007,46.09375,118,1025.8115257665777,0.6110337048434233,0.9436784025901688,5.013041175540062
median_static_014,median,static,14,amp_mean,0.1248388784255359,0.054680161322955154,0.1358234960765676,0.07975094326313739,-0.011097600927606505,-0.588332258548121,4.722693654134112,7,0.177052214649184,0.08928074664901457,50.0,128,97.97251745900107,0.7086304484287843,1.0416334988180802,5.0524729803896005
median_static_014,median,static,14,amp_std,0.09130829205636225,0.1303285977141936,0.18850478766032755,0.2053370370428031,0.7853188291932952,-0.3903819284924177,9.096718072541485,7,0.2965134667281596,0.11661550120555467,44.921875,115,556.5730108520165,0.751570493803453,1.1090934616882473,5.17725627489644
median_static_014,median,static,14,amp_max,0.18816443435477215,0.14507020344850982,0.2613969887496802,0.19445827734469506,0.9230561682963568,0.11637541788745454,17.492066746214512,5,0.35506335534061917,0.20186478290410728,44.140625,113,689.6139641963399,0.35768180233558744,0.6829474013263725,4.108398171010868
median_static_014,median,static,14,phase_std,0.01891174969768495,0.02147159956168014,0.03469739446065624,0.017140607984812598,1.7706649291346417,2.2871278799703454,0.3082007506837449,5,0.050136274230124865,0.032523177741536895,28.90625,74,15.10701025341706,0.36362856147466516,0.5794700403596227,4.269322555499581
median_static_014,median,static,14,i_mean,0.19907317453194778,0.14354704235659915,0.24148947696452688,0.2031015124283092,0.4215636065215547,-0.7944387241207425,14.929194876057794,10,0.3190223697529545,0.10063258857316429,51.171875,131,675.1972351322329,0.7976947295191639,1.1449659450407155,5.223447466311349
median_static_014,median,static,14,q_mean,0.24023425909441254,0.1426796785842422,0.2870437702340068,0.18756439253191853,0.2914609433512795,-0.6036313964792108,21.09289626371924,10,0.38617467039337716,0.18051262000911952,47.65625,122,667.0735921961083,0.4394569733604934,0.6197523287518859,4.632747243270852
median_static_015,median,static,15,amp_mean,0.12036666392583664,0.04558627815126775,0.11873599099876574,0.08019578262516618,-0.2352192893090683,-1.1222875273353445,3.6091483029654983,9,0.14906565600216262,0.048220660015256545,58.203125,149,68.09485863304673,0.639798525643733,0.9763340227962095,5.083708901511172
median_static_015,median,static,15,amp_std,0.21152040773490116,0.14660257987245406,0.2589054706588274,0.18508122244263994,0.5899566432712401,0.19018118915332716,17.16020294068965,9,0.33990476080975746,0.11355257409594034,49.21875,126,704.2569302917337,0.5837847688101313,0.9419706132602605,4.697453859147254
median_static_015,median,static,15,amp_max,0.2484970274623577,0.2460149744954317,0.38748253737531957,0.23030225537091153,1.1804702185910314,1.07166320317363,38.436535493328876,4,0.5673031576764126,0.4081038397988616,34.765625,89,1983.2235599376575,0.5235002876453152,0.8639415750444046,4.601185281335383
median_static_015,median,static,15,phase_std,0.017157482797204048,0.01329920374215224,0.023662983669850115,0.012311911984194273,1.0619788837644182,1.057230821983052,0.14334381981685587,6,0.0318355762658983,0.01764112959507545,42.578125,109,5.795636599616768,0.3598111524658378,0.5031370246134034,4.338620899368157
median_static_015,median,static,15,i_mean,0.1761031324278448,0.13189231319571432,0.22550725912695188,0.2179296413056078,0.20875316535883984,-0.99659734026908,13.018502123251258,10,0.310929717052199,0.12180351088900995,48.4375,124,570.0174279203,0.48788441057412496,0.773376624933087,4.676597267866029
median_static_015,median,static,15,q_mean,0.2321878866605177,0.1065525213019804,0.25582006344975516,0.120063951606585,0.5979606745474233,0.8183993581623512,16.753639645039808,11,0.31047184857128657,0.11029003977828902,49.609375,127,372.0183738414778,0.8875243257088192,1.1605850298385585,5.539073294738087
median_static_016,median,static,16,amp_mean,0.07539182896627365,0.04803754588981443,0.08657351829134272,0.08398137787987078,-0.0695702703747731,-1.3346869515385198,1.9187133617514118,6,0.12668500315229236,0.05819937767891279,51.171875,131,75.61508748182135,0.6067084320034833,0.9555789535127993,4.940499143439055
median_static_016,median,static,16,amp_std,0.17977332321451164,0.14579629929438398,0.2495756119261506,0.17150775774338764,0.828160943127591,0.3891807811262744,15.945724433488007,7,0.34941729127084364,0.07609459956365781,45.703125,117,696.5349814195191,0.28223986319264044,0.3926303137851058,3.9454143715025896
median_static_016,median,static,16,amp_max,0.1198028193654264,0.24551193906306235,0.3101796564720202,0.142084288104933,2.2351047928700325,4.025381036330495,24.630123338009724,4,0.43534487362544266,0.27055043682239655,26.5625,68,1975.1261272233269,0.3820208028883819,0.667490146731935,4.300351984516109
median_static_016,median,static,16,phase_std,0.00958291439576635,0.016423965257482343,0.022505245281119805,0.02513284471991757,0.8992518634897235,-0.16454637463355715,0.12966043268182148,4,0.0378070138275202,0.0298381446873728,41.40625,106,8.839052111743506,0.3616007740074375,0.5738200152309351,4.294091328625374
median_static_016,median,static,16,i_mean,0.2187114241113437,0.1413201554142638,0.24774085514381983,0.26056769140692815,-0.11076263330345885,-1.2112937949019305,15.712136014692128,9,0.3484960853615468,0.1390357008110027,51.953125,133,654.4077280820974,0.862361282258407,1.1480678798734418,5.432769680701319
median_static_016,median,static,16,q_mean,0.22445773493593185,0.12458010802517802,0.25200165111636286,0.17295149952820332,-0.21602855424019116,-0.8009526883502249,16.257237034335507,9,0.35263886957167895,0.15911628314182685,51.5625,132,508.56368009739026,0.5524185769190624,0.8522264827941093,4.6111870268790405
median_static_017,median,static,17,amp_mean,0.08956582382916431,0.07177951175204578,0.11968820145071421,0.09371874274158487,0.6426092593437157,0.33115851153947595,3.6672679850257275,8,0.16140057855027407,0.055193462826541376,46.484375,119,168.81504304858802,1.230064904889779,1.3753565862304609,5.9408214240108865
median_static_017,median,static,17,amp_std,0.12080403492377176,0.0864690682436288,0.15133892784598202,0.14132528001875944,0.14254386720384069,-0.9868317986315782,5.863288596882265,7,0.2052960576716568,0.11334263820778899,47.65625,122,244.99512574364815,0.8700898704542968,1.1943694012025603,5.4298378837060675
median_static_017,median,static,17,amp_max,0.13464175618859836,0.08464040979030006,0.17151031736713854,0.13935620811656352,0.4326785324197633,-0.26711143229519463,7.530441974624405,7,0.23997559799394916,0.0782742029106963,42.1875,108,234.716958599902,1.270325111771217,1.380635529612297,6.141686072834634
median_static_017,median,static,17,phase_std,0.008179233367829001,0.029588039075368364,0.0362991714548112,0.03050552323138295,1.6960427178307926,2.572090773838852,0.3373132411662797,2,0.054761009057511204,0.02549558494649925,30.078125,77,28.684875842466084,1.0819656225370518,1.2765439740995619,5.895743213490185
median_static_017,median,static,17,i_mean,0.15121274529964585,0.12267133072154293,0.20130981631485245,0.22249997404391492,0.2030118549505082,-1.103868250104363,10.374564389048228,6,0.3035437020459273,0.17614782877140422,47.65625,122,493.0997026476022,0.5595801536763605,0.8846999226731638,4.686591289185904
median_static_017,median,static,17,q_mean,0.23686058944790106,0.14582344303949482,0.27095200989298596,0.23687999693099443,-0.05204740791730515,-0.8276866818260045,18.79423786625248,8,0.4020317308332264,0.21793522629644374,51.171875,131,696.7927636410818,0.48171326969766987,0.7216699716401369,4.52198909753854
median_static_018,median,static,18,amp_mean,0.08380364419911135,0.25974354060664945,0.31382815931555924,0.1399604966451754,2.397444601587326,4.564951405352583,25.212957076324358,4,0.4136444305346717,0.3152062112020635,25.390625,65,2210.749051024668,0.31494903879942576,0.36771062035181135,4.235252964064496
median_static_018,median,static,18,amp_std,0.13003039642698655,0.1266792454919847,0.21513710567328226,0.15593260448894564,0.9857022945004931,0.3228605989832989,11.848697404794116,5,0.3335858007978684,0.15401367336642952,35.9375,92,525.8487455206991,0.33523019202954973,0.49903838504209996,4.1341646551371465
median_static_018,median,static,18,amp_max,0.1764565418073314,0.20344586413614246,0.28934424936631187,0.21661085556357978,1.4735386917430964,1.7872299837388024,21.43234422818674,7,0.41221934193086246,0.1684558451054175,44.53125,114,1356.2745613709355,0.31984965880143484,0.5183663857901104,4.008816329099311
median_static_018,median,static,18,phase_std,0.01533207959341705,0.04008870668084562,0.054750854132464055,0.05060706337182713,1.2876523791205183,0.7645400654107832,0.7673999432279952,5,0.09322142480748656,0.04030251793670921,39.0625,100,52.66132626411887,0.5795718061176994,0.9667227717845535,4.681289155485315
median_static_018,median,static,18,i_mean,0.19745212273370377,0.14159512369045946,0.25594236680426413,0.18457617741598814,0.5337997988541122,-0.4029851321081326,16.769662752094334,7,0.35359451445737383,0.22839380555403996,46.875,120,656.9694131915712,0.544599148050805,0.8796422387891296,4.76927174493732
median_static_018,median,static,18,q_mean,0.20905388981500025,0.1453244213927482,0.283928098272656,0.17233184609724983,0.7710406295130107,0.06287026251817052,20.63748223711412,8,0.40820594733472443,0.18219741816085636,39.84375,102,692.0174292318131,0.8349838280939476,1.142822071259601,5.405562520886555
median_static_019,median,static,19,amp_mean,0.0654065881783288,0.2632185085991949,0.3032571022263002,0.09911631467415981,2.5665332281373177,5.125569040045509,23.543006732977325,2,0.5934450976271204,0.2837420077538742,16.796875,43,2270.2730969787294,0.6763003212025607,1.0157632438530368,5.134416346959615
median_static_019,median,static,19,amp_std,0.14598074406399256,0.1412804565294757,0.23901223784058676,0.23740622813822,0.5181896933483049,-0.9083704652231788,14.624473558416694,5,0.3563128697967004,0.18173070237422853,41.796875,107,654.051181432359,0.6091178149164835,0.9796790856111972,4.685524147730879
median_static_019,median,static,19,amp_max,0.1257577959382713,0.20517877299378579,0.2628052441435883,0.15188293573219813,1.9660064685279648,3.0100409527353342,17.68104866543899,6,0.38519232051594016,0.09016811283601976,32.03125,82,1379.4525483724217,0.7867674722280783,1.1363727206642178,5.270914042715651
median_static_019,median,static,19,phase_std,0.03154194899654125,0.05517927965749204,0.07833389906634253,0.0796325494173847,1.2137979898491305,0.18703681587453413,1.5708671341916005,3,0.1437567250965855,0.06264786478308647,28.515625,73,99.76903567641898,0.7318495017983101,1.1134847765105078,5.089205223916551
median_static_019,median,static,19,i_mean,0.2027020798017081,0.13698215161081442,0.26400050898598165,0.20380052944130736,0.5574127030587892,-0.5250158500739897,17.84224479868349,6,0.38896150006252705,0.24327334539566425,44.140625,113,614.8594400179634,0.6092124918849076,0.9101296815868266,4.820801498430278
median_static_019,median,static,19,q_mean,0.22449142445823939,0.16304258857535667,0.2998470387930431,0.25571133347851116,0.2430630797526692,-0.8821046305171336,23.016511148276912,8,0.4294074149634368,0.15653674270842657,44.921875,115,871.0659329609957,0.4841651827665273,0.8044796568741793,4.564245182453819
median_static_020,median,static,20,amp_mean,0.041580414798453105,0.05399833893598914,0.07679358422869575,0.08560065402439494,0.8747926296323942,-0.286188043118778,1.509697172144586,5,0.10673521341315065,0.06647486410016305,40.234375,103,95.54560052112451,0.35457571755419437,0.6040161707121418,4.15631476845076
median_static_020,median,static,20,amp_std,0.05975942345492735,0.12393186927206151,0.16987457316731105,0.22700987376172857,0.8314743001266002,-0.8464439585628449,7.387486875846686,3,0.31638246902891215,0.2094976543866742,34.375,88,503.27733395076353,0.8234738048827731,1.1744756251812984,5.227472461503087
median_static_020,median,static,20,amp_max,0.07255828202800249,0.06323965591474204,0.10404687697975343,0.09114161005617996,0.5063777939313179,-0.7279539646260251,2.7713926679654253,7,0.1507010570973497,0.05491929503897534,41.796875,107,131.04652414280338,0.5917888459724185,0.9661819938397617,4.767325863214778
median_static_020,median,static,20,phase_std,0.0294186019763185,0.05071851821952662,0.06853050631744301,0.029756212714112145,1.788659009884595,2.1450760208409427,1.2022861558080247,2,0.1459850971728539,0.06647040603839,20.703125,53,84.29134118680683,0.2968735202311056,0.5500384091510824,3.9238460882921116
median_static_020,median,static,20,i_mean,0.16173599803394895,0.1178650491254717,0.21576144495855695,0.16548154353236966,0.5330397733578157,-0.4876058993104384,11.917568289434728,7,0.30949772990856045,0.14441014378287212,43.75,112,455.2185768434993,0.349323161587135,0.46631760783433723,4.34396555630169
median_static_020,median,static,20,q_mean,0.18089636478250198,0.1628657055230725,0.2513503595812848,0.32260845406874966,0.22608945378188985,-1.3963212340793847,16.173312834980145,6,0.4068458190586958,0.1653844289931307,47.65625,122,869.1655181249994,0.8019745228666623,1.1163015175991504,5.376771911038949
median_static_021,median,static,21,amp_mean,0.0563788404609831,0.034523488489002066,0.05642492165872962,0.0708283832655399,-0.08901410874721301,-1.4293296692889579,0.8150455767536064,10,0.07739231014985816,0.02444032832242275,54.6875,140,39.055094604475464,0.507345038400378,0.8508922369890607,4.543911925454202
median_static_021,median,static,21,amp_std,0.04757458166314025,0.07696656590239442,0.10380340528863302,0.10236911864131974,1.304135230996337,1.1178910416602132,2.758437619076149,7,0.1446682722649361,0.09746646255840725,43.359375,111,194.11277923432277,0.39233177144699055,0.5768904922691747,4.312821712440599
median_static_021,median,static,21,amp_max,0.053925455855214,0.04261564717303515,0.06488581665402014,0.08522875233412502,0.20075640183752905,-1.2555237547580178,1.0778033159319342,8,0.09844757533857117,0.06158302009325846,51.953125,133,59.50830446192778,0.6969344920541296,0.9845825014294695,5.204336145190078
median_static_021,median,static,21,phase_std,0.01904163120536025,0.017108415345079595,0.02784295973443466,0.027742876665274,0.4271313216973907,-0.99850977087128,0.19845898413397753,5,0.04196759601612226,0.01266764205766604,43.359375,111,9.591095484598753,0.5189197260545789,0.9010572553771686,4.571890660258337
median_static_021,median,static,21,i_mean,0.16167250519077364,0.11307051064738093,0.2060641083050103,0.16993312468301072,0.4349277281134912,-0.2496587601134741,10.870378683273985,7,0.3070534036064103,0.1658539834325998,46.09375,118,418.93652929112955,0.4562759629253431,0.7319197935676105,4.456478361132473
median_static_021,median,static,21,q_mean,0.10616363620547485,0.1476767626251926,0.21553626283450159,0.2300398486797505,0.9725922977097339,0.33530592579820384,11.892705432745817,6,0.34271494380917367,0.19607051803143616,40.625,104,714.6144993126351,0.6513572442146234,1.0021925453574676,4.944133053164363
median_static_022,median,static,22,amp_mean,0.06538613686332964,0.03690674374744298,0.0676468153948976,0.055089051576211454,-0.10885507879223648,-0.8464734573592319,1.171479458066267,10,0.0837854135501406,0.03969005864807438,59.765625,153,44.63332193324968,0.5523150882028286,0.8624979889687925,4.80654716560072
median_static_022,median,static,22,amp_std,0.055587727511347246,0.048785262757107005,0.07678732991981216,0.09070995758826905,0.23147750126777322,-1.2880371521574183,1.5094512732708043,9,0.11777425686313293,0.07508207683735828,49.21875,126,77.9878497142371,0.44359659631091203,0.6089394764654014,4.638436118358314
median_static_022,median,static,22,amp_max,0.034899587278635555,0.0472927933749869,0.06687072616054159,0.08522875233412502,0.5633357206201582,-0.9235139422143299,1.144753668412964,8,0.1063577365661296,0.047477527854948076,48.046875,123,73.28910952980505,0.41212358649169967,0.6010699611808206,4.539734499925423
median_static_022,median,static,22,phase_std,0.01652019675591355,0.016478676295920553,0.02545262543398708,0.015379857506702127,0.8866764051325071,-0.19514028597135535,0.16584605221960855,6,0.03277274738975655,0.015740279827811853,33.59375,86,8.897780121232191,0.8723504097912769,1.187623432229411,5.42275415956842
median_static_022,median,static,22,i_mean,0.13386463190162576,0.08722786246294786,0.16665767021565714,0.1341756304809273,0.2888029307092372,-0.9502700024540829,7.110343434677946,7,0.2668429313088193,0.10729618397388264,48.046875,123,249.32140217501333,0.45149195866215,0.6944861463430494,4.582019621130655
median_static_022,median,static,22,q_mean,0.1599465979828262,0.13587070551143368,0.24211857282077132,0.1843461875207365,0.8191473467447721,0.17255757186336673,15.007079246020389,7,0.3638304401378541,0.1976940850052091,44.921875,115,604.9226898952631,0.5524373320886962,0.8794195563350606,4.777162605798506
median_static_023,median,static,23,amp_mean,0.07119749548353285,0.08066281795074984,0.11463370944365875,0.07925927210827281,1.8774505843171412,4.125066932569597,3.3640671592481737,5,0.1122472323953047,0.04223945429316715,44.53125,114,213.19310373596448,1.0316596639030668,1.2856882654703443,5.787276919873523
median_static_023,median,static,23,amp_std,0.09047304470718655,0.14436783301787656,0.1978649975531645,0.19376364791552086,1.3190306729533774,0.8846174890672396,10.022542657718732,4,0.33625955703508137,0.10459880211843119,32.03125,82,682.9211436504457,1.0156358222959647,1.286657266812628,5.663620480961596
median_static_023,median,static,23,amp_max,0.06260785197551665,0.09960229939907178,0.12730617788726498,0.08310302450678025,2.500369984341702,6.578188673925268,4.148956909635572,6,0.18364545581660843,0.05185403032937202,35.9375,92,325.0490541512772,1.1299231390197069,1.3118872213575488,5.980066742458057
median_static_023,median,static,23,phase_std,0.0162682238585211,0.06266551450180328,0.07500185505760702,0.04174803210007672,2.2688781398434217,3.9358932677276304,1.440071235093067,4,0.1039339279240955,0.05307117938274848,27.734375,71,128.67882589779762,0.3242846523050738,0.4914339717217045,4.185374448321117
median_static_023,median,static,23,i_mean,0.13729472112435814,0.06988818522572093,0.14936852939776984,0.11291196036995443,0.06763290976105141,-1.0098876179969951,5.711605139059824,10,0.21510827367228808,0.08859388854086155,51.171875,131,160.05054952148868,0.42500891739161817,0.6074898987763163,4.489140382030384
median_static_023,median,static,23,q_mean,0.2040022988965225,0.1378462631947467,0.25700069871767867,0.15745822018632266,0.8751713674497644,0.32063649078099266,16.90863594019201,7,0.3908020741272488,0.203831047858048,42.578125,109,622.6438838362636,0.37929434650538324,0.5792640473925426,4.34902970190008
median_static_024,median,static,24,amp_mean,0.08366316671593675,0.09918561072023732,0.14213758717716443,0.08225619475132034,1.523949417690988,1.5441708962865786,5.17199198426778,5,0.21984134537632274,0.12201783685968515,34.375,88,322.36444663116157,0.3179548329094958,0.5352301706239138,4.047019420105936
median_static_024,median,static,24,amp_std,0.17959551927458994,0.14624362548636685,0.2516636262485691,0.18017815259834027,0.8384507790571541,-0.05340997872704012,16.213652678804344,4,0.44349960235998986,0.20714247893239168,38.28125,98,700.8137775717827,0.49537384722046557,0.866173059854258,4.508638621520337
median_static_024,median,static,24,amp_max,0.0746742851466375,0.12220885105542065,0.16299700418657834,0.06978062413613947,1.8130764626404166,2.32155715438497,6.801413983692656,3,0.2466151501174143,0.19755745998243432,24.609375,63,489.3847982247657,0.7096316219514303,1.0933851202715104,5.035485150099337
median_static_024,median,static,24,phase_std,0.01909125788787385,0.08118377868075013,0.1025807917471098,0.052730034293413205,1.8933027987207347,3.194410278479018,2.693841621878761,3,0.12371930495679061,0.08927191572695976,30.46875,78,215.94873222724743,1.1120420237941122,1.2920495681950919,5.977704144661641
median_static_024,median,static,24,i_mean,0.1713445613823577,0.13264737096070117,0.23286302076522433,0.1430804258047432,0.8854276753514738,0.4244260019271575,13.881647728615757,8,0.2996459114314481,0.15131510435267348,42.1875,108,576.5635930199967,0.375443470548343,0.5256719309590017,4.263660693168233
median_static_024,median,static,24,q_mean,0.1891602073816395,0.15082595453352074,0.26612835669390084,0.18685101449062722,0.7831308022979101,-0.2985003538375146,18.131021372568604,7,0.44234129215574775,0.19315238510253355,37.5,96,745.4212030181536,0.4234199941962866,0.660308160399479,4.4168045263858815
median_static_025,median,static,25,amp_mean,0.11795597721260775,0.10123175349859814,0.15943305861728183,0.15798397050951735,0.49548830975125663,-0.7161470848352569,6.507238446095775,9,0.2227725423207495,0.047243752534939454,46.09375,118,335.8001542437768,0.6179635751569256,0.9739718130421916,4.8441166849276005
median_static_025,median,static,25,amp_std,0.1761051159189703,0.11942034293954926,0.22639314143083863,0.10069604600571436,1.0652945932693343,0.7045305835139914,13.120986748652468,5,0.27787993846659814,0.10676508610402029,35.9375,92,467.3062804970693,0.7050925007488414,1.0525949616980905,5.086316742961632
median_static_025,median,static,25,amp_max,0.1296774580209919,0.11343544952934956,0.18841162611394735,0.16586344047251514,0.6423752207395201,-0.3382933272629902,9.087728858854884,5,0.25817276217350094,0.06965133831046626,43.359375,111,421.64164331906557,0.6317923956476484,1.017845540739316,4.924311405348721
median_static_025,median,static,25,phase_std,0.040535170843944104,0.10527761928213229,0.1312998563377558,0.05057673422197801,2.2311066699364606,3.7622181854993784,4.413350982224719,2,0.24070236167500128,0.22326254254268288,21.484375,55,363.1800718942568,0.30315221949919213,0.4576965420393872,4.083846946968169
median_static_025,median,static,25,i_mean,0.1769441988072859,0.16453830965909144,0.2627188745926676,0.2847341386571289,0.36154528007936837,-1.0526502237822435,17.669429009212877,5,0.41126710494894825,0.33391579093211926,43.75,112,887.1231522762332,0.3819456203976689,0.5835466932187185,4.1333388647521305
median_static_025,median,static,25,q_mean,0.22736283729618015,0.13789521968493865,0.2737048534415534,0.18069872366568682,0.45860567961816767,-0.4440442795617465,19.178072780150327,9,0.3845467616847648,0.17907005840252965,46.484375,119,623.0861804087259,0.43502046426973945,0.6230658912713062,4.5252264266583175
median_static_026,median,static,26,amp_mean,0.17088043528900443,0.07239004608703359,0.172707624683845,0.06336612206483705,-0.7460258114541736,-0.006142802017466309,7.635948447727583,12,0.20933485232986704,0.0602886456648025,60.9375,156,171.70965178240834,0.851913111407884,1.1648340022082606,5.462305750479896
median_static_026,median,static,26,amp_std,0.21226433684894574,0.13037384431251003,0.284936936342172,0.20965517428104943,0.37992509073426944,-0.8244209119114836,20.784398769168124,6,0.416498995530965,0.2001636914423476,46.09375,118,556.9680008616434,0.435007255383463,0.7285423824320352,4.480497583608402
median_static_026,median,static,26,amp_max,0.2374734761880746,0.0829056281588343,0.24997834484191395,0.14148027301672017,0.0003127224482170083,-1.1557034659786656,15.99722825981513,9,0.32586492205996054,0.06636204211407573,51.171875,131,225.2245030896998,0.5850576639303625,0.9421541968355803,4.830805613783493
median_static_026,median,static,26,phase_std,0.0880526433964064,0.323145071761743,0.4198874352704105,0.34848355298621114,1.264561146525238,-0.008539139948113394,45.13419732427857,3,0.7672340951095222,0.6001844069249341,30.078125,77,3421.709502968951,0.5566411074023584,0.9077895399245861,4.667406031836747
median_static_026,median,static,26,i_mean,0.10450675512631474,0.16753969915919292,0.22976379662523388,0.30802828144638517,0.7483310151080942,-0.8997708377853639,13.514598973348312,4,0.37993754573001726,0.22216632229346267,37.109375,95,919.782764777819,0.38800117536883444,0.7023933962674025,4.135778743662854
median_static_026,median,static,26,q_mean,0.2503049383542937,0.13261370956671734,0.2795353018575931,0.14750271388365388,0.10946831197969303,-0.23958752579955833,20.003836156061617,9,0.35614897872081697,0.16956510891457285,50.78125,130,576.2706503672396,0.4532561137816202,0.654705052096749,4.496663780198297
median_static_027,median,static,27,amp_mean,0.1667588595775803,0.06549537263220634,0.18746646657126087,0.06537593836159139,0.24356511376225595,0.3006335018620252,8.9967810787107,7,0.24811933655386004,0.06518537823179027,42.578125,109,140.5629654140975,0.40268907755474426,0.6027159897585024,4.419905153376715
median_static_027,median,static,27,amp_std,0.2761665809240669,0.10744092026901932,0.31009012816723197,0.1604456954748165,0.4806530176915732,-0.5969197452428894,24.61590722221321,8,0.39688995700825797,0.12635678376406406,45.3125,116,378.25906783083497,0.3530991462235471,0.4422190975523347,4.282568858015985
median_static_027,median,static,27,amp_max,0.239835350242638,0.07516638783120903,0.25700730075915157,0.10404812357207993,-0.14989668282338273,-0.5802490367345503,16.909504676737278,9,0.3260857877420519,0.07047585815058069,46.875,120,185.1385191980188,0.4422175379811116,0.7015675006083734,4.456524879918909
median_static_027,median,static,27,phase_std,0.1151904870244875,0.32378511351146805,0.42098983541614354,0.336539417351033,1.2362218705499706,-0.036166626143002034,45.37150503007018,3,0.7597877679933815,0.706294296147449,32.03125,82,3435.2921822201756,0.29714316583116396,0.3828699718820056,3.955089167577497
median_static_027,median,static,27,i_mean,0.07826427757706306,0.15962197715931406,0.21247025645436912,0.2447679379482294,0.9580537440584415,-0.49211131974569344,11.556764128713057,3,0.38983519363975055,0.32913351435889887,33.59375,86,834.9016071944527,0.315676947309858,0.4836510979274834,3.9248648108395123
median_static_027,median,static,27,q_mean,0.2327674948160693,0.14651279650224627,0.2709215464400632,0.24442940551484357,-0.044639227669760986,-1.065094376794362,18.790011987321684,10,0.3824109210224187,0.17176372637976303,51.5625,132,703.3966286393818,0.47146656776632323,0.7219558871234272,4.6087211610401795
median_static_028,median,static,28,amp_mean,0.1928461741045414,0.06445475825931374,0.20391420799792365,0.08851667957626755,0.15986268301291168,-0.6877662201798183,10.64473708119564,8,0.26379308307462257,0.08532604119028589,50.0,128,136.1301828041327,0.7228202078907384,1.0374050956429335,5.146614665364881
median_static_028,median,static,28,amp_std,0.3038032613001389,0.13160637317301324,0.3548619960504032,0.17169389296108112,0.7260643450383328,-0.26033038328909885,32.23732127766435,8,0.46528079273745027,0.11875668685276053,40.625,104,567.5308516032783,0.8837194700285914,1.1946507163094855,5.547629087160077
median_static_028,median,static,28,amp_max,0.23368719253911285,0.0714185801988594,0.24838507101773327,0.09344098064067485,-0.3234363614823075,-0.5467182865374451,15.793956737148006,8,0.3128121586207169,0.10369283963875275,46.09375,118,167.13388975520817,0.7622243338365549,1.0537445522745699,5.372382845367472
median_static_028,median,static,28,phase_std,0.033862822029621695,0.09819189993195372,0.11979302811536074,0.03099624390039003,2.359056418484616,4.276314237982286,3.673694613772188,3,0.19301751360522226,0.1223799378450142,22.65625,58,315.9374933455771,0.3280941592209782,0.5154689620142598,4.170693611500129
median_static_028,median,static,28,i_mean,0.1480977326022333,0.13455448288205693,0.21291338863918707,0.21381237908872963,0.5270368194958791,-0.8328529937734142,11.605020431826308,7,0.3089131952420902,0.12787550423372634,45.3125,116,593.2548331288403,0.7134449689609396,1.0677253911015685,5.0510896385079285
median_static_028,median,static,28,q_mean,0.23129637459707847,0.20258829379092128,0.33588277724942794,0.31618405633158425,0.5084374257362123,-0.5533505261468483,28.881213453513936,6,0.5118231692116462,0.260372844082973,44.53125,114,1344.859730055911,0.5843596687300695,0.9255663467717903,4.740981012943125
median_static_029,median,static,29,amp_mean,0.2088183153601864,0.08248905724163662,0.22355201053446846,0.11388846538943648,0.4857476648160504,-0.2145967076030284,12.793728361984794,9,0.28912915822139496,0.07386854271764026,51.5625,132,222.96794438721463,0.3871308132771265,0.56081006919537,4.444326794133233
median_static_029,median,static,29,amp_std,0.39057536733580306,0.1655686081901655,0.4538495715989032,0.27150379454617635,0.3617553354675458,-0.8464606615880639,52.73073501197005,7,0.6383823662019367,0.23260110671559348,46.875,120,898.2661293529159,0.48204210162102623,0.7898244852754134,4.519555497955926
median_static_029,median,static,29,amp_max,0.3355570527802315,0.12363011146096299,0.3566599319335295,0.15138213417771723,0.5123502607779015,0.01809812383107401,32.56481460398845,10,0.4298747323991387,0.11521049821439458,51.5625,132,500.8392882704926,0.32753030995483556,0.49652221455433615,4.158066911132776
median_static_029,median,static,29,phase_std,0.0518687796463224,0.026871027958043626,0.05437134749146142,0.04081409694579998,-0.0854531126182597,-0.45009622833469987,0.7567983175775355,10,0.0702248517125238,0.01917708965888369,59.765625,153,23.660103978031042,0.563108976195362,0.8990101794123033,4.742337283115574
median_static_029,median,static,29,i_mean,0.11360535388419625,0.12312272113908761,0.19204683144324391,0.1797106400241947,0.6865078510917054,-0.539952415553925,9.441788279651773,6,0.3099425215097533,0.14898106202003425,41.796875,107,496.73680941162763,0.29490144753123076,0.3914120220784004,4.0156447866530565
median_static_029,median,static,29,q_mean,0.1921586433071088,0.20558315336304908,0.3289085400511714,0.3012756590822879,0.8186144531310803,-0.4506724688449779,27.694291895959815,4,0.5368689365280805,0.386313999575399,39.453125,101,1384.9196152635777,0.4052741829513513,0.7196050414798632,4.2797084185118965
median_static_030,median,static,30,amp_mean,0.1231476884847126,0.10452823109160338,0.18934274101036622,0.16969987509080278,0.7985684938593001,-0.3850413142220295,9.177772434769565,6,0.2934611503942533,0.09825427769395984,39.0625,100,358.027779386661,0.39839912757549284,0.7140436392297349,4.193303786950734
median_static_030,median,static,30,amp_std,0.28215356526082624,0.20004414633553305,0.4044559638391862,0.3114501898692317,0.5402275874116427,-0.8564238659753212,41.87766443138179,4,0.6651345088259691,0.35761806839196275,40.625,104,1311.2944175432444,0.5119399445264626,0.8430533008561161,4.691687733313151
median_static_030,median,static,30,amp_max,0.30962645994970583,0.1514995844329773,0.34296027077115215,0.20988868681572673,0.27713638127172724,-0.6396452470699012,30.11116731582003,8,0.46792994784108377,0.13287535438670042,50.0,128,752.0948696017889,0.37613523154514644,0.6193092286464597,4.129563602663037
median_static_030,median,static,30,phase_std,0.06501854369895345,0.11040461757659979,0.1620328614650536,0.08443668757528397,1.403527559545773,0.44339439579444795,6.721189937805633,3,0.3505882878853726,0.20302435446545522,26.171875,67,399.40560175278154,0.8111471360848546,1.1283862378217164,5.3930321532656365
median_static_030,median,static,30,i_mean,0.117921483259496,0.15005492695412534,0.22808853582260402,0.2904542201708353,0.39932885594251744,-1.2052690209180101,13.318241324467024,7,0.35376398557782085,0.07182017446100065,45.3125,116,737.819346895524,0.4264041114164166,0.7245111613977464,4.341918116861763
median_static_030,median,static,30,q_mean,0.20573593789482594,0.20888956314243673,0.33175443904642554,0.2735402234076082,0.8223665031207789,-0.3919977685068168,28.17561800371417,7,0.4941317238171477,0.27109752037373125,42.1875,108,1429.8267512355974,0.28997412065331235,0.38801823020489096,4.053910777435663
median_static_031,median,static,31,amp_mean,0.12212988408674924,0.09750538686554999,0.17881313053659864,0.16290150839867817,0.7777698116464264,-0.34990619128611566,8.185378726988459,5,0.2550417039904191,0.07694426213222791,41.015625,105,311.5339681512383,0.5722488577704491,0.9325373253483348,4.695502030926556
median_static_031,median,static,31,amp_std,0.24651803066990918,0.2695134882461476,0.45611095781133765,0.42348457185184224,0.7240879547475928,-0.6562767087016703,53.25752469390741,5,0.7116431143946312,0.33819685153441914,41.015625,105,2380.1714744097003,0.5975278435329611,0.9756928346677661,4.809856536466341
median_static_031,median,static,31,amp_max,0.2105664748936941,0.15462517681505378,0.2906955240220188,0.18161010086233692,0.9233704401730584,0.12358696342274911,21.63299524772765,5,0.42115633288505555,0.20197165713628512,37.109375,95,783.4316000658631,0.8019810529664296,1.1357236797123356,5.3255134837076366
median_static_031,median,static,31,phase_std,0.09776333037739425,0.12344737303953923,0.19503032694987693,0.2076786961191216,0.6076394950019963,-1.0655665703613866,9.73742807812503,6,0.30779157258986756,0.18311995064115597,41.796875,107,499.35987205026197,0.30569423795719375,0.3057617723742117,4.100219376927134
median_static_031,median,static,31,i_mean,0.1948637302235467,0.14675254973142163,0.2467053608840743,0.2400657220898899,0.260786223201121,-0.989899502318611,15.581064982768984,10,0.33463328459955666,0.14614504384480903,48.046875,123,705.6962736858919,0.6311166765495093,0.9899656731469995,4.973893480208531
median_static_031,median,static,31,q_mean,0.19020381465755204,0.21791726510546067,0.3247028387102359,0.3565475337947751,0.6705019095436641,-0.5680454717101391,26.990574967420283,7,0.5069343197404882,0.2330631533863498,43.359375,111,1556.0843813088945,0.32159184896488235,0.5274529778709657,4.041459152174264
median_static_032,median,static,32,amp_mean,0.15832729369983267,0.09608391158930407,0.19753015569398136,0.13906642816705483,0.5771204590195943,-0.4982685443087833,9.98864957657306,8,0.2632342384926539,0.10263257312733508,44.921875,115,302.5180352509772,0.32509020901068675,0.41993132965233826,4.149820342161107
median_static_032,median,static,32,amp_std,0.5179846233897325,0.26870169586907844,0.5242547564495578,0.45880670510604304,-0.007339934583745835,-1.060707327858805,70.35982071295619,9,0.6836197674925765,0.21392046893786743,57.03125,146,2365.862182424011,0.5376031863482245,0.8994712228400177,4.481712347768823
median_static_032,median,static,32,amp_max,0.27038150814094636,0.18048632374677412,0.34880201591316773,0.32402615515749394,0.35083263742829973,-1.1832665766065413,31.14568865410297,6,0.4954053990414751,0.20736984217011487,46.875,120,1067.424046331482,0.5204516891565562,0.8818619797312583,4.646815987642055
median_static_032,median,static,32,phase_std,0.0757789950260386,0.10785294779505046,0.16459750952922078,0.1701154449021648,0.9141905567525939,-0.5929710101017638,6.935639076664812,4,0.2859333452946466,0.12819461257057765,34.375,88,381.1587864299295,0.8088510831471476,1.138898597712887,5.296625622782573
median_static_032,median,static,32,i_mean,0.16698485939341715,0.11141484695392294,0.19991193995626166,0.14196219216047537,0.6455036722678561,0.25487211136099,10.230984636691447,8,0.29214080525323805,0.1357686239931988,50.78125,130,406.7364559621253,0.9857962188669668,1.226647900202919,5.719201559647586
median_static_032,median,static,32,q_mean,0.1727703972470196,0.1568783008494955,0.24761211226763782,0.27082304968861937,0.3818792542026933,-1.0836004713689946,15.695810084260167,8,0.36285000319192195,0.21900113123476575,45.703125,117,806.4455081691908,0.42756893703367493,0.6751094395969938,4.554366194737848
median_static_033,median,static,33,amp_mean,0.1233145072177469,0.07521751884513991,0.15404458827441353,0.1135998042390707,0.824694013114046,0.5164165958166866,6.074812205218198,8,0.2275906074737408,0.05973255543415949,44.53125,114,185.38322876184878,0.9887759448209245,1.242954951489972,5.634142705055845
median_static_033,median,static,33,amp_std,0.5475680438317498,0.2132988648422375,0.518028136952631,0.33810291126464376,-0.5469638873197525,-1.0138549572476843,68.69840657270113,8,0.684344236582596,0.16088762275111113,58.984375,151,1490.825687744563,0.35205559272341796,0.5877336981011069,4.13327214382634
median_static_033,median,static,33,amp_max,0.2556419686677913,0.18677401236992827,0.35451739382771674,0.3276120634529721,0.46076022626883445,-0.9787082021182352,32.17474112675748,5,0.5450467882798152,0.1553736921691875,45.703125,117,1143.096049843699,0.34046952513436546,0.5630908613936697,4.02735099057845
median_static_033,median,static,33,phase_std,0.11845944635883165,0.11752975986410094,0.2002631712178877,0.22133133317548737,0.5002047297853891,-1.1396139453753735,10.26696646303872,3,0.35606160193293973,0.2952858379853029,41.40625,106,452.6319989899997,0.4284296901071898,0.6969105595990639,4.321879594197322
median_static_033,median,static,33,i_mean,0.20263090209756396,0.10840515647608541,0.22172143032424088,0.18732705374830338,0.0009525227034105084,-1.0607430240877644,12.585060522246964,8,0.3149960882986801,0.15959654133405382,53.125,136,385.0734709465271,0.7395120346390709,1.0636556626705236,5.240457266234659
median_static_033,median,static,33,q_mean,0.24801179716815963,0.13760631180918764,0.28722828100197284,0.242664218363357,-0.13817630896211242,-1.1528697142363231,21.120021864281156,10,0.3922582619275201,0.18489147638493222,49.609375,127,620.4576672620906,0.9024540598027662,1.165399547344412,5.5217867134379786
median_static_034,median,static,34,amp_mean,0.14531915136411871,0.06631019408063066,0.165091605204755,0.08077397409764316,0.4654237990424288,-0.20797536374640346,6.9773409559251665,8,0.2121978060824819,0.09610002520169703,44.53125,114,144.0800172903297,0.7378603337799878,1.0521596071834807,5.254668773583247
median_static_034,median,static,34,amp_std,0.37882519371230056,0.224818785361444,0.46558810828522623,0.41281804694128815,0.07342983881666211,-1.3530533829348963,55.49370536361358,7,0.63089336968369,0.22668629711969496,47.65625,122,1656.208949506594,0.2555828322395007,0.33504230535001134,3.839290010940993
median_static_034,median,static,34,amp_max,0.2171010526141565,0.1622627044122086,0.32278085404572576,0.188633339430259,0.9606838921954853,0.09201586856203248,26.671994813052954,5,0.49565739619413335,0.21078844247851974,37.5,96,862.7534806951517,0.41865078576844356,0.7591353991840732,4.348462964505081
median_static_034,median,static,34,phase_std,0.10503639647812955,0.11184776175652246,0.17651013187588374,0.16231295728065753,0.8385351644355582,-0.41929469716103585,7.975891623639518,4,0.28020335742596186,0.19740493332645825,37.890625,97,409.92431563933576,0.4526493178389374,0.7878282796353635,4.434584500265915
median_static_034,median,static,34,i_mean,0.220773900908987,0.12240293932157774,0.23566402061986091,0.2106240057051798,-0.2981529137862038,-1.1594417882454215,14.217607837367868,7,0.3362612307127213,0.18581805160009515,55.46875,142,490.9375773713174,0.7561193304970864,1.083880909275286,5.314262971820168
median_static_034,median,static,34,q_mean,0.294997260447843,0.18721217166812082,0.3518574854012383,0.2671802109058581,0.28051847293004756,-0.20792145151624908,31.693744648417955,10,0.4803341636994638,0.15430550289244024,49.21875,126,1148.4284011688019,0.9209827171090236,1.1973595660012943,5.511407680482899
median_static_035,median,static,35,amp_mean,0.1450602582661574,0.06437648249913312,0.17233642748101372,0.06948447800723959,0.6428608568440088,-0.32969534182411353,7.603160124651188,7,0.23064140448183162,0.11341569248939988,38.28125,98,135.80145430571602,0.34398985839470286,0.3094675755054242,4.248496813331062
median_static_035,median,static,35,amp_std,0.23245624001029286,0.1909043327170138,0.34393422880998353,0.2700423960322104,0.8498660330419981,-0.3458588066423802,30.282432959262234,6,0.5317501612012773,0.21591921332716657,41.40625,106,1194.1745326393107,0.8657389245326862,1.1910970340619969,5.4775228323561
median_static_035,median,static,35,amp_max,0.2233756756518805,0.10578607991399436,0.2703482977070157,0.11844426977344855,0.975546755828586,0.9608284103672418,18.71057973070878,7,0.3793108966272855,0.10329655487160926,39.453125,101,366.68564939450994,0.8614527930021083,1.1705842142654184,5.493589694141964
median_static_035,median,static,35,phase_std,0.05077862355421745,0.07850435689388946,0.11663719097005956,0.0702755648036391,1.4073123706891835,0.8149599140179129,3.482683985250853,4,0.20099371011386047,0.12066809271696285,33.59375,86,201.94684162968662,0.42764853734596053,0.6773888307451068,4.487643222250328
median_static_035,median,static,35,i_mean,0.2268700724587691,0.12065811117241221,0.2337742418609694,0.1863093689364243,-0.4917270447579188,-1.0361391635037993,13.99050141636378,9,0.32479574653974486,0.13570339602156908,59.765625,153,477.042722444474,0.7374004514790979,1.0671730750954378,5.230272567273882
median_static_035,median,static,35,q_mean,0.25242034306040095,0.22498169367498427,0.3796268724410608,0.32811988452600066,0.43390745545103165,-0.8602976712264896,36.893839943521655,7,0.5820351251984669,0.22593413067357696,41.796875,107,1658.5878013830215,0.7219192470846114,1.075457901496844,5.156888027286081
median_static_036,median,static,36,amp_mean,0.1467111001805422,0.05487627686197739,0.16689035547724204,0.0713439836053723,0.29533543690486685,-0.6048696319573379,7.130212032337974,7,0.23423858979837417,0.08874019654819316,40.625,104,98.67717806953326,0.6070845645207729,0.8725265784958355,5.027079534012561
median_static_036,median,static,36,amp_std,0.2648293262313727,0.2098446325238855,0.38365939109844127,0.3089527205654312,0.8338837837122405,-0.27984859996751243,37.68179926477484,4,0.6248422146200332,0.5319234894358544,41.015625,105,1442.930823738844,0.3548861468422691,0.5801450741371624,4.044079903355453
median_static_036,median,static,36,amp_max,0.23468716926595845,0.11458557755193627,0.25012606648871055,0.15185816608732727,-0.3590385251682956,-0.6767610277566138,16.016140579101403,7,0.34729682303355924,0.16814424158960373,52.734375,135,430.23805927860093,0.4810012784167036,0.7723731486350291,4.693030543381814
median_static_036,median,static,36,phase_std,0.0526294051460462,0.07763069744254522,0.11016340974947318,0.07093855853203748,1.5014306401707702,1.4164105454270475,3.1068100729933623,4,0.1848433544340087,0.12300574322090038,31.640625,81,197.47717571752963,0.30289968801410344,0.37070205401571743,4.057155801020018
median_static_036,median,static,36,i_mean,0.24239695177389975,0.10962152086047997,0.2559694778508066,0.11527968959892868,-0.3268614339375809,-0.04875465484910313,16.773215639350926,12,0.31395347419452285,0.07726068587561045,56.25,144,393.7667766900441,0.589835665844268,0.9390824002031822,4.918495059799178
median_static_036,median,static,36,q_mean,0.22852041939474327,0.2147687479836314,0.3503735029413599,0.3221474618936414,0.5910218735424616,-0.5256951879992018,31.42696744023017,7,0.5671705962295815,0.18751252984004568,43.75,112,1511.4430674138246,0.3757233565301682,0.6155549726435856,4.27022090205165
median_static_037,median,static,37,amp_mean,0.1422480624393132,0.0640058611622798,0.1586337834039982,0.08836881908255959,-0.11772863478019858,-0.45488433327732025,6.442157372689053,9,0.20208613241447157,0.06118467864293667,48.046875,123,134.24203889143024,0.4900171324232976,0.7820471374844996,4.592230730986389
median_static_037,median,static,37,amp_std,0.1674647140234335,0.20112305531149405,0.31341285895555365,0.20420587800236661,1.4799504063073365,1.4955503736847753,25.146270760625605,2,0.6919930870290296,0.5838457233874055,32.421875,83,1325.4777440056926,0.4717014256853152,0.8643424679812132,4.366292832046769
median_static_037,median,static,37,amp_max,0.1984734089372835,0.1105866280624069,0.224530561235782,0.15181174504796655,-0.09299704026922224,-0.7424326224206199,12.905977069786942,9,0.30143375676748874,0.11364288182055467,51.953125,133,400.7324199831912,0.44786953440710797,0.7381061589126433,4.460793927201588
median_static_037,median,static,37,phase_std,0.04114731447613445,0.15159855458419924,0.17995978813387675,0.049457220440255766,2.2804512067736313,3.9407073761110123,8.29069448836859,3,0.3021205008922845,0.22527106084118798,23.046875,59,753.0777742081574,0.34483534304636104,0.5955926132658742,4.18489872914119
median_static_037,median,static,37,i_mean,0.1827962082827578,0.11571430896892577,0.20990837244638166,0.16864291762042172,0.4899133568882714,-0.2249073810600981,11.279750354710755,10,0.28134242698536127,0.07676106252815659,52.34375,134,438.75513071566144,0.5934137820081445,0.9425255280941608,4.7488810906797925
median_static_037,median,static,37,q_mean,0.1895686160238036,0.2100002976001767,0.30224671040503487,0.3845138456210593,0.6373741010042452,-0.4644460344135126,23.38638693137024,7,0.49384684155381625,0.25436789336384674,44.921875,115,1445.0728610949498,0.3154489898405555,0.3954195359989134,4.132443520142127
median_static_038,median,static,38,amp_mean,0.10181253376541449,0.06658872700227275,0.1375733043556504,0.10065241062319538,0.4419949245052329,-0.7759645400143742,4.8451620022611,6,0.18725785381141455,0.07267431535907877,39.453125,101,145.29390246280676,0.6554456693984867,1.0261000896181671,4.941811791377416
median_static_038,median,static,38,amp_std,0.19273914792865635,0.13617634594049297,0.2657629892770884,0.20286685369452195,0.5315006547546254,-0.6719076779381483,18.081271416190415,6,0.3808935162798448,0.10443808130189532,44.140625,113,607.6467991936788,0.5744604649501096,0.9843174061222597,4.58695344630573
median_static_038,median,static,38,amp_max,0.249622950410938,0.09396506951152071,0.2568128255996768,0.12687475292814027,-0.194641253258382,-0.3387542188607968,16.88392381247744,11,0.31678437037555146,0.07688826776741683,55.46875,142,289.3175298180313,0.8007263179980859,1.1249041410548815,5.32058676279469
median_static_038,median,static,38,phase_std,0.04829015200427915,0.1721768288874788,0.22037971315222687,0.12210314000897057,1.4089206082592758,0.5084028631393784,12.433207800078797,2,0.5133078246364327,0.49708457232411607,25.390625,65,971.4027845130963,0.26472055790203564,0.2938915874583073,3.8929884036651092
median_static_038,median,static,38,i_mean,0.08316474089871305,0.07072991262333143,0.12218751627156804,0.1031666130646357,0.47324571252760655,-0.8144595703699959,3.8220260179493644,6,0.1953250472583241,0.10529410794474303,40.625,104,163.92808661767586,0.63214474450356,0.9305448330003944,5.022144659653809
median_static_038,median,static,38,q_mean,0.07224301167099981,0.17547361728435637,0.23119257338353222,0.2695446584282624,1.0311803294332866,0.2718283571000746,13.68320153285118,6,0.35755561050455215,0.08646397449976613,43.359375,111,1008.9330881069496,0.9446853094670045,1.2430972618364646,5.4987908213282015
median_static_039,median,static,39,amp_mean,0.1364591850789259,0.07036166477971223,0.16616141030612483,0.11280538497884739,0.46427135144743625,-0.5502585079204723,7.068061254379614,6,0.2419873805865519,0.07942371608659825,45.703125,117,162.22465135845397,0.7437903989248035,1.0916810710897045,5.149727023121427
median_static_039,median,static,39,amp_std,0.30786624258940143,0.14273312741476588,0.34423206804422163,0.2426421780323244,0.17749867505463626,-1.01755041635791,30.334903467520416,7,0.456339422220872,0.17584015840291922,47.65625,122,667.5600972436916,0.8447256280408845,1.1423330408902637,5.373629376196888
median_static_039,median,static,39,amp_max,0.2655456852896828,0.12007060958393061,0.2910423325109547,0.16259477174898246,0.11462314349071384,-0.3351395071556005,21.684643664234777,7,0.38302692266067323,0.11862038867786365,50.390625,129,472.40699380290675,0.776989015112185,1.1294233989904585,5.220210376394786
median_static_039,median,static,39,phase_std,0.0599541892847798,0.11542654175401673,0.1590781504833312,0.09547536293675847,1.5684493989512165,1.4808415744643941,6.478299638066527,3,0.273553557565562,0.22994166734860788,30.859375,79,436.57740889457693,0.30311372344799536,0.4698403981232552,4.0212635895681075
median_static_039,median,static,39,i_mean,0.11129188674523545,0.09436714163822241,0.15558357794469505,0.14273206599778895,0.48749070721861093,-0.7194806860331173,6.196799929874688,7,0.23459334018048242,0.13756657483405466,44.53125,114,291.80277580953475,0.5471124301847891,0.8813210549732639,4.789752815089695
median_static_039,median,static,39,q_mean,0.1341214518981499,0.18199941145734358,0.2598530398952499,0.22154248619912842,1.3037197498934203,1.257894862753676,17.286042199757393,6,0.35116356808232146,0.15034223848072892,46.875,120,1085.3939358222824,0.5608768952989678,0.9529563224896325,4.678501309464095
median_static_040,median,static,40,amp_mean,0.12569387509662935,0.08269509965822296,0.1595611879588753,0.11681069568306479,0.24279397988988877,-0.7005676831032397,6.517701811928969,7,0.22971923280352696,0.06994367419397415,44.140625,113,224.08018337358862,0.728758582987098,1.1034997049867394,5.113305246560456
median_static_040,median,static,40,amp_std,0.3020385151554801,0.17819062840388758,0.36076321633882674,0.26746805780280386,0.5801174095769497,-0.566885150646419,33.31842515536258,7,0.4931960667023855,0.19844981829633124,49.609375,127,1040.441549293146,0.5812305322359269,0.9046175312778492,4.752696305294213
median_static_040,median,static,40,amp_max,0.1790981887156666,0.13856437929652402,0.25720423709887724,0.15969261108118876,0.8724645561410523,-0.20222952811787165,16.935429012893557,4,0.40163538118916775,0.17708766024115852,34.765625,89,629.1479721933696,0.3829284698846533,0.6755312546176301,4.162269056401313
median_static_040,median,static,40,phase_std,0.08945575405651654,0.11652791115865417,0.18099526361048918,0.17469883008695486,0.8638935293010624,-0.2842297385217467,8.3863770750542,5,0.268472688583559,0.1337265393604769,44.53125,114,444.9482407067079,0.3681498168741765,0.683159615196054,4.088892752595828
median_static_040,median,static,40,i_mean,0.06334642779029225,0.10192795854454961,0.14068003543411253,0.16243526638704836,0.7827143350897723,-0.5695682056055391,5.066463326654248,7,0.22403014635651028,0.11079885751681871,43.359375,111,340.43686704144443,0.34121600203922,0.4732629374654677,4.286518970641902
median_static_040,median,static,40,q_mean,0.08679490323501951,0.18998644092181877,0.24892453954852986,0.2613333284686379,1.4026420028860584,1.3228977551509926,15.862637155698586,6,0.3555567194446343,0.14351870458092603,40.234375,103,1182.7470844722404,0.606810944637178,1.0279042502439202,4.748555017361455
median_static_041,median,static,41,amp_mean,0.1179336690613519,0.07217472323634046,0.14049587387144918,0.1275804819871545,-0.055900378102899564,-1.178791609063229,5.0532071871749515,8,0.199502385782868,0.06876567725134139,48.4375,124,170.6947569167041,0.3352999848842678,0.45003760310070545,4.2117364864144236
median_static_041,median,static,41,amp_std,0.2886393005478806,0.15721599348081725,0.33779836791618756,0.21609421036883783,0.8266022443541069,0.6232003300356856,29.211580765911044,8,0.45053688369729306,0.07674208796380774,48.828125,125,809.9015545789307,0.9049063619640606,1.2062235485539543,5.3811767042335
median_static_041,median,static,41,amp_max,0.22982468958806185,0.10543635121755084,0.25798672784231136,0.132172729820298,0.45337618057323387,-0.04701637300814676,17.038630846152408,8,0.3300314060962235,0.061424432299697185,47.265625,121,364.27060431495454,0.7441155976961,1.1049160910559137,5.138596469924673
median_static_041,median,static,41,phase_std,0.08469666738513645,0.11567630666041033,0.17104842075188195,0.14610018676375727,1.0949944885110214,0.25997550594838126,7.489935933878488,6,0.2297142483682273,0.09303034306614771,44.140625,113,438.4687497231272,0.3403817062029322,0.5945313115238263,4.011619163157289
median_static_041,median,static,41,i_mean,0.0998921269298616,0.1006009046371216,0.14927273789795642,0.14992652077978338,0.9098151735496507,0.49122483633613134,5.70428167156531,8,0.21091183464033103,0.10623551488025694,45.703125,117,331.6297285893318,0.4010762970097747,0.6391292142255178,4.426134207691528
median_static_041,median,static,41,q_mean,0.0024047471529103,0.21182480511432428,0.24825042074203893,0.20358290538935842,1.806784520197775,2.162366319653409,15.776837478041434,4,0.5062256009426754,0.2215725474478975,30.859375,79,1470.290647923411,0.3965400441383401,0.7544851358210987,4.142727308738861
median_static_042,median,static,42,amp_mean,0.1698043419860562,0.06027951769966489,0.16847814478979384,0.08592285121692368,-0.12972218453418619,0.1993011426540643,7.266530629583549,11,0.21873016016847108,0.06586462877577871,57.421875,147,119.05920288746238,1.0186428942472876,1.2036594336815214,5.868200209695354
median_static_042,median,static,42,amp_std,0.2400613242314385,0.12785727982130718,0.28612085438768886,0.21471790453202308,0.36740867015326306,-0.5114511693052703,20.95747668877851,8,0.3882079069096055,0.07247319768226293,47.65625,122,535.6715115095778,0.5784856247909436,0.9381410688937261,4.809393434587267
median_static_042,median,static,42,amp_max,0.22982468958806185,0.10689555323767029,0.24739190460080934,0.14579113931436893,-0.2860372504266549,-0.7341169430560699,15.667905142276084,8,0.33474737131376986,0.06801846323092985,52.34375,134,374.4280982316647,0.4685112900432649,0.8085279605252635,4.443495581082169
median_static_042,median,static,42,phase_std,0.02748728471583525,0.04051873643174531,0.06000921089476296,0.03448681298016287,1.305984547954961,0.5002698203550597,0.9218829804063071,4,0.09653810698010384,0.029526492795866822,33.203125,85,53.79688909980967,0.6997089907780294,1.0914253857435188,4.991784866817254
median_static_042,median,static,42,i_mean,0.1005012117804832,0.10980226949742797,0.16152723969346652,0.183268137706787,0.7385894928076719,-0.25158207239487895,6.679308585725591,7,0.2634404077204961,0.11979331731853457,43.75,112,395.0626585608459,0.7359272848836109,1.0657493367948028,5.192673104152884
median_static_042,median,static,42,q_mean,0.088295944977848,0.21223357338331728,0.27594393401619083,0.2636454938807778,1.350058018028456,0.853674410084555,19.493134008404958,5,0.48982223877937053,0.24816659661030022,37.890625,97,1475.9288988510252,0.8841810761025827,1.2007297435518385,5.433806552970234
