time_s,label,amp_mean,amp_std,amp_max,phase_std,i_mean,q_mean
0.0,0,0,0,0,0,0,0
0.1,0,0,0,0,0,0,0
0.2,0,0,0,0,0,0,0
0.3,0,0,0,0,0,0,0
0.4,0,0,0,0,0,0,0
0.5,0,0,0,0,0,0,0
0.6000000000000001,0,0,0,0,0,0,0
0.7000000000000001,0,0,0,0,1,0,0
0.8,0,0,0,0,1,1,0
0.9,0,0,0,0,1,1,0
1.0,0,0,0,0,1,1,0
1.1,0,0,0,0,1,1,0
1.2000000000000002,0,0,0,0,1,1,0
1.3,0,0,0,0,1,1,0
1.4,0,0,0,0,1,1,0
1.5,0,0,0,0,1,1,0
1.6,0,0,0,0,1,1,0
1.7000000000000002,0,0,0,0,1,1,0
1.8,0,0,0,0,1,1,0
1.9,0,0,0,0,1,1,0
2.0,0,0,0,0,1,1,0
2.1,0,0,0,0,1,1,0
2.2,0,0,0,0,1,1,0
2.3000000000000003,0,0,0,0,1,1,0
2.4000000000000004,0,0,0,0,1,1,0
2.5,0,0,0,0,1,1,0
2.6,0,0,0,0,1,1,0
2.7,0,0,0,0,1,1,0
2.8000000000000003,0,1,0,0,1,1,0
2.9000000000000004,0,1,0,0,1,1,0
3.0,0,1,0,0,1,1,0
3.1,0,1,0,0,0,1,0
3.2,0,1,0,0,0,1,0
3.3000000000000003,0,1,0,0,0,1,0
3.4000000000000004,0,1,0,0,0,1,0
3.5,0,0,0,0,0,1,0
3.6,0,0,0,0,0,1,0
3.7,0,0,0,0,0,0,0
3.8,0,0,0,0,0,0,0
3.9,0,0,0,0,0,0,0
4.0,0,0,0,0,0,0,0
4.1000000000000005,0,0,0,0,0,0,0
4.2,0,0,0,0,0,0,0
4.3,0,0,0,0,0,0,0
4.4,0,0,0,0,0,0,0
4.5,0,0,0,0,0,0,0
4.6000000000000005,0,0,0,0,0,0,0
4.7,0,0,0,0,0,0,0
4.800000000000001,0,0,0,0,0,0,0
4.9,0,0,0,0,0,0,0
5.0,0,0,0,0,0,0,0
5.1000000000000005,0,0,0,0,0,0,0
5.2,0,0,0,0,0,0,0
5.300000000000001,0,0,0,0,0,0,0
5.4,0,0,0,0,0,0,0
5.5,0,0,0,0,0,0,0
5.6000000000000005,0,0,0,0,0,0,0
5.7,0,0,0,0,0,0,0
5.800000000000001,0,0,0,0,0,0,0
5.9,0,0,0,0,0,0,0
6.0,0,0,0,0,0,0,0
6.1000000000000005,0,0,0,0,0,0,0
6.2,0,0,0,0,0,0,0
6.300000000000001,0,0,0,0,0,0,0
6.4,0,0,0,0,0,0,0
6.5,0,0,0,0,0,0,0
6.6000000000000005,0,0,0,0,0,0,0
6.7,0,0,0,0,0,0,0
6.800000000000001,0,0,0,0,0,0,0
6.9,0,0,0,0,0,0,0
7.0,0,0,0,0,0,0,0
7.1000000000000005,0,0,0,0,0,0,0
7.2,0,0,0,0,0,0,0
7.300000000000001,0,0,0,0,0,0,0
7.4,0,0,0,0,0,0,0
7.5,0,0,0,0,0,0,0
7.6,0,0,0,0,0,0,0
7.7,0,0,0,0,0,0,0
7.800000000000001,0,0,0,0,0,0,0
7.9,0,0,0,0,0,0,0
8.0,0,0,0,0,0,0,0
8.1,0,0,0,0,0,0,0
8.200000000000001,0,0,0,0,0,0,0
8.3,0,0,0,0,0,0,0
8.4,0,0,0,0,0,0,0
8.5,0,0,0,0,0,0,0
8.6,0,0,0,0,0,0,0
8.700000000000001,0,0,0,0,0,0,0
8.8,0,0,0,0,0,0,0
8.9,0,0,0,0,0,1,0
9.0,0,0,0,0,0,1,0
9.1,0,0,0,0,0,1,0
9.2,0,1,0,0,0,1,0
9.3,0,1,0,0,0,1,0
9.4,0,1,0,1,0,1,0
9.5,0,1,0,1,0,1,0
9.6,0,1,0,1,0,1,0
9.7,0,1,0,1,0,0,0
9.8,0,1,0,1,0,0,0
9.9,0,1,0,1,0,0,0
10.0,0,1,0,1,0,0,0
10.1,0,1,0,1,0,0,0
10.2,0,1,0,1,0,0,0
10.3,0,1,0,1,0,0,0
10.4,0,1,0,1,0,0,0
10.5,0,1,0,1,0,0,0
10.6,0,1,0,0,0,0,0
10.7,0,1,0,0,0,0,0
10.8,0,1,0,0,0,0,0
10.9,0,1,0,0,0,0,0
11.0,0,1,0,0,0,0,0
11.1,0,0,0,0,0,0,0
11.2,0,0,0,0,0,0,0
11.3,0,0,0,0,0,0,0
11.4,0,0,0,0,0,0,0
11.5,0,0,0,0,0,0,0
11.6,0,0,0,0,0,0,0
11.7,0,0,0,0,0,0,0
11.8,0,0,0,0,0,0,0
11.9,0,0,0,0,0,0,0
12.0,0,0,0,0,0,0,0
12.1,0,0,0,0,0,0,0
12.2,0,0,0,0,0,0,0
12.3,0,0,0,0,0,0,0
12.4,0,0,0,0,0,0,0
12.5,0,0,0,0,0,0,0
12.6,0,0,0,0,0,0,0
12.7,0,0,0,0,0,0,0
12.8,0,0,0,0,0,0,0
12.9,0,0,0,0,0,0,0
13.0,0,0,0,0,0,0,0
13.1,0,0,0,0,0,0,0
13.2,0,0,0,0,0,0,0
13.3,0,0,0,0,0,0,0
13.4,0,0,0,0,0,0,0
13.5,0,0,0,0,0,0,0
13.6,0,0,0,0,0,0,0
13.7,0,0,0,0,0,0,0
13.8,0,0,0,0,0,0,0
13.9,0,0,0,0,0,0,0
14.0,0,0,0,0,0,0,0
14.1,0,0,0,0,0,0,0
14.2,0,0,0,0,0,0,0
14.3,0,0,0,0,0,0,0
14.4,0,0,0,0,0,0,0
14.5,0,0,0,0,0,0,0
14.6,0,0,0,1,0,0,0
14.7,0,0,0,1,0,0,0
14.8,0,0,0,1,0,0,0
14.9,0,0,0,1,0,0,0
15.0,0,0,0,1,0,0,0
15.1,0,0,0,1,0,0,0
15.2,0,0,0,1,0,0,0
15.3,0,0,0,1,0,0,0
15.4,0,0,1,1,0,0,0
15.5,0,0,1,1,0,0,0
15.6,0,0,1,1,0,0,0
15.7,0,0,1,1,0,0,0
15.8,0,0,1,1,0,0,0
15.9,0,0,1,1,0,0,0
16.0,0,0,0,1,0,0,0
16.1,0,0,0,1,0,0,0
16.2,0,0,0,1,0,0,0
16.3,0,0,0,1,0,0,0
16.400000000000002,0,0,0,1,0,0,0
16.5,0,0,0,1,0,0,0
16.6,0,0,0,1,0,0,0
16.7,0,0,0,1,0,0,0
16.8,0,0,0,1,0,0,0
16.900000000000002,0,0,0,1,0,0,0
17.0,0,0,0,1,0,0,0
17.1,0,0,0,1,0,0,0
17.2,0,0,1,1,0,0,0
17.3,0,0,1,1,0,0,0
17.400000000000002,0,0,1,1,0,0,0
17.5,0,0,1,1,0,0,0
17.6,0,0,1,1,0,0,0
17.7,0,0,1,1,0,0,0
17.8,0,0,1,0,0,0,0
17.900000000000002,0,0,0,0,0,0,0
18.0,0,0,0,0,0,0,0
18.1,0,0,0,0,0,0,0
18.2,0,0,0,0,0,0,0
18.3,0,0,0,0,0,0,1
18.4,0,0,0,0,0,0,1
18.5,0,0,0,0,0,0,1
18.6,0,0,0,0,0,0,1
18.7,0,0,0,0,0,0,1
18.8,0,0,0,0,0,0,1
18.9,0,0,0,0,0,0,1
19.0,0,0,0,0,0,0,1
19.1,0,0,1,0,0,0,1
19.200000000000003,0,0,1,0,0,0,1
19.3,0,0,1,0,0,0,1
19.4,0,0,1,0,0,0,1
19.5,0,0,1,0,0,0,1
19.6,0,0,1,0,0,0,1
19.700000000000003,0,0,1,0,0,0,1
19.8,0,0,0,0,0,0,1
19.9,0,0,0,0,0,0,0
20.0,0,0,0,0,0,0,0
20.1,0,0,0,0,0,0,0
20.200000000000003,0,0,0,0,0,0,0
20.3,0,0,0,0,0,0,0
20.4,0,0,0,0,0,0,0
20.5,0,0,0,0,0,0,0
20.6,0,0,0,0,0,0,0
20.700000000000003,0,0,0,0,0,1,0
20.8,0,0,0,0,0,1,0
20.9,0,0,0,0,0,1,0
21.0,0,0,0,0,0,1,0
21.1,0,0,0,0,0,1,0
21.200000000000003,0,0,0,0,0,1,0
21.3,0,0,0,0,0,1,0
21.4,0,0,0,0,0,1,0
21.5,0,0,0,0,0,1,0
21.6,0,0,0,0,0,1,0
21.700000000000003,0,0,0,0,0,1,0
21.8,0,0,0,0,0,1,0
21.9,0,0,0,0,0,0,1
22.0,0,0,0,0,0,0,1
22.1,0,0,0,0,0,0,1
22.200000000000003,0,0,0,0,0,0,1
22.3,0,0,0,0,0,0,1
22.4,0,0,0,0,0,0,1
22.5,0,0,0,0,0,0,1
22.6,0,0,0,0,0,0,1
22.700000000000003,0,0,0,0,0,0,1
22.8,0,0,0,0,0,0,1
22.9,0,0,0,0,0,0,1
23.0,0,0,0,0,0,0,1
23.1,0,0,0,0,0,0,1
23.200000000000003,0,0,0,0,0,0,1
23.3,0,0,0,0,0,0,1
23.4,0,0,0,0,0,0,1
23.5,0,0,0,0,0,0,1
23.6,0,0,0,0,0,0,1
23.700000000000003,0,0,0,0,0,0,0
23.8,0,0,0,0,0,0,0
23.9,0,0,0,0,0,0,0
24.0,0,0,0,0,0,0,0
24.1,0,0,0,0,0,0,0
24.200000000000003,0,0,0,0,0,0,0
24.3,0,0,0,0,0,0,0
24.4,0,0,0,0,0,0,0
24.5,0,0,0,0,0,0,0
24.6,0,0,0,0,0,0,0
24.700000000000003,0,0,0,0,0,0,0
24.8,0,0,0,0,0,0,0
24.9,0,0,0,0,0,0,0
25.0,0,0,0,0,0,0,0
25.1,0,0,0,0,0,0,0
25.200000000000003,0,0,0,0,0,0,0
25.3,0,0,0,0,0,0,0
25.4,0,0,0,0,0,0,0
25.5,0,0,0,0,0,0,0
25.6,0,0,0,0,0,0,0
25.700000000000003,0,0,0,0,0,0,0
25.8,0,0,0,0,0,0,0
25.9,0,0,0,0,0,0,0
26.0,0,0,0,0,0,0,0
26.1,0,0,0,0,0,0,0
26.200000000000003,0,0,0,0,0,0,0
26.3,0,0,0,0,0,0,0
26.4,0,0,0,0,0,0,0
26.5,0,0,0,0,0,0,0
26.6,0,0,0,0,0,0,0
26.700000000000003,0,0,0,0,0,0,0
26.8,0,0,0,0,0,0,0
26.9,0,0,0,0,0,0,0
27.0,0,0,0,0,0,0,0
27.1,0,0,0,0,0,0,0
27.200000000000003,0,0,0,0,0,0,0
27.3,0,0,0,0,0,0,0
27.4,0,0,0,0,0,0,0
27.5,0,0,0,0,0,0,0
27.6,0,0,0,0,0,0,0
27.700000000000003,0,0,0,0,0,0,0
27.8,0,0,0,0,0,0,0
27.9,0,0,0,0,0,0,0
28.0,0,0,0,0,0,0,0
28.1,0,0,0,0,0,0,0
28.200000000000003,0,0,0,0,0,0,0
28.3,0,0,0,0,0,0,0
28.4,0,0,0,0,0,0,0
28.5,0,0,0,0,0,0,0
28.6,0,0,0,0,0,0,0
28.700000000000003,0,0,0,0,0,0,0
28.8,0,0,0,0,0,0,1
28.9,0,0,0,0,0,0,1
29.0,0,0,0,0,0,0,1
29.1,0,0,0,0,0,0,1
29.200000000000003,0,0,0,0,0,0,1
29.3,0,0,0,0,0,0,1
29.4,0,0,0,0,0,0,1
29.5,0,0,0,0,0,0,0
29.6,0,0,0,0,0,0,0
29.700000000000003,0,0,0,0,0,0,0
29.8,0,0,0,0,0,0,0
29.9,0,0,0,0,0,0,0
30.0,0,0,0,0,0,0,0
30.1,0,0,0,0,0,0,0
30.200000000000003,0,0,0,0,0,0,0
30.3,0,0,0,0,0,0,0
30.4,0,0,0,0,0,0,0
30.5,0,0,0,0,0,0,0
30.6,0,0,0,0,0,0,0
30.700000000000003,0,0,0,0,0,0,0
30.8,0,0,1,0,0,0,0
30.9,0,0,1,0,0,0,0
31.0,0,0,1,0,0,0,0
31.1,0,0,1,0,0,0,0
31.200000000000003,0,0,1,0,0,0,0
31.3,0,0,1,0,0,0,0
31.4,0,0,1,0,0,0,0
31.5,0,0,1,0,0,0,0
31.6,0,0,1,0,0,0,0
31.700000000000003,0,0,1,0,0,0,0
31.8,0,0,1,0,0,0,0
31.9,0,0,1,0,0,0,0
32.0,0,0,1,0,0,0,0
32.1,0,0,1,0,0,1,0
32.2,0,0,1,0,0,1,0
32.300000000000004,0,0,1,0,0,1,0
32.4,0,0,1,0,0,1,0
32.5,0,0,1,0,0,1,0
32.6,0,0,1,1,0,1,0
32.7,0,0,1,1,0,1,0
32.800000000000004,0,0,1,1,0,1,0
32.9,0,0,1,1,0,1,0
33.0,0,0,1,1,0,1,0
33.1,0,0,1,1,0,1,1
33.2,0,0,1,1,0,1,1
33.300000000000004,0,0,1,1,0,1,1
33.4,0,0,1,0,0,0,1
33.5,0,0,1,0,0,0,0
33.6,0,0,1,0,0,0,0
33.7,0,0,0,0,0,0,0
33.800000000000004,0,0,0,0,0,0,0
33.9,0,0,0,0,0,0,0
34.0,0,0,0,0,0,0,0
34.1,0,0,0,0,0,0,0
34.2,0,0,0,0,0,0,0
34.300000000000004,0,0,0,0,0,0,0
34.4,0,0,0,0,0,0,0
34.5,0,0,0,0,0,0,0
34.6,0,0,0,0,0,0,0
34.7,0,0,0,0,0,0,0
34.800000000000004,0,0,0,0,0,0,0
34.9,0,0,0,0,0,0,0
35.0,0,0,0,0,0,0,0
35.1,0,0,0,0,0,0,0
35.2,0,0,0,0,0,0,0
35.300000000000004,0,0,0,0,0,0,0
35.4,0,0,0,0,0,0,0
35.5,0,0,0,0,0,0,0
35.6,0,0,0,0,0,0,0
35.7,0,0,0,0,0,0,0
35.800000000000004,0,0,0,0,0,0,0
35.9,0,0,0,0,0,0,0
36.0,0,0,0,0,0,0,0
36.1,0,0,0,0,0,0,1
36.2,0,0,0,0,0,0,1
36.3,0,0,0,0,0,0,1
36.4,0,0,0,0,0,0,1
36.5,0,0,0,0,0,0,1
36.6,0,0,0,0,0,0,1
36.7,0,0,0,0,0,0,1
36.8,0,0,0,0,0,0,1
36.9,0,0,0,0,0,0,1
37.0,0,0,0,0,0,0,1
37.1,0,0,0,0,0,0,1
37.2,0,0,0,0,0,0,1
37.3,0,0,0,0,0,0,1
37.4,0,0,0,0,0,0,1
37.5,0,0,0,0,0,0,1
37.6,0,0,0,0,0,0,1
37.7,0,0,0,0,0,0,1
37.8,0,0,0,0,0,1,1
37.9,0,0,0,0,0,1,1
38.0,0,0,0,0,0,1,1
38.1,0,0,0,0,0,1,1
38.2,0,0,0,0,0,1,1
38.3,0,0,0,0,0,1,0
38.400000000000006,0,0,0,0,0,1,0
38.5,0,0,0,0,0,1,0
38.6,0,1,0,1,0,1,0
38.7,0,1,0,1,0,1,0
38.8,0,1,0,1,0,1,0
38.900000000000006,0,1,0,1,0,1,0
39.0,0,1,0,1,0,1,0
39.1,0,1,0,1,0,1,0
39.2,0,1,0,1,0,1,0
39.3,0,1,0,1,0,1,0
39.400000000000006,0,1,0,1,0,1,0
39.5,0,1,0,1,0,1,0
39.6,0,0,0,0,0,1,0
39.7,0,0,0,0,0,1,0
39.8,0,0,0,0,0,1,0
39.900000000000006,0,0,0,0,0,1,0
40.0,0,0,0,0,0,1,0
40.1,0,0,0,0,0,1,0
40.2,0,0,0,0,0,1,0
40.3,0,0,0,0,0,1,0
40.400000000000006,0,0,0,0,0,1,0
40.5,0,0,0,0,0,1,0
40.6,0,0,0,0,0,1,0
40.7,0,0,0,0,0,1,0
40.8,0,0,0,0,0,1,0
40.900000000000006,0,0,0,0,0,1,0
41.0,0,0,0,0,0,1,0
41.1,0,0,0,1,0,1,0
41.2,0,0,0,1,0,1,0
41.3,0,0,0,1,0,1,0
41.400000000000006,0,0,0,1,0,1,0
41.5,0,0,0,1,0,1,0
41.6,0,0,0,1,0,0,1
41.7,0,0,0,1,0,0,1
41.8,0,0,0,1,0,0,1
41.900000000000006,0,0,0,1,0,0,1
42.0,0,0,0,1,0,0,1
42.1,0,0,0,1,0,0,1
42.2,0,0,0,1,0,0,1
42.3,0,0,0,1,0,0,1
42.400000000000006,0,0,0,1,0,0,1
42.5,0,0,0,1,0,0,1
42.6,0,0,0,1,0,0,1
42.7,0,0,0,1,0,0,1
42.8,0,0,0,1,0,0,1
42.900000000000006,0,0,0,1,0,0,1
43.0,0,0,0,1,0,0,1
43.1,0,0,0,1,0,0,1
43.2,0,0,0,0,0,0,1
43.3,0,0,0,0,0,0,1
43.400000000000006,0,0,0,0,0,0,1
43.5,0,0,0,0,0,0,1
43.6,0,0,0,0,0,0,1
43.7,0,0,0,0,0,0,0
43.8,0,0,0,0,0,0,0
43.900000000000006,0,0,0,0,0,0,0
44.0,0,0,0,0,0,0,0
44.1,0,0,0,0,0,0,0
44.2,0,0,0,0,0,0,0
44.3,0,0,0,0,0,0,0
44.400000000000006,0,0,0,0,0,0,0
44.5,0,0,0,0,0,0,0
44.6,0,0,0,0,0,0,0
44.7,0,0,0,0,0,0,0
44.8,0,0,0,0,0,0,0
44.900000000000006,0,0,0,0,0,0,0
45.0,0,0,0,0,0,0,0
45.1,0,0,0,0,0,0,1
45.2,0,0,0,0,0,0,1
45.3,0,0,0,0,0,0,1
45.400000000000006,0,0,0,0,0,0,1
45.5,0,0,0,0,0,0,1
45.6,0,0,0,0,0,0,1
45.7,0,0,0,0,0,0,1
45.8,0,0,0,0,0,0,1
45.900000000000006,0,0,0,0,0,0,1
46.0,0,0,0,0,0,0,1
46.1,0,0,0,0,0,0,1
46.2,0,0,0,0,0,0,1
46.3,0,0,0,0,0,0,1
46.400000000000006,0,0,0,0,0,0,1
46.5,0,0,0,0,0,0,1
46.6,0,0,0,0,0,0,1
46.7,0,0,0,0,0,0,1
46.8,0,0,0,0,0,0,1
46.900000000000006,0,0,0,0,0,0,1
47.0,0,0,0,0,0,0,1
47.1,0,0,0,0,0,0,1
47.2,0,0,0,0,0,0,1
47.3,0,0,0,0,0,0,1
47.400000000000006,0,0,0,0,0,0,1
47.5,0,0,0,0,0,0,1
47.6,0,0,0,0,0,0,1
47.7,0,0,0,0,0,0,1
47.8,0,0,0,0,0,0,1
47.900000000000006,0,0,0,0,0,0,1
48.0,0,0,0,0,0,0,1
48.1,0,0,0,0,0,0,1
48.2,0,0,0,0,0,0,1
48.3,0,0,0,0,0,0,1
48.400000000000006,0,0,0,0,0,0,1
48.5,0,0,0,0,0,0,1
48.6,0,0,0,0,0,0,1
48.7,0,0,0,0,0,0,0
48.8,0,0,0,0,0,0,0
48.900000000000006,0,0,0,0,0,0,0
49.0,0,0,0,0,0,0,0
49.1,0,0,0,0,0,0,0
49.2,0,0,0,0,0,0,0
49.3,0,0,0,0,0,0,0
49.400000000000006,0,0,0,0,0,0,0
49.5,0,0,0,0,0,0,0
49.6,0,0,0,0,0,0,0
49.7,0,0,0,0,0,0,0
49.8,0,0,0,0,0,0,1
49.900000000000006,0,0,0,0,0,0,1
50.0,0,0,0,0,0,0,1
50.1,0,0,0,0,0,0,1
50.2,0,0,0,0,0,0,1
50.3,0,0,0,0,0,0,1
50.400000000000006,0,0,0,0,0,0,1
50.5,0,0,0,0,0,0,1
50.6,0,0,0,0,0,0,1
50.7,0,0,0,0,0,0,1
50.8,0,0,0,0,0,0,1
50.900000000000006,0,0,0,0,0,0,1
51.0,0,0,0,0,0,0,1
51.1,0,0,0,0,0,0,1
51.2,0,0,0,0,0,0,1
51.3,0,0,0,0,0,0,1
51.400000000000006,0,0,0,0,0,0,1
51.5,0,0,0,0,0,0,1
51.6,0,0,0,0,0,0,1
51.7,0,0,0,0,0,0,1
51.8,0,0,0,0,0,0,1
51.900000000000006,0,0,0,0,0,0,1
52.0,0,0,0,0,0,0,1
52.1,0,0,0,0,0,0,1
52.2,0,0,0,0,0,0,1
52.3,0,0,0,0,0,0,1
52.400000000000006,0,0,0,0,0,0,1
52.5,0,0,0,0,0,0,0
52.6,0,0,0,0,0,0,0
52.7,0,0,0,0,0,0,0
52.8,0,0,0,0,0,0,0
52.900000000000006,0,0,0,0,0,0,0
53.0,0,0,0,0,0,0,0
53.1,0,0,0,0,0,0,0
53.2,0,0,0,0,0,0,0
53.3,0,0,0,0,0,0,0
53.400000000000006,0,0,0,0,0,0,0
53.5,0,0,0,0,0,0,0
53.6,0,0,0,0,0,0,0
53.7,0,0,0,0,0,0,0
53.8,0,0,0,0,0,0,0
53.900000000000006,0,0,0,0,0,0,0
54.0,0,0,0,0,0,0,0
54.1,0,0,0,0,0,0,0
54.2,0,0,0,0,0,0,0
54.3,0,0,0,0,0,0,0
54.400000000000006,0,0,0,0,0,0,0
54.5,0,0,0,0,0,0,0
54.6,0,0,0,0,0,0,0
54.7,0,0,0,0,0,0,0
54.8,0,0,0,0,0,0,0
54.900000000000006,0,0,0,0,0,0,0
55.0,0,0,0,0,0,0,0
55.1,0,0,0,0,0,0,0
55.2,0,0,0,0,0,0,0
55.3,0,0,0,0,0,0,0
55.400000000000006,0,0,0,0,0,0,0
55.5,0,0,0,0,0,0,0
55.6,0,0,0,0,0,0,0
55.7,0,0,0,0,0,0,0
55.8,0,0,0,0,0,0,0
55.900000000000006,0,0,0,0,0,0,0
56.0,0,0,0,0,0,0,0
56.1,0,0,0,0,0,0,0
56.2,0,0,0,0,0,0,0
56.3,0,0,0,0,0,0,0
56.400000000000006,0,0,0,0,0,0,0
56.5,0,0,0,0,0,0,0
56.6,0,0,0,0,0,0,0
56.7,0,0,0,0,0,0,0
56.8,0,0,0,0,0,0,1
56.900000000000006,0,0,0,0,0,0,1
57.0,0,0,0,0,0,0,1
57.1,0,0,0,0,0,0,1
57.2,0,0,0,0,0,0,1
57.3,0,0,0,0,0,0,1
57.400000000000006,0,0,0,0,0,0,1
57.5,0,0,0,0,0,0,1
57.6,0,0,0,0,0,0,0
57.7,0,0,0,0,0,0,0
57.8,0,0,0,0,0,0,0
57.900000000000006,0,0,0,0,0,0,0
58.0,0,0,0,0,0,0,0
58.1,0,0,0,0,0,0,0
58.2,0,0,0,0,0,0,0
58.3,0,0,0,0,0,0,0
58.400000000000006,0,0,0,0,0,0,1
58.5,0,0,0,0,0,0,1
58.6,0,0,0,0,0,0,1
58.7,0,0,0,0,0,0,1
58.8,0,0,0,0,0,0,1
58.900000000000006,0,0,0,0,0,0,1
59.0,0,0,0,0,0,0,1
59.1,0,0,0,0,0,0,1
59.2,0,0,0,0,0,0,1
59.3,0,0,0,0,0,0,1
59.400000000000006,0,0,0,0,0,0,0
59.5,0,0,0,0,0,0,0
59.6,0,0,0,0,0,0,0
59.7,0,0,0,0,0,0,0
59.8,0,0,0,0,0,0,0
59.900000000000006,0,0,0,1,0,0,0
60.0,0,0,0,1,0,0,0
60.1,0,0,0,1,0,0,0
60.2,0,0,0,1,0,0,0
60.3,0,0,0,1,0,0,0
60.400000000000006,0,0,0,1,0,0,0
60.5,0,0,0,1,0,0,0
60.6,0,0,0,1,0,0,0
60.7,0,0,0,0,0,0,0
60.8,0,0,0,0,0,0,0
60.900000000000006,0,0,0,0,0,0,0
61.0,0,0,0,0,0,0,0
61.1,0,0,0,1,0,0,0
61.2,0,0,0,1,0,0,0
61.3,0,0,0,1,0,0,0
61.400000000000006,0,0,0,0,0,0,0
61.5,0,0,0,0,0,0,0
61.6,0,0,0,0,0,0,0
61.7,0,0,0,0,0,0,0
61.8,0,0,0,0,0,0,0
61.900000000000006,0,0,0,0,0,0,0
62.0,0,0,0,0,0,0,0
62.1,0,0,0,0,0,0,0
62.2,0,0,0,0,0,0,0
62.3,0,0,0,0,0,0,0
62.400000000000006,0,0,0,0,0,0,0
62.5,0,0,0,0,0,0,0
62.6,0,0,0,0,0,0,0
62.7,0,0,0,0,0,0,0
62.8,0,0,0,0,0,0,0
62.900000000000006,0,0,0,0,0,0,0
63.0,0,0,0,0,0,0,0
63.1,0,0,0,0,0,0,0
63.2,0,0,0,0,0,0,0
63.3,0,0,0,0,0,0,0
63.400000000000006,0,0,0,0,0,0,0
63.5,0,0,0,0,0,0,0
63.6,0,0,0,0,0,0,0
63.7,0,0,0,0,0,0,0
63.8,0,0,0,0,0,0,0
63.900000000000006,0,0,0,0,0,0,0
64.0,0,0,0,0,0,0,0
64.10000000000001,0,0,0,0,0,0,0
64.2,0,0,0,0,0,0,0
64.3,0,0,0,0,0,0,0
64.4,0,0,0,0,0,0,0
64.5,0,0,0,0,0,0,0
64.60000000000001,0,0,0,0,0,0,0
64.7,0,0,0,0,0,0,0
64.8,0,0,0,0,0,0,0
64.9,0,0,0,0,0,0,0
65.0,0,0,0,0,0,0,0
65.10000000000001,0,0,0,0,0,0,0
65.2,0,0,0,0,0,0,0
65.3,0,0,0,0,0,0,0
65.4,0,0,0,0,0,0,0
65.5,0,0,0,0,0,0,0
65.60000000000001,0,0,0,0,0,0,0
65.7,0,0,0,0,0,0,0
65.8,0,0,0,0,0,0,0
65.9,0,0,0,0,0,0,0
66.0,0,0,0,0,0,0,0
66.10000000000001,0,0,0,0,0,0,0
66.2,0,0,0,0,0,0,0
66.3,0,0,0,0,0,0,0
66.4,0,0,0,0,0,0,0
66.5,0,0,0,0,0,0,0
66.60000000000001,0,0,0,0,0,0,0
66.7,0,0,0,0,0,0,0
66.8,0,0,0,0,0,0,0
66.9,0,0,0,0,0,0,0
67.0,0,0,0,0,0,0,0
67.10000000000001,0,0,0,0,0,0,0
67.2,0,0,0,0,0,0,0
67.3,0,0,0,0,0,0,0
67.4,0,0,0,0,0,0,0
67.5,0,0,0,0,0,0,0
67.60000000000001,0,0,0,0,0,0,0
67.7,0,0,0,0,0,0,0
67.8,0,0,0,0,0,0,0
67.9,0,0,0,0,0,0,0
68.0,0,0,0,0,0,0,0
68.10000000000001,0,0,0,0,0,0,0
68.2,0,0,0,0,0,0,0
68.3,0,0,0,0,0,0,0
68.4,0,0,0,0,0,0,0
68.5,0,0,0,0,0,0,0
68.60000000000001,0,0,0,0,0,0,0
68.7,0,1,0,0,0,0,0
68.8,0,1,0,1,0,0,0
68.9,0,1,0,1,0,0,0
69.0,0,1,0,1,0,0,0
69.10000000000001,0,1,0,1,0,0,0
69.2,0,1,0,1,0,0,0
69.3,0,1,0,1,0,0,0
69.4,0,1,0,1,0,0,0
69.5,0,1,0,1,0,0,0
69.60000000000001,0,1,0,1,0,0,0
69.7,0,1,0,1,0,0,0
69.8,0,1,0,1,0,0,0
69.9,0,1,0,1,0,0,0
70.0,0,1,0,1,0,0,0
70.10000000000001,0,1,0,1,0,0,0
70.2,0,1,0,1,0,0,0
70.3,0,1,0,1,0,0,0
70.4,0,1,0,1,0,0,0
70.5,0,1,0,1,0,0,0
70.60000000000001,0,1,0,1,0,0,0
70.7,0,1,0,1,0,0,0
70.8,0,1,0,1,0,0,0
70.9,0,1,0,1,0,0,0
71.0,0,1,0,1,0,0,1
71.10000000000001,0,1,0,1,0,0,1
71.2,0,1,0,1,0,0,1
71.3,0,1,0,0,0,0,1
71.4,0,1,0,0,0,0,1
71.5,0,1,0,0,0,0,1
71.60000000000001,0,0,0,0,0,0,1
71.7,0,0,0,0,0,0,1
71.8,0,0,0,0,0,0,1
71.9,0,0,0,0,0,0,1
72.0,0,0,0,0,0,0,1
72.10000000000001,0,0,0,0,1,0,1
72.2,0,0,0,0,1,0,1
72.3,0,0,0,0,1,0,1
72.4,0,0,0,0,1,0,1
72.5,0,0,0,0,1,0,1
72.60000000000001,0,0,0,0,1,0,1
72.7,0,0,0,0,1,0,1
72.8,0,0,0,0,1,0,1
72.9,0,0,0,0,1,0,1
73.0,0,0,0,0,1,0,1
73.10000000000001,0,0,0,0,1,0,1
73.2,0,0,0,0,1,0,1
73.3,0,0,0,0,1,0,1
73.4,0,0,0,0,1,0,1
73.5,0,0,0,0,1,0,1
73.60000000000001,0,0,0,0,1,0,1
73.7,0,0,0,0,1,0,1
73.8,0,0,0,0,1,0,1
73.9,0,0,0,0,1,0,1
74.0,0,0,0,0,1,0,0
74.10000000000001,0,0,0,0,1,0,0
74.2,0,0,0,0,1,0,0
74.3,0,0,0,0,1,0,0
74.4,0,0,0,0,1,0,0
74.5,0,0,0,0,1,0,0
74.60000000000001,0,0,0,0,1,0,0
74.7,0,0,0,0,1,0,0
74.8,0,0,0,0,1,0,0
74.9,0,0,0,0,1,0,0
75.0,0,0,0,0,1,0,0
75.10000000000001,0,0,0,0,0,0,0
75.2,0,0,0,0,0,0,0
75.3,0,0,0,0,0,0,0
75.4,0,0,0,0,0,0,0
75.5,0,0,0,0,0,0,0
75.60000000000001,0,0,0,0,0,0,0
75.7,0,0,0,0,0,0,0
75.8,0,0,0,0,0,0,0
75.9,0,0,0,0,0,0,0
76.0,0,0,0,0,0,0,0
76.10000000000001,0,0,0,0,0,0,0
76.2,0,0,0,0,0,0,0
76.3,0,0,0,0,0,0,0
76.4,0,0,0,0,0,0,0
76.5,0,0,0,0,0,0,0
76.60000000000001,0,0,0,0,0,0,0
76.7,0,0,0,0,0,0,0
76.80000000000001,0,0,0,0,0,0,0
76.9,0,0,0,0,0,0,0
77.0,0,0,0,0,0,0,0
77.10000000000001,0,0,0,0,0,0,0
77.2,0,0,0,0,0,0,0
77.30000000000001,0,0,0,0,0,0,0
77.4,0,0,0,0,0,0,0
77.5,0,0,0,0,0,0,0
77.60000000000001,0,0,0,0,0,0,0
77.7,0,0,0,0,0,0,0
77.80000000000001,0,0,0,0,0,0,0
77.9,0,0,0,0,0,0,0
78.0,0,0,0,0,0,0,0
78.10000000000001,0,0,0,0,0,0,0
78.2,0,0,0,0,0,0,0
78.30000000000001,0,0,0,0,0,0,0
78.4,0,0,0,0,0,0,0
78.5,0,0,0,0,0,0,0
78.60000000000001,0,0,0,0,0,0,0
78.7,0,0,0,0,0,0,0
78.80000000000001,0,0,0,0,0,0,0
78.9,0,0,0,0,0,0,0
79.0,0,0,0,0,0,0,0
79.10000000000001,0,0,0,0,0,0,0
79.2,0,0,0,0,0,0,0
79.30000000000001,0,0,0,0,0,0,0
79.4,0,0,0,0,0,0,0
79.5,0,0,0,0,0,0,0
79.60000000000001,0,0,0,0,0,0,0
79.7,0,0,0,0,0,0,0
79.80000000000001,0,0,0,0,0,0,0
79.9,0,0,0,0,0,0,0
80.0,0,0,0,0,0,0,0
80.10000000000001,0,0,0,0,0,0,0
80.2,0,0,0,0,0,0,0
80.30000000000001,0,0,0,0,0,0,0
80.4,0,0,0,0,0,0,0
80.5,0,0,0,0,0,0,0
80.60000000000001,0,0,0,0,0,0,0
80.7,0,0,0,0,0,0,0
80.80000000000001,0,0,0,0,0,0,0
80.9,0,0,0,0,0,0,1
81.0,0,0,0,0,0,0,1
81.10000000000001,0,0,0,0,0,0,1
81.2,0,0,0,0,0,0,1
81.30000000000001,0,0,0,0,0,0,1
81.4,0,0,0,0,0,0,1
81.5,0,0,0,0,0,0,1
81.60000000000001,0,0,0,0,0,0,1
81.7,0,0,0,0,0,0,1
81.80000000000001,0,0,0,0,0,0,1
81.9,0,0,0,0,0,0,1
82.0,0,0,0,0,0,0,1
82.10000000000001,0,0,0,0,0,0,1
82.2,0,0,0,0,0,0,1
82.30000000000001,0,0,0,0,0,0,1
82.4,0,0,0,0,0,0,1
82.5,0,0,0,0,0,0,1
82.60000000000001,0,0,0,0,0,0,1
82.7,0,0,0,0,0,0,1
82.80000000000001,0,0,0,0,0,0,1
82.9,0,0,0,0,0,0,1
83.0,0,0,0,0,0,0,0
83.10000000000001,0,0,0,0,0,0,0
83.2,0,0,0,0,0,0,0
83.30000000000001,0,0,0,0,0,0,0
83.4,0,0,0,0,0,0,0
83.5,0,0,0,0,0,0,0
83.60000000000001,0,0,0,0,0,0,0
83.7,0,0,0,0,0,0,0
83.80000000000001,0,0,0,0,0,0,0
83.9,0,0,0,1,0,0,0
84.0,0,0,0,1,0,0,0
84.10000000000001,0,0,0,1,0,0,0
84.2,0,0,0,1,0,0,1
84.30000000000001,0,0,0,1,0,0,1
84.4,0,0,0,1,0,0,1
84.5,0,0,0,1,0,0,1
84.60000000000001,0,0,0,1,0,0,1
84.7,0,0,0,1,0,0,1
84.80000000000001,0,0,0,1,0,0,1
84.9,0,0,0,1,0,0,1
85.0,0,0,0,1,0,0,1
85.10000000000001,0,0,0,1,0,0,1
85.2,0,0,0,1,1,1,1
85.30000000000001,0,0,0,1,1,1,1
85.4,0,0,0,1,1,1,1
85.5,0,0,0,1,1,1,1
85.60000000000001,0,0,0,1,1,1,1
85.7,0,0,0,0,1,1,1
85.80000000000001,0,0,0,0,1,1,1
85.9,0,0,0,0,1,1,1
86.0,0,0,0,0,1,1,1
86.10000000000001,0,0,0,0,1,1,1
86.2,0,1,0,0,1,1,1
86.30000000000001,0,1,0,0,1,1,1
86.4,0,1,0,0,1,1,1
86.5,0,1,0,1,1,1,1
86.60000000000001,0,1,0,1,1,1,1
86.7,0,1,0,1,1,1,1
86.80000000000001,0,1,1,1,1,0,0
86.9,0,1,1,1,1,0,0
87.0,0,1,1,1,1,0,0
87.10000000000001,0,1,1,1,1,0,0
87.2,0,1,1,1,1,0,0
87.30000000000001,0,1,1,1,1,0,0
87.4,0,1,1,1,1,0,0
87.5,0,1,0,1,1,0,0
87.60000000000001,0,1,0,1,1,0,0
87.7,0,1,0,1,1,0,0
87.80000000000001,0,1,0,1,1,0,0
87.9,0,0,0,1,1,0,0
88.0,0,0,0,1,1,0,0
88.10000000000001,0,0,0,1,1,0,0
88.2,0,0,0,1,1,0,0
88.30000000000001,0,0,0,1,1,0,0
88.4,0,0,0,1,1,0,0
88.5,0,0,0,1,0,0,0
88.60000000000001,0,0,0,1,0,0,0
88.7,0,0,0,1,0,0,0
88.80000000000001,0,0,0,1,0,0,0
88.9,0,0,0,1,0,0,0
89.0,0,0,0,1,0,0,0
89.10000000000001,0,0,0,0,0,0,0
89.2,0,0,0,0,0,0,0
89.30000000000001,0,0,0,0,0,0,0
89.4,0,0,0,0,0,0,0
89.5,0,0,0,0,0,0,0
89.60000000000001,0,0,0,0,0,0,0
89.7,0,0,0,0,0,0,0
89.80000000000001,0,0,0,0,0,0,0
89.9,0,0,0,0,0,0,0
90.0,0,0,0,0,0,0,0
90.1,0,0,0,0,0,0,0
90.2,0,0,0,0,0,0,0
90.3,0,0,0,0,0,0,0
90.4,0,0,0,0,0,0,0
90.5,0,0,0,0,0,0,0
90.6,0,0,0,0,0,0,0
90.7,0,0,0,0,0,0,0
90.8,0,0,0,0,0,0,0
90.9,0,0,0,0,0,0,0
91.0,0,0,0,0,0,0,0
91.1,0,0,0,0,0,0,0
91.2,0,0,0,0,0,0,0
91.3,0,0,0,0,0,0,0
91.4,0,0,0,0,0,0,0
91.5,0,0,0,0,0,0,0
91.6,0,1,0,0,0,0,0
91.7,0,1,0,0,0,0,0
91.8,0,1,0,0,0,0,0
91.9,0,1,0,0,0,0,0
92.0,0,1,0,0,0,0,0
92.1,0,1,0,0,0,0,0
92.2,0,1,0,0,0,0,0
92.3,0,1,0,0,0,0,0
92.4,0,1,0,0,0,0,0
92.5,0,1,0,0,0,0,0
92.6,0,1,0,0,0,0,0
92.7,0,1,0,0,0,0,0
92.8,0,1,0,0,0,0,0
92.9,0,1,0,0,0,0,0
93.0,0,1,0,0,0,0,0
93.1,0,1,0,0,0,0,0
93.2,0,1,0,0,0,0,0
93.3,0,1,0,0,0,0,0
93.4,0,1,0,0,0,0,0
93.5,0,1,0,0,0,0,0
93.6,0,1,0,0,0,0,0
93.7,0,1,0,0,0,0,0
93.8,0,1,0,0,0,0,0
93.9,0,1,0,0,0,0,0
94.0,0,1,0,0,0,0,0
94.1,0,1,0,0,0,0,0
94.2,0,0,0,0,0,0,0
94.3,0,0,0,0,0,0,0
94.4,0,0,0,0,0,0,0
94.5,0,0,0,0,0,0,0
94.6,0,0,0,0,0,0,0
94.7,0,0,0,0,0,0,0
94.8,0,0,0,0,0,0,1
94.9,0,0,0,0,0,0,1
95.0,0,0,0,0,0,0,1
95.1,0,0,0,0,0,0,1
95.2,0,0,0,0,0,0,1
95.3,0,0,0,0,0,0,1
95.4,0,0,0,0,0,0,1
95.5,0,0,0,0,0,0,1
95.6,0,0,0,0,0,0,1
95.7,0,0,0,0,0,0,1
95.8,0,0,0,0,0,0,1
95.9,0,0,0,0,0,0,1
96.0,0,0,0,0,0,0,1
96.1,0,0,0,0,0,0,0
96.2,0,0,0,0,0,0,0
96.3,0,0,0,0,0,0,0
96.4,0,0,0,0,0,0,0
96.5,0,0,0,0,0,0,0
96.6,0,0,0,0,0,0,0
96.7,0,0,0,0,0,0,0
96.8,0,0,0,0,0,0,0
96.9,0,0,0,0,0,0,1
97.0,0,0,0,0,0,0,1
97.1,0,0,0,0,0,0,1
97.2,0,0,0,0,0,0,1
97.3,0,0,0,0,0,0,1
97.4,0,0,0,0,0,0,0
97.5,0,0,0,0,0,0,0
97.6,0,0,0,0,0,0,0
97.7,0,0,0,0,0,0,0
97.8,0,0,0,0,0,0,0
97.9,0,0,0,0,0,0,0
98.0,0,0,0,0,0,0,0
98.1,0,0,0,0,0,0,0
98.2,0,0,0,0,0,0,0
98.3,0,0,0,0,0,0,0
98.4,0,0,0,0,0,0,0
98.5,0,0,0,0,0,0,0
98.6,0,0,0,0,0,0,0
98.7,0,0,0,0,0,0,0
98.8,0,0,0,0,0,0,0
98.9,0,0,0,0,0,0,0
99.0,0,0,0,0,0,0,0
99.1,0,1,0,0,0,0,0
99.2,0,1,0,0,0,0,0
99.3,0,1,0,0,0,0,1
99.4,0,1,0,0,0,0,1
99.5,0,1,0,0,0,0,1
99.6,0,1,0,0,0,0,1
99.7,0,1,0,0,0,0,1
99.8,0,1,0,0,0,0,1
99.9,0,1,0,0,0,0,1
100.0,0,1,0,0,0,0,1
100.1,0,1,0,0,0,0,1
100.2,0,1,0,0,0,0,1
100.3,0,1,0,0,0,0,1
100.4,0,1,0,0,0,0,1
100.5,0,1,0,0,0,0,1
100.6,0,1,0,0,0,0,1
100.7,0,1,0,0,0,0,1
100.8,0,1,0,0,0,0,1
100.9,0,1,0,0,0,0,1
101.0,0,1,0,0,0,0,1
101.1,0,1,0,0,0,0,1
101.2,0,1,0,0,0,0,0
101.3,0,1,0,0,0,0,0
101.4,0,1,0,0,0,0,0
101.5,0,1,0,0,0,0,0
101.6,0,0,0,0,0,0,0
101.7,0,0,0,0,0,0,0
101.8,0,0,0,0,0,0,0
101.9,0,0,0,0,0,0,0
102.0,0,0,0,0,0,0,0
102.1,0,0,0,0,0,0,0
102.2,0,0,0,0,0,0,0
102.3,0,0,0,0,0,0,0
102.4,0,0,0,0,0,0,0
102.5,0,0,0,0,0,0,0
102.6,0,0,0,0,0,0,0
102.7,0,0,0,0,0,0,0
102.8,0,0,0,0,0,0,0
102.9,0,0,0,0,0,0,0
103.0,0,0,0,0,0,0,0
103.1,0,0,0,0,0,0,0
103.2,0,0,0,0,0,0,0
103.3,0,0,0,0,0,0,0
103.4,0,0,0,0,0,0,0
103.5,0,0,0,0,0,0,0
103.6,0,0,0,0,0,0,0
103.7,0,0,0,0,0,0,0
103.8,0,0,0,0,0,0,0
103.9,0,0,0,0,0,0,0
104.0,0,0,0,0,0,0,0
104.1,0,0,0,0,0,0,0
104.2,0,0,0,0,0,0,0
104.3,0,0,0,0,0,0,0
104.4,0,0,0,0,0,0,0
104.5,0,0,0,0,0,0,0
104.6,0,0,0,0,0,0,0
104.7,0,0,0,0,0,0,0
104.8,0,0,0,0,0,0,0
104.9,0,0,0,0,0,0,0
105.0,0,0,0,0,0,0,0
105.1,0,0,0,0,0,0,0
105.2,0,0,0,0,0,0,0
105.3,0,0,0,0,0,0,0
105.4,0,0,0,0,0,0,0
105.5,0,0,0,0,0,0,0
105.6,0,0,0,0,0,0,0
105.7,0,0,0,0,1,0,0
105.8,0,0,0,0,1,0,0
105.9,0,0,0,0,1,0,0
106.0,0,0,0,0,1,0,0
106.1,0,0,0,0,1,0,0
106.2,0,0,0,0,1,0,0
106.3,0,0,0,0,1,0,0
106.4,0,0,0,0,1,0,0
106.5,0,0,0,0,1,0,0
106.6,0,0,0,0,1,0,0
106.7,0,0,0,0,1,0,0
106.8,0,0,0,0,1,1,0
106.9,0,0,0,0,1,1,0
107.0,0,0,0,0,1,1,0
107.1,0,0,0,0,1,1,0
107.2,0,0,0,0,1,1,0
107.3,0,1,0,0,1,1,0
107.4,0,1,0,0,1,1,0
107.5,0,1,0,0,1,1,0
107.6,0,1,0,0,1,1,0
107.7,0,1,0,0,1,1,0
107.8,0,1,0,0,1,1,0
107.9,0,1,0,0,1,1,0
108.0,0,1,0,0,1,1,0
108.1,0,1,0,0,1,1,0
108.2,0,1,0,0,1,1,0
108.3,0,1,0,0,1,1,0
108.4,0,1,0,0,1,1,0
108.5,0,1,0,0,1,1,0
108.6,0,1,0,0,0,1,0
108.7,0,1,0,0,0,1,0
108.8,0,1,0,0,0,1,0
108.9,0,1,0,0,0,1,0
109.0,0,1,0,0,0,0,0
109.1,0,1,0,0,0,0,0
109.2,0,1,0,0,0,0,0
109.3,0,1,0,0,0,0,0
109.4,0,1,0,0,0,0,0
109.5,0,1,0,0,0,0,0
109.6,0,1,0,0,0,0,0
109.7,0,1,0,0,0,0,0
109.8,0,1,0,0,0,0,0
109.9,0,0,0,0,0,0,0
110.0,0,0,0,0,0,0,0
110.1,0,0,0,0,0,0,0
110.2,0,0,0,0,0,0,0
110.3,0,0,0,0,0,0,0
110.4,0,0,0,0,0,0,0
110.5,0,0,0,0,0,0,0
110.6,0,0,0,0,0,0,0
110.7,0,0,0,0,0,0,0
110.8,0,0,0,0,0,0,0
110.9,0,0,0,0,0,0,0
111.0,0,0,0,0,0,0,0
111.1,0,0,0,0,0,0,0
111.2,0,0,0,0,0,0,0
111.3,0,0,0,0,0,0,0
111.4,0,0,0,0,0,0,0
111.5,0,0,0,0,0,0,0
111.6,0,0,0,0,0,0,0
111.7,0,0,0,0,0,0,0
111.8,0,0,0,0,0,0,0
111.9,0,0,0,0,0,0,0
112.0,0,0,0,0,0,0,0
112.1,0,0,0,0,0,0,0
112.2,0,0,0,0,0,0,0
112.3,0,0,0,0,0,0,0
112.4,0,0,0,0,0,0,0
112.5,0,0,0,0,0,0,0
112.6,0,0,0,0,0,0,1
112.7,0,0,0,0,0,0,1
112.8,0,0,0,0,0,0,1
112.9,0,0,0,0,0,0,1
113.0,0,0,0,0,0,0,1
113.1,0,0,0,0,0,0,0
113.2,0,0,0,0,0,0,0
113.3,0,1,0,0,0,0,0
113.4,0,1,0,0,0,0,0
113.5,0,1,0,0,0,0,0
113.6,0,1,0,0,0,0,0
113.7,0,1,0,0,0,0,0
113.8,0,1,0,0,0,0,0
113.9,0,1,0,0,0,0,0
114.0,0,1,0,0,0,0,0
114.1,0,1,0,0,0,0,0
114.2,0,1,0,0,0,0,0
114.3,0,0,0,0,0,0,0
114.4,0,0,0,0,0,0,0
114.5,0,0,0,0,0,0,0
114.6,0,0,0,0,0,0,0
114.7,0,0,0,0,0,0,0
114.8,0,0,0,0,0,0,0
114.9,0,0,0,0,0,0,0
115.0,0,0,0,0,0,0,0
115.1,0,0,0,0,0,0,0
115.2,0,0,0,0,0,0,0
115.3,0,0,0,0,0,0,0
115.4,0,0,0,0,0,0,0
115.5,0,0,0,0,0,0,0
115.6,0,0,0,0,0,0,0
115.7,0,0,0,0,0,0,0
115.8,0,0,0,0,0,0,0
115.9,0,0,0,0,0,1,0
116.0,0,0,0,0,0,1,0
116.1,0,0,0,0,0,1,0
116.2,0,0,0,0,0,1,0
116.3,0,0,0,0,0,1,0
116.4,0,0,0,0,0,1,0
116.5,0,0,0,0,0,1,0
116.6,0,0,0,0,0,1,0
116.7,0,0,0,0,0,1,0
116.8,0,0,0,0,0,1,0
116.9,0,0,0,0,0,1,0
117.0,0,0,0,0,0,1,0
117.1,0,0,0,0,0,1,0
117.2,0,0,0,0,0,1,0
117.3,0,0,0,0,0,1,0
117.4,0,0,0,0,0,1,0
117.5,0,0,0,0,0,1,0
117.6,0,0,0,0,0,0,0
117.7,0,0,0,0,0,0,0
117.8,0,0,0,0,0,0,0
117.9,0,0,0,0,0,0,0
118.0,0,0,0,0,0,0,0
118.1,0,0,0,0,0,0,0
118.2,0,0,0,0,0,0,0
118.3,0,0,0,0,0,0,0
118.4,0,0,0,0,0,0,0
118.5,0,0,0,0,0,0,0
118.6,0,0,0,0,0,0,0
118.7,0,0,0,0,0,0,0
118.8,0,0,0,0,0,0,0
118.9,0,0,0,0,0,0,0
119.0,0,0,0,0,0,0,0
119.1,0,0,0,0,0,0,0
119.2,0,0,0,0,0,0,0
119.3,0,0,0,0,0,0,0
119.4,0,0,0,0,0,0,0
119.5,0,0,0,0,0,0,0
119.6,0,0,0,0,0,0,0
119.7,0,0,0,0,0,0,0
119.8,0,0,0,0,0,0,0
119.9,0,0,0,0,0,0,0
120.0,0,0,0,0,0,0,0
120.1,0,0,0,0,0,0,0
120.2,0,0,0,0,0,0,0
120.3,0,0,0,0,0,0,0
120.4,0,0,0,0,0,0,0
120.5,0,0,0,0,0,0,0
120.6,0,0,0,0,0,0,0
120.7,0,0,0,0,0,1,0
120.8,0,0,0,0,0,1,0
120.9,0,0,0,0,0,1,0
121.0,0,0,0,0,0,1,0
121.1,0,0,0,0,0,1,0
121.2,0,0,0,0,0,1,0
121.3,0,0,0,0,0,1,0
121.4,0,0,0,0,0,0,0
121.5,0,0,0,0,0,0,0
121.6,0,0,0,0,0,0,0
121.7,0,0,0,0,0,0,0
121.8,0,0,0,0,0,0,0
121.9,0,0,0,0,0,0,0
122.0,0,0,0,0,0,0,0
122.1,0,0,0,0,0,0,0
122.2,0,0,0,0,0,0,0
122.3,0,0,0,0,0,0,0
122.4,0,0,0,0,0,0,0
122.5,0,0,0,0,0,0,0
122.6,0,0,0,0,0,0,0
122.7,0,0,0,0,0,0,0
122.8,0,0,0,0,0,0,0
122.9,0,0,0,0,0,0,0
123.0,0,0,0,0,0,0,0
123.1,0,0,0,0,0,0,0
123.2,0,0,0,0,0,0,0
123.3,0,0,0,0,0,0,0
123.4,0,0,0,0,0,0,0
123.5,0,0,0,0,0,0,0
123.6,0,0,0,0,0,0,0
123.7,0,0,0,0,0,0,0
123.8,0,0,0,0,0,0,0
123.9,0,0,0,0,0,0,0
124.0,0,0,0,0,0,0,0
124.1,0,0,0,0,0,0,0
124.2,0,0,0,0,0,0,0
124.3,0,0,0,0,0,0,0
124.4,0,0,0,0,0,0,0
124.5,0,0,0,0,0,1,0
124.6,0,0,0,0,0,1,0
124.7,0,0,0,0,0,1,0
124.8,0,0,0,0,0,1,0
124.9,0,0,0,0,0,1,0
125.0,0,0,0,0,0,1,0
125.1,0,0,0,0,0,1,0
125.2,0,0,0,0,0,1,0
125.3,0,0,0,0,0,1,0
125.4,0,0,0,0,0,1,0
125.5,0,0,0,0,0,1,0
125.6,0,0,0,0,0,1,0
125.7,0,0,0,0,0,1,0
125.8,0,0,0,0,0,1,0
125.9,0,0,0,0,0,1,0
126.0,0,0,0,0,0,1,0
126.1,0,0,0,0,0,1,1
126.2,0,0,0,0,0,1,1
126.3,0,0,0,0,0,1,1
126.4,0,0,0,0,0,1,1
126.5,0,0,0,0,0,0,1
126.6,0,0,0,0,0,0,1
126.7,0,0,0,0,0,0,1
126.8,0,0,0,0,0,0,0
126.9,0,0,0,0,0,0,0
127.0,0,0,0,0,0,0,0
127.1,0,0,0,0,0,0,0
127.2,0,0,0,0,0,0,0
127.3,0,0,0,0,0,0,0
127.4,0,0,0,0,0,0,0
127.5,0,0,0,0,0,0,0
127.6,0,0,0,0,0,0,0
127.7,0,0,0,0,0,0,0
127.8,0,1,0,0,0,0,0
127.9,0,1,0,0,0,0,0
128.0,0,1,0,0,0,0,0
128.1,0,1,0,0,0,0,0
128.20000000000002,0,1,0,0,0,0,0
128.3,0,1,0,0,0,0,0
128.4,0,1,0,0,0,0,0
128.5,0,1,0,0,0,0,0
128.6,0,1,0,0,0,0,0
128.70000000000002,0,1,0,0,0,0,0
128.8,0,1,0,0,0,0,0
128.9,0,1,0,1,0,0,0
129.0,0,1,0,1,0,0,0
129.1,0,1,0,1,0,0,0
129.20000000000002,0,1,0,1,0,0,0
129.3,0,1,0,1,0,0,0
129.4,0,1,0,1,0,0,0
129.5,0,1,0,1,0,0,0
129.6,0,1,0,1,0,0,0
129.70000000000002,0,1,0,0,0,0,0
129.8,0,1,0,0,0,0,0
129.9,0,1,0,0,0,0,0
130.0,0,1,0,0,0,0,0
130.1,0,1,0,0,0,0,0
130.20000000000002,0,1,0,0,0,0,0
130.3,0,0,0,0,0,0,0
130.4,0,0,0,0,0,0,0
130.5,0,0,0,0,0,0,0
130.6,0,0,0,0,0,1,0
130.70000000000002,0,0,0,0,0,1,0
130.8,0,0,0,0,0,1,0
130.9,0,0,0,0,0,1,0
131.0,0,0,0,0,0,1,0
131.1,0,0,0,0,0,1,0
131.20000000000002,0,0,0,0,0,1,0
131.3,0,0,0,0,0,1,1
131.4,0,0,0,0,0,1,1
131.5,0,0,0,0,0,1,1
131.6,0,0,0,0,0,1,1
131.70000000000002,0,0,0,0,0,1,1
131.8,0,0,0,0,0,1,0
131.9,0,0,0,0,0,1,0
132.0,0,0,0,0,0,1,0
132.1,0,0,0,0,0,1,0
132.20000000000002,0,0,0,0,0,1,0
132.3,0,0,0,0,0,1,0
132.4,0,0,0,0,0,1,0
132.5,0,0,0,0,0,1,0
132.6,0,0,0,0,0,0,0
132.70000000000002,0,0,0,0,0,0,0
132.8,0,0,0,0,0,0,0
132.9,0,0,0,0,0,0,0
133.0,0,0,0,0,0,0,0
133.1,0,0,0,0,0,0,0
133.20000000000002,0,0,0,0,0,0,0
133.3,0,0,0,0,0,0,0
133.4,0,0,0,0,0,0,0
133.5,0,0,0,0,0,0,0
133.6,0,0,0,0,0,0,0
133.70000000000002,0,0,0,0,0,0,0
133.8,0,0,0,0,0,0,0
133.9,0,0,0,0,0,0,0
134.0,0,0,0,0,0,0,0
134.1,0,0,0,0,0,0,0
134.20000000000002,0,0,0,0,0,0,0
134.3,0,0,0,0,0,0,0
134.4,0,0,0,0,0,0,0
134.5,0,0,0,0,0,0,0
134.6,0,0,0,0,0,0,0
134.70000000000002,0,0,0,0,0,0,1
134.8,0,0,0,0,0,0,1
134.9,0,0,0,0,0,0,1
135.0,0,0,0,0,0,0,1
135.1,0,0,0,0,0,0,1
135.20000000000002,0,0,0,0,0,0,1
135.3,0,0,0,0,0,0,1
135.4,0,0,0,0,0,0,1
135.5,0,0,0,0,0,0,1
135.6,0,0,0,0,0,0,1
135.70000000000002,0,0,0,0,0,0,1
135.8,0,0,0,0,0,0,1
135.9,0,0,0,0,0,0,1
136.0,0,1,0,1,0,0,1
136.1,0,1,0,1,0,0,1
136.20000000000002,0,1,0,1,0,0,1
136.3,0,1,0,1,0,0,1
136.4,0,1,0,1,0,0,1
136.5,0,1,0,1,0,0,1
136.6,0,1,0,1,0,0,1
136.70000000000002,0,1,0,1,0,0,1
136.8,0,1,0,1,0,0,1
136.9,0,1,1,1,0,0,1
137.0,0,1,1,1,0,0,1
137.1,0,1,1,1,0,0,1
137.20000000000002,0,1,1,1,0,0,1
137.3,0,1,1,1,0,0,1
137.4,0,1,1,1,0,1,0
137.5,0,1,1,1,0,1,0
137.6,0,1,1,1,0,1,0
137.70000000000002,0,1,1,1,0,1,0
137.8,0,1,1,1,0,1,0
137.9,0,1,1,1,0,1,0
138.0,0,1,1,1,0,1,0
138.1,0,1,1,1,0,1,0
138.20000000000002,0,1,1,1,0,1,0
138.3,0,1,1,1,0,1,0
138.4,0,0,1,1,0,1,0
138.5,0,0,1,1,0,1,0
138.6,0,0,1,1,0,1,0
138.70000000000002,0,0,1,1,0,1,0
138.8,0,0,1,1,0,1,0
138.9,0,0,1,1,0,1,0
139.0,0,0,1,1,0,1,0
139.1,0,0,1,1,0,1,0
139.20000000000002,0,0,1,1,0,1,0
139.3,0,0,1,1,0,1,0
139.4,0,0,1,1,0,1,0
139.5,0,0,1,1,0,1,0
139.6,0,1,1,1,0,1,0
139.70000000000002,0,1,1,1,0,1,0
139.8,0,1,1,1,0,1,0
139.9,0,1,1,1,0,1,0
140.0,0,1,1,1,0,0,0
140.1,0,1,1,1,0,0,0
140.20000000000002,0,1,1,1,0,0,0
140.3,0,1,1,1,0,0,0
140.4,0,1,1,1,0,0,0
140.5,0,1,1,1,0,0,0
140.6,0,1,1,1,0,0,0
140.70000000000002,0,1,1,1,0,0,0
140.8,0,1,0,0,0,0,0
140.9,0,1,0,0,0,0,0
141.0,0,1,0,0,0,0,0
141.1,0,1,0,0,0,0,0
141.20000000000002,0,1,0,0,0,0,0
141.3,0,1,0,0,0,0,0
141.4,0,1,0,0,0,0,0
141.5,0,1,0,0,0,0,0
141.6,0,1,0,0,0,0,0
141.70000000000002,0,1,0,0,0,0,0
141.8,0,1,0,0,0,0,0
141.9,0,1,0,0,0,0,0
142.0,0,1,0,0,0,0,0
142.1,0,1,0,0,0,0,0
142.20000000000002,0,1,0,0,0,0,0
142.3,0,1,0,0,0,0,0
142.4,0,1,0,0,0,0,0
142.5,0,0,0,0,0,0,0
142.6,0,0,0,0,0,0,0
142.70000000000002,0,0,0,0,0,0,0
142.8,0,0,0,0,0,0,0
142.9,0,0,0,0,0,0,0
143.0,0,0,0,0,0,0,0
143.1,0,0,0,0,0,0,0
143.20000000000002,0,0,0,0,0,0,0
143.3,0,0,0,0,0,1,0
143.4,0,0,0,0,0,1,0
143.5,0,0,0,0,0,1,0
143.6,0,0,0,0,0,1,0
143.70000000000002,0,0,0,0,0,1,0
143.8,0,0,0,0,0,1,0
143.9,0,0,0,0,0,1,0
144.0,0,0,0,0,0,0,0
144.1,0,0,0,0,0,0,0
144.20000000000002,0,0,0,0,0,0,0
144.3,0,0,0,0,0,0,0
144.4,0,0,0,0,0,0,0
144.5,0,0,0,0,0,0,0
144.6,0,0,0,0,0,0,0
144.70000000000002,0,0,0,0,0,0,0
144.8,0,0,0,0,0,0,0
144.9,0,0,0,0,0,0,0
145.0,0,0,0,0,0,0,0
145.1,0,0,0,0,0,0,0
145.20000000000002,0,0,0,0,0,0,0
145.3,0,0,0,0,0,0,0
145.4,0,0,0,0,0,0,0
145.5,0,0,0,0,0,0,0
145.6,0,0,0,0,0,0,0
145.70000000000002,0,0,0,0,0,0,0
145.8,0,0,0,0,0,0,0
145.9,0,0,0,0,0,0,0
146.0,0,0,0,0,0,0,0
146.1,0,0,0,0,0,0,0
146.20000000000002,0,0,0,0,0,0,0
146.3,0,0,0,0,0,0,0
146.4,0,1,0,0,0,0,0
146.5,0,1,0,0,0,0,0
146.6,0,1,0,0,0,0,0
146.70000000000002,0,1,0,0,0,0,0
146.8,0,1,0,0,0,0,0
146.9,0,1,0,0,0,0,0
147.0,0,1,0,0,0,0,0
147.1,0,1,0,0,0,0,0
147.20000000000002,0,1,0,0,0,0,1
147.3,0,1,0,0,0,0,1
147.4,0,1,0,0,0,0,1
147.5,0,1,0,0,0,1,1
147.6,0,1,0,0,0,1,1
147.70000000000002,0,1,0,0,0,1,1
147.8,0,1,0,0,0,1,1
147.9,0,0,0,0,0,1,0
148.0,0,0,0,0,0,1,0
148.1,0,0,0,0,0,1,0
148.20000000000002,0,0,0,0,0,1,0
148.3,0,0,0,0,0,1,0
148.4,0,0,0,0,0,1,0
148.5,0,0,0,0,0,1,0
148.6,0,0,0,0,0,1,0
148.70000000000002,0,0,0,0,0,1,0
148.8,0,0,0,0,0,1,0
148.9,0,0,0,0,0,1,0
149.0,0,0,0,0,0,1,0
149.1,0,0,0,0,0,1,0
149.20000000000002,0,0,0,0,0,1,0
149.3,0,0,0,0,0,1,0
149.4,0,0,0,0,0,1,0
149.5,0,0,0,0,0,1,1
149.6,0,0,0,0,0,1,1
149.70000000000002,0,0,0,0,0,0,1
149.8,0,0,0,0,0,0,1
149.9,0,0,0,0,0,0,1
150.0,0,0,0,0,0,0,1
150.1,0,0,0,0,0,0,1
150.20000000000002,0,0,0,0,0,0,1
150.3,0,0,0,0,0,0,1
150.4,0,0,0,0,0,0,1
150.5,0,0,0,0,0,0,1
150.6,0,0,0,0,0,0,0
150.70000000000002,0,0,0,0,0,0,0
150.8,0,0,0,0,0,0,0
150.9,0,0,0,0,0,0,0
151.0,0,0,0,0,0,0,0
151.1,0,0,0,0,0,0,0
151.20000000000002,0,0,0,0,0,0,0
151.3,0,0,0,0,0,0,0
151.4,0,0,0,0,0,0,0
151.5,0,0,0,0,0,0,0
151.6,0,0,0,0,0,0,0
151.70000000000002,0,0,0,0,0,0,0
151.8,0,0,0,0,0,0,0
151.9,0,0,0,0,0,0,0
152.0,0,0,0,0,0,0,0
152.1,0,0,0,0,0,0,0
152.20000000000002,0,0,0,0,0,0,0
152.3,0,0,0,0,0,0,0
152.4,0,0,0,0,0,0,0
152.5,0,0,0,0,0,0,0
152.6,0,0,0,0,0,0,0
152.70000000000002,0,0,0,0,0,0,0
152.8,0,0,0,0,0,0,0
152.9,0,0,0,0,0,0,0
153.0,0,0,0,0,0,0,0
153.1,0,0,0,0,0,0,0
153.20000000000002,0,0,0,0,0,0,0
153.3,0,0,0,0,0,0,0
153.4,0,0,0,0,0,0,0
153.5,0,0,0,0,0,0,0
153.60000000000002,0,0,0,0,0,0,0
153.70000000000002,0,0,0,0,0,0,0
153.8,0,0,0,0,0,0,0
153.9,0,0,0,0,0,0,0
154.0,0,0,0,0,0,0,0
154.10000000000002,0,0,0,0,0,0,0
154.20000000000002,0,0,0,0,0,0,0
154.3,0,0,0,0,0,0,0
154.4,0,0,0,0,0,0,0
154.5,0,0,0,0,0,0,0
154.60000000000002,0,0,0,0,0,0,0
154.70000000000002,0,0,0,0,0,0,0
154.8,0,0,0,0,0,0,0
154.9,0,0,0,0,0,0,0
155.0,0,0,0,0,0,0,0
155.10000000000002,0,0,0,0,0,0,0
155.20000000000002,0,0,0,0,0,0,0
155.3,0,0,0,0,0,0,0
155.4,0,0,0,0,0,0,0
155.5,0,0,0,0,0,0,0
155.60000000000002,0,0,0,0,0,0,0
155.70000000000002,0,0,0,0,0,0,0
155.8,0,0,0,0,0,0,0
155.9,0,0,0,0,0,0,0
156.0,0,0,0,0,0,0,0
156.10000000000002,0,0,0,0,0,0,0
156.20000000000002,0,0,0,0,0,0,0
156.3,0,0,0,0,0,0,0
156.4,0,0,0,0,0,0,0
156.5,0,0,0,0,0,0,0
156.60000000000002,0,0,0,0,0,0,0
156.70000000000002,0,0,0,0,0,0,0
156.8,0,0,0,0,0,0,0
156.9,0,0,0,0,0,0,0
157.0,0,0,0,0,0,0,0
157.10000000000002,0,0,0,0,0,0,0
157.20000000000002,0,0,0,0,0,0,0
157.3,0,0,0,0,0,0,0
157.4,0,0,0,0,0,0,0
157.5,0,0,0,0,0,0,0
157.60000000000002,0,0,0,0,0,0,0
157.70000000000002,0,0,0,0,0,0,0
157.8,0,0,0,0,0,0,0
157.9,0,0,0,0,0,0,1
158.0,0,0,0,0,0,0,1
158.10000000000002,0,0,0,0,0,0,1
158.20000000000002,0,0,0,0,0,0,1
158.3,0,0,0,0,0,0,1
158.4,0,0,0,0,0,0,1
158.5,0,0,0,0,0,0,1
158.60000000000002,0,0,0,0,0,0,0
158.70000000000002,0,0,0,0,0,0,0
158.8,0,0,0,0,0,0,0
158.9,0,0,0,1,0,0,0
159.0,0,0,0,1,0,0,0
159.10000000000002,0,0,0,1,0,0,0
159.20000000000002,0,0,0,1,0,0,0
159.3,0,0,0,1,0,0,0
159.4,0,0,0,1,0,0,0
159.5,0,0,0,1,0,0,0
159.60000000000002,0,0,0,1,0,0,0
159.70000000000002,0,0,0,1,0,0,0
159.8,0,0,0,0,0,0,0
159.9,0,0,0,0,0,0,0
160.0,0,0,0,0,0,0,0
160.10000000000002,0,0,0,0,0,0,0
160.20000000000002,0,0,0,0,0,0,0
160.3,0,0,0,0,0,0,0
160.4,0,0,0,0,0,0,0
160.5,0,0,0,0,0,0,0
160.60000000000002,0,0,0,0,0,0,0
160.70000000000002,0,0,0,0,0,0,0
160.8,0,0,0,0,0,0,0
160.9,0,1,0,1,0,0,0
161.0,0,1,0,1,0,0,0
161.10000000000002,0,1,0,1,0,0,0
161.20000000000002,0,1,0,1,0,0,0
161.3,0,1,0,1,0,0,0
161.4,0,1,0,1,0,0,0
161.5,0,1,0,1,0,0,0
161.60000000000002,0,1,0,1,0,0,0
161.70000000000002,0,1,0,0,0,1,0
161.8,0,1,0,0,0,1,0
161.9,0,1,0,0,0,1,0
162.0,0,1,0,0,0,1,0
162.10000000000002,0,1,0,0,0,1,0
162.20000000000002,0,1,0,0,0,1,0
162.3,0,1,0,0,0,1,0
162.4,0,1,0,0,0,1,0
162.5,0,1,0,0,0,1,0
162.60000000000002,0,1,0,1,0,0,0
162.70000000000002,0,1,0,1,0,0,0
162.8,0,1,0,1,0,0,0
162.9,0,1,0,1,0,0,0
163.0,0,1,0,1,0,0,0
163.10000000000002,0,1,0,1,0,0,0
163.20000000000002,0,1,0,0,0,0,0
163.3,0,0,0,0,0,0,0
163.4,0,0,0,0,0,0,0
163.5,0,0,0,0,0,0,0
163.60000000000002,0,0,0,0,0,0,0
163.70000000000002,0,0,0,0,0,0,0
163.8,0,0,0,0,0,0,0
163.9,0,0,0,0,0,0,0
164.0,0,0,0,0,0,0,0
164.10000000000002,0,0,0,0,0,0,0
164.20000000000002,0,0,0,0,0,0,0
164.3,0,0,0,0,0,0,0
164.4,0,0,0,0,0,0,0
164.5,0,0,0,0,0,0,0
164.60000000000002,0,0,0,0,0,0,0
164.70000000000002,0,0,0,0,0,0,0
164.8,0,0,0,0,0,0,0
164.9,0,0,0,0,0,0,0
165.0,0,0,0,0,0,0,0
165.10000000000002,0,0,0,0,0,0,0
165.20000000000002,0,0,0,0,0,0,0
165.3,0,0,0,1,0,0,0
165.4,0,0,0,1,0,0,0
165.5,0,1,0,1,0,0,0
165.60000000000002,0,1,0,1,0,0,0
165.70000000000002,0,1,0,1,0,0,0
165.8,0,1,1,1,0,0,0
165.9,0,1,1,1,0,0,0
166.0,0,1,1,1,0,0,0
166.10000000000002,0,1,1,1,0,0,0
166.20000000000002,0,1,1,1,0,0,0
166.3,0,1,1,1,0,0,0
166.4,0,1,1,1,0,0,0
166.5,0,1,1,1,0,0,0
166.60000000000002,0,0,1,1,0,0,0
166.70000000000002,0,0,1,1,0,0,0
166.8,0,0,0,1,0,0,0
166.9,0,0,0,1,0,0,0
167.0,0,0,0,1,0,0,0
167.10000000000002,0,0,0,1,0,0,0
167.20000000000002,0,0,0,1,0,0,0
167.3,0,0,0,1,0,0,0
167.4,0,0,0,1,0,0,0
167.5,0,0,0,1,0,0,0
167.60000000000002,0,0,0,1,0,0,0
167.70000000000002,0,0,0,1,0,0,0
167.8,0,0,0,1,0,0,0
167.9,0,0,0,1,0,0,0
168.0,0,0,0,1,0,0,0
168.10000000000002,0,1,0,1,0,0,0
168.20000000000002,0,1,0,1,0,0,0
168.3,0,1,0,0,0,0,0
168.4,0,1,0,0,0,0,0
168.5,0,1,0,0,0,0,0
168.60000000000002,0,1,0,0,0,0,0
168.70000000000002,0,1,0,0,0,0,0
168.8,0,1,0,0,0,0,0
168.9,0,1,0,0,0,0,0
169.0,0,1,0,0,0,0,0
169.10000000000002,0,1,0,0,0,0,0
169.20000000000002,0,1,0,0,0,0,0
169.3,0,1,0,0,0,0,0
169.4,0,1,0,0,0,0,0
169.5,0,1,0,1,0,0,0
169.60000000000002,0,1,0,1,0,0,0
169.70000000000002,0,1,0,1,0,0,0
169.8,0,1,0,1,0,0,0
169.9,0,1,0,1,0,0,0
170.0,0,1,0,1,0,0,0
170.10000000000002,0,1,0,1,0,0,0
170.20000000000002,0,1,0,1,0,0,0
170.3,0,1,0,1,0,1,0
170.4,0,1,0,1,0,1,0
170.5,0,1,0,1,0,1,0
170.60000000000002,0,0,0,0,0,1,0
170.70000000000002,0,0,0,0,0,1,0
170.8,0,0,0,0,0,1,0
170.9,0,0,0,0,0,1,0
171.0,0,0,0,0,0,1,0
171.10000000000002,0,0,0,0,0,1,0
171.20000000000002,0,0,0,0,0,0,0
171.3,0,0,0,0,0,0,0
171.4,0,0,0,0,0,0,0
171.5,0,0,0,0,0,0,0
171.60000000000002,0,0,0,0,0,0,0
171.70000000000002,0,0,0,0,0,0,0
171.8,0,0,0,0,0,0,0
171.9,0,0,0,0,0,0,0
172.0,0,0,0,0,0,0,0
172.10000000000002,0,0,0,0,0,0,0
172.20000000000002,0,0,0,0,0,0,0
172.3,0,0,0,0,0,0,0
172.4,0,0,0,0,0,0,0
172.5,0,0,0,0,0,0,1
172.60000000000002,0,0,0,0,0,0,1
172.70000000000002,0,0,0,0,0,0,1
172.8,0,0,0,0,0,0,1
172.9,0,0,0,0,0,0,1
173.0,0,0,0,0,0,0,1
173.10000000000002,0,0,0,0,0,0,1
173.20000000000002,0,0,0,0,0,0,1
173.3,0,0,0,0,0,0,1
173.4,0,0,0,0,0,0,1
173.5,0,0,0,0,0,0,1
173.60000000000002,0,0,0,0,0,0,1
173.70000000000002,0,0,0,0,0,0,1
173.8,0,0,0,0,0,0,1
173.9,0,0,0,0,0,0,1
174.0,0,0,0,0,0,0,1
174.10000000000002,0,0,0,0,0,0,1
174.20000000000002,0,0,0,0,0,0,1
174.3,0,0,0,0,0,0,1
174.4,0,0,0,0,0,0,1
174.5,0,0,0,0,0,0,1
174.60000000000002,0,0,0,0,0,0,1
174.70000000000002,0,0,0,0,0,0,1
174.8,0,0,0,0,0,0,1
174.9,0,0,0,1,0,0,1
175.0,0,0,0,1,0,0,1
175.10000000000002,0,0,0,1,0,0,1
175.20000000000002,0,0,0,1,0,0,1
175.3,0,0,0,1,0,0,1
175.4,0,0,0,1,0,0,1
175.5,0,0,0,1,0,0,1
175.60000000000002,0,0,0,1,0,0,1
175.70000000000002,0,0,0,1,0,0,1
175.8,0,0,0,1,0,0,1
175.9,0,0,0,1,0,0,1
176.0,0,0,0,1,0,0,1
176.10000000000002,0,0,0,1,0,0,1
176.20000000000002,0,0,0,1,0,0,1
176.3,0,0,0,1,0,0,1
176.4,0,0,0,1,0,0,0
176.5,0,0,0,1,0,0,0
176.60000000000002,0,0,0,1,0,0,0
176.70000000000002,0,0,0,0,0,0,0
176.8,0,0,0,0,0,0,0
176.9,0,0,0,0,0,0,0
177.0,0,0,0,0,0,0,0
177.10000000000002,0,0,0,0,0,0,0
177.20000000000002,0,0,0,0,0,0,0
177.3,0,0,0,0,0,0,0
177.4,0,0,0,0,0,0,0
177.5,0,0,0,0,0,0,0
177.60000000000002,0,0,0,0,0,0,0
177.70000000000002,0,0,0,0,0,0,0
177.8,0,0,0,0,0,0,0
177.9,0,0,0,0,0,0,0
178.0,0,0,0,0,0,0,0
178.10000000000002,0,0,0,0,0,0,0
178.20000000000002,0,0,0,0,0,0,0
178.3,0,0,0,1,0,0,0
178.4,0,1,0,1,0,0,0
178.5,0,1,0,1,0,0,0
178.60000000000002,0,1,0,1,0,1,0
178.70000000000002,0,1,0,1,0,1,0
178.8,0,1,0,1,0,1,0
178.9,0,1,0,1,0,1,0
179.0,0,1,0,1,0,1,0
179.10000000000002,0,1,0,1,0,1,0
179.20000000000002,0,1,0,1,0,1,0
179.3,0,1,0,1,0,1,0
179.4,0,1,0,1,0,1,0
179.5,0,1,0,1,0,1,0
179.60000000000002,0,1,0,1,0,1,0
179.70000000000002,0,1,0,1,0,0,0
179.8,0,1,0,1,0,0,0
179.9,0,1,0,1,0,0,0
180.0,0,1,0,1,0,0,0
180.10000000000002,0,1,0,1,0,0,0
180.2,0,1,0,1,0,0,0
180.3,0,1,0,1,0,0,0
180.4,0,1,0,0,0,0,0
180.5,0,0,0,0,0,0,0
180.6,0,0,0,0,0,0,0
180.7,0,0,0,0,0,0,0
180.8,0,0,0,0,0,0,0
180.9,0,0,0,0,0,0,0
181.0,0,0,0,0,0,0,0
181.1,0,0,0,0,0,0,0
181.2,0,0,0,0,0,0,0
181.3,0,0,0,0,0,0,0
181.4,0,0,0,0,0,0,0
181.5,0,0,0,0,0,0,0
181.6,0,0,0,0,0,0,0
181.7,0,0,0,0,0,0,0
181.8,0,0,0,0,0,0,0
181.9,0,0,0,0,0,0,0
182.0,0,0,0,0,0,0,0
182.1,0,0,0,0,0,0,0
182.2,0,0,0,0,0,0,0
182.3,0,0,0,0,0,0,0
182.4,0,0,0,0,0,0,0
182.5,0,0,0,0,0,0,0
182.6,0,0,0,0,0,0,0
182.7,0,0,0,0,0,0,0
182.8,0,0,0,0,0,0,0
182.9,0,0,0,0,0,0,0
183.0,0,0,0,0,0,0,0
183.1,0,0,0,0,0,0,0
183.2,0,0,0,0,0,0,0
183.3,0,0,0,0,0,0,0
183.4,0,0,0,0,0,0,0
183.5,0,0,0,0,0,0,0
183.6,0,0,0,0,0,0,0
183.7,0,0,0,0,0,0,0
183.8,0,0,0,0,0,0,0
183.9,0,0,0,0,0,0,0
184.0,0,0,0,0,0,0,0
184.1,0,0,0,0,0,0,0
184.2,0,0,0,0,0,0,0
184.3,0,0,0,0,0,0,0
184.4,0,0,0,0,0,0,0
184.5,0,0,0,0,0,0,0
184.6,0,0,0,0,0,0,0
184.7,0,0,0,0,0,0,0
184.8,0,0,0,0,0,0,0
184.9,0,0,0,0,0,0,0
185.0,0,0,0,0,0,0,0
185.1,0,0,0,0,0,0,0
185.2,0,0,0,0,0,0,0
185.3,0,0,0,0,0,0,0
185.4,0,0,0,0,0,0,0
185.5,0,0,0,0,0,0,0
185.6,0,0,0,0,0,0,0
185.7,0,0,0,0,0,0,0
185.8,0,0,0,0,0,0,0
185.9,0,0,0,0,0,0,0
186.0,0,0,0,0,0,0,0
186.1,0,0,0,0,0,0,0
186.2,0,0,0,0,0,0,0
186.3,0,0,0,0,0,0,0
186.4,0,0,0,0,0,0,0
186.5,0,0,0,0,0,0,0
186.6,0,0,0,0,0,0,0
186.7,0,0,0,0,0,0,0
186.8,0,0,0,0,0,0,0
186.9,0,0,0,0,0,0,0
187.0,0,0,0,0,0,0,0
187.1,0,0,0,0,0,0,0
187.2,0,0,0,0,0,0,0
187.3,0,0,0,0,0,1,0
187.4,0,0,0,0,0,1,0
187.5,0,0,0,0,0,1,0
187.6,0,0,0,0,0,1,0
187.7,0,0,0,0,0,1,0
187.8,0,0,0,0,0,1,0
187.9,0,0,0,0,0,1,0
188.0,0,0,0,0,0,0,0
188.1,0,0,0,0,0,0,0
188.2,0,0,0,0,0,0,0
188.3,0,0,0,0,0,0,0
188.4,0,0,0,0,0,0,0
188.5,0,0,0,0,0,0,0
188.6,0,0,0,0,0,0,0
188.7,0,0,0,0,0,0,0
188.8,0,0,0,0,0,0,0
188.9,0,0,0,0,0,0,0
189.0,0,0,0,0,0,0,0
189.1,0,0,0,0,0,0,0
189.2,0,0,0,0,0,0,0
189.3,0,0,0,0,0,0,0
189.4,0,0,0,0,0,0,0
189.5,0,0,0,0,0,0,0
189.6,0,0,0,0,0,0,0
189.7,0,0,0,0,0,0,0
189.8,0,0,0,0,0,0,0
189.9,0,0,0,0,0,0,0
190.0,0,0,0,0,0,0,0
190.1,0,0,0,0,0,0,0
190.2,0,0,0,0,0,0,0
190.3,0,0,0,0,0,0,0
190.4,0,0,0,0,0,0,0
190.5,0,0,0,0,0,0,0
190.6,0,0,0,0,0,0,0
190.7,0,0,0,0,0,0,0
190.8,0,0,0,0,0,0,0
190.9,0,0,0,0,0,0,0
191.0,0,0,0,0,0,1,0
191.1,0,0,0,0,0,1,0
191.2,0,0,0,0,0,1,0
191.3,0,0,0,0,0,1,0
191.4,0,0,0,0,0,1,1
191.5,0,0,0,0,0,1,1
191.6,0,0,0,0,0,1,1
191.7,0,0,0,0,0,1,1
191.8,0,0,0,0,0,1,0
191.9,0,0,0,0,0,1,0
192.0,0,0,0,0,0,1,0
192.1,0,0,0,0,0,1,0
192.2,0,0,0,0,0,1,0
192.3,0,0,0,0,0,1,0
192.4,0,0,0,0,0,1,0
192.5,0,0,0,0,0,1,0
192.6,0,0,0,0,0,1,0
192.7,0,0,0,0,0,1,0
192.8,0,0,0,0,0,0,0
192.9,0,0,0,0,0,0,0
193.0,0,0,0,0,0,0,0
193.1,0,0,0,0,0,0,0
193.2,0,0,0,0,0,0,0
193.3,0,0,0,0,0,0,0
193.4,0,0,0,0,0,0,0
193.5,0,0,0,0,0,0,0
193.6,0,0,0,0,0,0,0
193.7,0,0,0,0,0,0,0
193.8,0,0,0,0,0,0,0
193.9,0,0,0,0,0,0,0
194.0,0,0,0,0,0,0,0
194.1,0,0,0,0,0,0,0
194.2,0,0,0,0,0,0,0
194.3,0,0,0,0,0,0,0
194.4,0,0,0,0,0,0,0
194.5,0,0,0,0,0,0,0
194.6,0,0,0,0,0,0,0
194.7,0,0,0,0,0,0,0
194.8,0,0,0,0,0,0,0
194.9,0,0,0,0,0,0,0
195.0,0,0,0,0,0,0,0
195.1,0,0,0,0,0,0,0
195.2,0,0,0,0,0,0,0
195.3,0,0,0,0,0,0,0
195.4,0,0,0,0,0,0,0
195.5,0,0,0,0,0,0,0
195.6,0,0,0,0,0,0,0
195.7,0,0,0,0,0,0,0
195.8,0,0,0,0,0,0,0
195.9,0,0,0,0,0,0,0
196.0,0,0,0,0,0,0,0
196.1,0,0,0,0,0,0,0
196.2,0,0,0,0,0,0,0
196.3,0,0,0,0,0,0,0
196.4,0,0,0,0,0,0,0
196.5,0,0,0,0,0,0,0
196.6,0,0,0,0,0,0,0
196.7,0,0,0,0,0,0,0
196.8,0,0,0,0,0,0,0
196.9,0,0,0,0,0,0,0
197.0,0,0,0,0,0,0,0
197.1,0,0,0,0,0,0,0
197.2,0,0,0,0,0,0,0
197.3,0,0,0,0,0,0,0
197.4,0,0,0,0,0,0,0
197.5,0,0,0,0,0,0,0
197.6,0,0,0,0,0,0,0
197.7,0,0,0,0,0,0,0
197.8,0,0,0,0,0,0,0
197.9,0,0,0,0,0,0,0
198.0,0,0,0,0,0,0,0
198.1,0,0,0,0,0,0,0
198.2,0,0,0,0,0,0,0
198.3,0,0,0,0,0,0,0
198.4,0,0,0,0,0,0,0
198.5,0,0,0,0,0,0,0
198.6,0,0,0,0,0,0,0
198.7,0,0,0,0,0,0,0
198.8,0,0,0,0,0,0,0
198.9,0,0,0,0,0,0,0
199.0,0,0,0,0,0,0,0
199.1,0,0,0,0,0,0,0
199.2,0,0,0,0,0,0,0
199.3,0,0,0,0,0,0,0
199.4,0,1,0,0,0,0,0
199.5,0,1,0,0,0,0,0
199.6,0,1,0,0,0,0,0
199.7,0,1,0,0,0,0,0
199.8,0,1,0,0,0,0,0
199.9,0,1,0,0,0,0,0
200.0,0,0,0,0,0,0,0
200.1,0,0,0,0,0,0,0
200.2,0,0,0,0,0,0,0
200.3,0,0,0,0,0,0,0
200.4,0,0,0,0,0,0,0
200.5,0,0,0,1,0,0,0
200.6,0,0,0,1,0,0,0
200.7,0,0,0,1,0,0,0
200.8,0,0,0,1,0,0,0
200.9,0,0,0,1,0,0,0
201.0,0,0,1,1,0,0,0
201.1,0,1,1,1,0,0,0
201.2,0,1,1,1,0,0,0
201.3,0,1,1,1,0,0,0
201.4,0,1,1,1,0,0,0
201.5,0,1,1,1,0,0,0
201.6,0,0,1,1,0,0,0
201.7,0,0,1,1,0,0,0
201.8,0,0,1,1,0,0,0
201.9,0,0,0,1,0,0,0
202.0,0,0,0,1,0,0,0
202.1,0,0,0,1,0,0,0
202.2,0,0,0,1,0,0,0
202.3,0,0,0,1,0,0,0
202.4,0,0,0,1,0,0,0
202.5,0,0,0,1,0,0,0
202.6,0,0,0,1,0,0,0
202.7,0,0,0,1,0,0,0
202.8,0,0,0,1,0,0,0
202.9,0,0,0,1,0,0,0
203.0,0,0,0,1,0,0,0
203.1,0,0,0,1,0,0,0
203.2,0,0,0,0,0,0,0
203.3,0,0,0,0,0,0,0
203.4,0,0,0,0,0,0,0
203.5,0,0,0,0,0,0,0
203.6,0,0,0,0,0,0,0
203.7,0,0,0,0,0,0,0
203.8,0,0,0,0,0,0,0
203.9,0,0,0,0,0,0,0
204.0,0,0,0,0,0,0,0
204.1,0,0,0,0,0,0,0
204.2,0,0,0,0,0,0,0
204.3,0,0,0,0,0,0,0
204.4,0,0,0,0,0,0,0
204.5,0,0,0,0,0,0,0
204.6,0,0,0,0,0,0,0
204.7,0,0,0,0,0,0,0
204.8,0,0,0,0,0,0,0
204.9,0,0,0,0,0,0,0
205.0,0,0,0,0,0,0,0
205.1,0,0,0,0,0,0,0
205.2,0,0,0,0,0,0,0
205.3,0,0,0,0,0,0,0
205.4,0,0,0,0,0,0,0
205.5,0,0,0,0,0,0,0
205.6,0,0,0,0,0,0,0
205.7,0,0,0,0,0,0,0
205.8,0,0,0,0,0,0,0
205.9,0,0,0,0,0,0,0
206.0,0,0,0,0,0,0,0
206.1,0,0,0,0,0,1,0
206.2,0,0,0,0,0,1,0
206.3,0,0,0,0,0,1,0
206.4,0,0,0,0,0,1,0
206.5,0,0,0,0,0,1,0
206.6,0,0,0,0,0,0,0
206.7,0,0,0,0,0,0,0
206.8,0,0,0,0,0,0,0
206.9,0,0,0,0,0,0,0
207.0,0,0,0,0,0,0,0
207.1,0,0,0,0,0,1,0
207.2,0,0,0,0,0,1,0
207.3,0,0,0,0,0,1,0
207.4,0,0,0,0,0,1,0
207.5,0,0,0,0,0,1,0
207.6,0,0,0,0,0,1,0
207.7,0,0,0,0,0,1,0
207.8,0,0,0,0,0,1,0
207.9,0,0,0,0,0,1,0
208.0,0,0,0,0,0,1,0
208.1,0,0,0,0,0,1,0
208.2,0,0,0,0,0,1,0
208.3,0,0,0,0,0,1,0
208.4,0,0,0,0,0,1,0
208.5,0,0,0,0,0,1,0
208.6,0,0,0,0,0,1,0
208.7,0,0,0,0,0,1,0
208.8,0,0,0,0,0,1,0
208.9,0,0,0,0,0,1,0
209.0,0,0,0,0,0,1,0
209.1,0,0,0,0,0,1,0
209.2,0,0,0,0,0,1,0
209.3,0,0,0,0,0,1,0
209.4,0,0,0,0,0,1,0
209.5,0,0,0,0,0,1,0
209.6,0,0,0,0,1,0,0
209.7,0,0,0,0,1,0,0
209.8,0,0,0,0,1,0,0
209.9,0,0,0,0,1,0,0
210.0,0,0,0,0,1,0,0
210.1,0,0,0,0,1,0,0
210.2,0,0,0,0,1,0,0
210.3,0,0,0,0,1,0,0
210.4,0,0,0,0,1,0,0
210.5,0,0,0,0,1,0,0
210.6,0,0,0,0,1,0,0
210.7,0,0,0,0,1,0,0
210.8,0,0,0,0,1,0,0
210.9,0,0,0,0,1,0,0
211.0,0,0,0,0,1,0,0
211.1,0,0,0,0,1,0,0
211.2,0,0,0,0,1,0,0
211.3,0,0,0,0,1,0,0
211.4,0,0,0,0,1,0,0
211.5,0,0,0,0,1,0,0
211.6,0,0,0,0,1,0,0
211.7,0,1,0,0,1,0,0
211.8,0,1,0,0,1,0,0
211.9,0,1,0,0,1,0,0
212.0,0,1,0,0,1,0,0
212.1,0,1,0,0,1,0,0
212.2,0,1,0,0,1,0,0
212.3,0,1,0,0,1,0,0
212.4,0,1,0,0,1,0,0
212.5,0,0,0,0,1,0,0
212.6,0,0,0,0,1,0,0
212.7,0,0,0,0,1,0,0
212.8,0,0,0,0,1,0,0
212.9,0,0,0,0,1,0,0
213.0,0,0,0,0,1,0,0
213.1,0,0,0,0,1,0,0
213.2,0,0,0,0,1,0,0
213.3,0,0,0,0,1,0,0
213.4,0,0,0,0,1,0,0
213.5,0,0,0,0,1,0,0
213.6,0,0,0,0,1,0,0
213.7,0,0,0,0,1,0,0
213.8,0,0,0,0,1,0,0
213.9,0,0,0,0,1,0,0
214.0,0,0,0,0,1,0,0
214.1,0,0,0,0,1,0,0
214.2,0,0,0,0,1,0,0
214.3,0,0,0,0,1,0,0
214.4,0,0,0,0,1,0,0
214.5,0,0,0,0,1,0,0
214.6,0,0,0,0,0,0,0
214.7,0,0,0,0,0,0,0
214.8,0,0,0,0,0,0,0
214.9,0,0,0,0,0,0,0
215.0,0,0,0,0,0,0,0
215.1,0,0,0,0,0,0,0
215.2,0,0,0,0,0,0,0
215.3,0,0,0,0,0,0,0
215.4,0,0,0,0,0,0,0
215.5,0,0,0,0,0,0,0
215.6,0,0,0,0,0,0,0
215.7,0,0,0,0,0,0,0
215.8,0,0,0,0,0,0,0
215.9,0,0,0,0,0,0,0
216.0,0,0,0,0,0,0,0
216.1,0,0,0,0,0,0,0
216.2,0,0,0,0,0,0,0
216.3,0,0,0,0,0,0,0
216.4,0,0,0,0,0,0,0
216.5,0,0,0,0,0,0,0
216.6,0,0,0,0,0,0,0
216.7,0,0,0,0,0,0,1
216.8,0,0,0,0,0,0,1
216.9,0,0,0,0,0,0,1
217.0,0,0,0,0,0,0,1
217.1,0,0,0,0,0,0,1
217.2,0,0,0,0,0,0,1
217.3,0,0,0,0,0,0,0
217.4,0,0,0,0,0,0,0
217.5,0,0,0,0,0,0,0
217.6,0,0,0,0,0,0,0
217.7,0,0,0,0,0,0,0
217.8,0,0,0,0,0,0,0
217.9,0,0,0,0,0,0,0
218.0,0,0,0,0,0,0,0
218.1,0,0,0,0,0,0,0
218.2,0,0,0,0,0,0,0
218.3,0,0,0,0,0,0,0
218.4,0,0,0,0,0,0,1
218.5,0,0,0,0,0,0,1
218.6,0,0,0,0,0,0,1
218.7,0,0,0,0,0,0,1
218.8,0,0,0,0,0,0,1
218.9,0,0,0,0,0,0,1
219.0,0,0,0,0,0,0,1
219.1,0,0,0,0,0,0,1
219.2,0,0,0,0,0,0,1
219.3,0,0,0,0,0,0,1
219.4,0,0,0,0,0,0,1
219.5,0,0,0,0,0,0,1
219.6,0,0,0,0,0,0,1
219.7,0,0,0,0,0,0,1
219.8,0,0,0,0,0,0,1
219.9,0,0,0,0,0,0,1
220.0,0,0,0,0,0,0,1
220.1,0,0,0,0,0,0,1
220.2,0,0,0,0,0,0,1
220.3,0,0,0,0,0,0,1
220.4,0,0,0,0,0,0,1
220.5,0,0,0,0,0,0,0
220.6,0,0,0,0,0,1,0
220.7,0,0,0,0,0,1,0
220.8,0,0,0,0,0,1,0
220.9,0,0,0,0,0,1,0
221.0,0,0,0,0,0,1,0
221.1,0,0,0,0,0,1,0
221.2,0,0,0,0,0,1,0
221.3,0,0,0,0,0,1,0
221.4,0,0,0,0,0,1,0
221.5,0,0,0,0,0,1,0
221.6,0,0,0,0,0,1,0
221.7,0,0,0,0,0,1,0
221.8,0,0,0,0,0,1,0
221.9,0,0,0,0,0,1,0
222.0,0,0,0,0,0,1,0
222.1,0,0,0,0,0,1,0
222.2,0,0,0,0,0,1,0
222.3,0,0,0,0,0,1,0
222.4,0,0,0,0,0,1,0
222.5,0,0,0,0,0,1,0
222.6,0,0,0,0,0,1,0
222.7,0,0,0,0,0,1,0
222.8,0,0,0,0,0,1,0
222.9,0,0,0,0,0,1,0
223.0,0,0,0,0,0,1,0
223.1,0,0,0,0,0,1,0
223.2,0,0,0,0,0,1,0
223.3,0,0,0,0,0,1,0
223.4,0,0,0,0,0,1,0
223.5,0,0,0,0,0,1,0
223.6,0,0,0,0,0,1,0
223.7,0,0,0,0,0,1,0
223.8,0,0,0,0,0,1,0
223.9,0,0,0,0,0,1,0
224.0,0,0,0,0,0,1,0
224.1,0,0,0,0,0,1,0
224.2,0,0,0,0,0,1,0
224.3,0,0,1,0,0,1,0
224.4,0,0,1,0,0,1,0
224.5,0,0,1,0,0,1,0
224.6,0,0,1,0,0,1,0
224.7,0,0,1,0,0,1,0
224.8,0,0,1,0,0,1,0
224.9,0,0,1,0,0,1,0
225.0,0,0,1,0,0,1,0
225.1,0,0,1,0,0,1,0
225.2,0,0,1,0,0,1,0
225.3,0,0,1,0,0,1,0
225.4,0,0,1,0,0,0,0
225.5,0,0,1,0,0,0,0
225.6,0,0,1,0,0,0,0
225.7,0,0,1,1,0,0,0
225.8,0,0,1,1,0,0,0
225.9,0,0,1,1,0,0,0
226.0,0,0,1,1,0,0,0
226.1,0,0,1,1,0,0,0
226.2,0,0,1,1,0,0,0
226.3,0,1,1,1,0,0,0
226.4,0,1,1,1,0,0,0
226.5,0,1,1,1,0,0,0
226.6,0,1,1,1,0,0,0
226.7,0,1,1,1,0,0,0
226.8,0,1,1,1,0,0,0
226.9,0,1,1,0,0,0,0
227.0,0,1,1,0,0,0,0
227.1,0,1,0,0,0,0,0
227.2,0,0,0,0,0,0,0
227.3,0,0,0,0,0,0,0
227.4,0,0,0,0,0,0,1
227.5,0,0,0,0,0,0,1
227.6,0,0,0,0,0,0,1
227.7,0,0,0,0,0,0,1
227.8,0,0,0,0,0,0,1
227.9,0,0,0,0,0,0,1
228.0,0,0,0,0,0,0,1
228.1,0,0,0,0,0,0,1
228.2,0,0,0,0,0,0,1
228.3,0,0,0,0,0,0,1
228.4,0,0,0,0,0,0,1
228.5,0,0,0,0,0,0,1
228.6,0,0,0,0,0,0,1
228.7,0,0,0,0,0,0,1
228.8,0,0,0,0,0,0,1
228.9,0,0,0,0,0,0,1
229.0,0,0,0,0,0,0,1
229.1,0,0,0,0,0,0,0
229.2,0,0,0,0,0,0,0
229.3,0,0,0,0,0,0,0
229.4,0,0,0,0,0,0,0
229.5,0,0,0,0,0,0,0
229.6,0,0,0,0,0,0,0
229.7,0,0,0,0,0,0,0
229.8,0,0,0,0,0,0,0
229.9,0,0,0,0,0,0,0
230.0,0,0,0,0,0,0,0
230.1,0,0,0,0,0,0,0
230.2,0,0,0,0,0,0,0
230.3,0,0,0,0,0,0,0
230.4,0,0,0,0,0,0,0
230.5,0,0,0,0,0,0,0
230.6,0,0,0,0,0,0,0
230.7,0,0,0,0,0,0,1
230.8,0,0,0,0,0,0,1
230.9,0,0,0,0,0,0,1
231.0,0,0,0,0,0,0,1
231.1,0,0,0,0,0,0,1
231.2,0,0,0,0,0,0,1
231.3,0,0,0,0,0,0,1
231.4,0,0,0,0,0,0,1
231.5,0,0,0,0,0,0,1
231.6,0,0,0,0,0,0,1
231.7,0,0,0,0,0,0,1
231.8,0,0,0,0,0,0,1
231.9,0,0,0,0,0,0,1
232.0,0,0,0,0,0,0,1
232.1,0,0,0,0,0,0,1
232.2,0,0,0,0,0,0,1
232.3,0,0,0,0,0,0,1
232.4,0,0,0,0,0,0,1
232.5,0,0,0,0,0,0,1
232.6,0,0,0,0,0,0,1
232.7,0,0,0,0,0,0,1
232.8,0,0,0,0,0,0,1
232.9,0,0,0,0,0,0,1
233.0,0,0,0,0,0,0,1
233.1,0,0,0,0,0,0,1
233.2,0,0,0,0,0,0,1
233.3,0,0,0,0,0,0,1
233.4,0,0,0,0,0,1,1
233.5,0,0,0,0,0,1,1
233.6,0,0,0,0,0,1,1
233.7,0,0,0,0,0,1,1
233.8,0,0,0,0,0,1,1
233.9,0,0,0,0,0,1,1
234.0,0,0,0,0,0,1,1
234.1,0,0,0,0,0,1,1
234.2,0,0,0,0,0,1,1
234.3,0,0,0,0,0,1,1
234.4,0,0,0,0,0,1,1
234.5,0,0,0,0,0,1,1
234.6,0,0,0,0,0,1,1
234.7,0,0,0,0,0,1,1
234.8,0,0,0,0,0,1,1
234.9,0,0,0,0,0,1,1
235.0,0,0,0,0,0,1,1
235.1,0,0,0,0,0,1,1
235.2,0,0,0,0,0,1,1
235.3,0,0,0,0,0,1,1
235.4,0,0,0,0,0,1,1
235.5,0,0,0,0,0,1,0
235.6,0,0,0,0,0,1,0
235.7,0,1,0,0,0,1,0
235.8,0,1,0,0,0,1,0
235.9,0,1,0,0,0,1,0
236.0,0,1,0,0,0,0,0
236.1,0,1,0,0,0,0,0
236.2,0,1,0,0,0,0,0
236.3,0,1,0,0,0,0,0
236.4,0,1,0,0,0,0,0
236.5,0,1,0,0,0,0,0
236.6,0,1,0,0,0,0,0
236.7,0,1,0,0,0,0,0
236.8,0,1,0,0,0,0,0
236.9,0,1,0,1,0,0,0
237.0,0,1,0,1,0,0,0
237.1,0,1,0,1,0,0,0
237.2,0,1,0,1,0,0,0
237.3,0,1,0,1,0,0,0
237.4,0,1,0,1,0,0,0
237.5,0,1,0,1,1,0,0
237.6,0,0,0,1,1,0,0
237.7,0,0,0,1,1,0,0
237.8,0,0,0,0,1,1,0
237.9,0,0,0,1,1,1,0
238.0,0,0,0,1,1,1,0
238.1,0,0,0,1,1,1,0
238.2,0,0,0,1,1,1,0
238.3,0,0,0,1,1,0,0
238.4,0,0,0,1,1,0,0
238.5,0,0,0,1,1,0,0
238.6,0,0,0,1,1,0,0
238.7,0,0,0,1,1,0,0
238.8,0,0,0,1,1,0,0
238.9,0,0,0,1,1,0,0
239.0,0,0,0,1,1,0,0
239.1,0,0,0,1,1,0,0
239.2,0,0,0,1,1,0,0
239.3,0,0,0,1,1,0,0
239.4,0,0,0,0,1,0,0
239.5,0,0,0,0,1,0,0
239.6,0,0,0,0,1,0,0
239.7,0,0,0,0,1,0,0
239.8,0,0,0,0,1,0,0
239.9,0,0,0,0,1,0,0
240.0,0,0,0,0,1,0,0
240.1,0,0,0,0,1,0,0
240.2,0,0,0,0,1,0,0
240.3,0,0,0,0,1,0,0
240.4,0,0,0,0,1,0,0
240.5,0,0,0,0,1,0,0
240.6,0,0,0,0,1,0,0
240.7,0,0,0,0,0,0,0
240.8,0,0,0,0,0,0,0
240.9,0,0,0,0,0,0,0
241.0,0,0,0,0,0,0,0
241.1,0,0,0,0,0,0,0
241.2,0,0,0,0,0,0,0
241.3,0,0,0,0,0,0,0
241.4,0,0,0,0,0,0,0
241.5,0,0,0,0,0,0,0
241.6,0,0,0,0,0,0,0
241.7,0,0,0,0,0,0,0
241.8,0,0,0,0,0,0,0
241.9,0,0,0,0,0,0,0
242.0,0,0,0,0,0,0,0
242.1,0,0,0,0,0,0,0
242.2,0,0,0,1,0,0,0
242.3,0,0,0,1,0,0,0
242.4,0,0,0,1,0,0,0
242.5,0,0,0,1,0,0,0
242.6,0,0,0,1,0,0,0
242.7,0,0,0,1,0,0,0
242.8,0,0,0,1,0,0,0
242.9,0,0,0,1,0,0,0
243.0,0,0,0,1,0,0,0
243.1,0,0,0,1,0,0,0
243.2,0,0,0,1,0,0,0
243.3,0,0,0,1,0,0,0
243.4,0,0,0,1,0,0,0
243.5,0,0,0,1,0,0,0
243.6,0,0,0,1,0,0,0
243.7,0,0,0,1,0,0,0
243.8,0,0,0,1,0,0,0
243.9,0,0,0,1,0,0,0
244.0,0,1,1,1,0,0,0
244.1,0,1,1,1,0,0,0
244.2,0,1,1,1,0,0,0
244.3,0,1,1,1,0,0,0
244.4,0,1,1,1,0,0,0
244.5,0,1,1,1,0,0,0
244.6,0,1,0,1,0,0,0
244.7,0,1,0,1,0,0,0
244.8,0,1,0,1,0,0,0
244.9,0,0,0,1,0,0,0
245.0,0,0,0,1,0,0,0
245.1,0,0,0,1,0,0,0
245.2,0,0,0,1,0,0,0
245.3,0,0,0,1,0,0,0
245.4,0,0,0,1,0,0,0
245.5,0,0,0,1,0,0,0
245.6,0,0,0,1,0,0,0
245.7,0,0,0,1,0,0,0
245.8,0,0,0,1,0,0,0
245.9,0,0,0,1,0,0,0
246.0,0,0,0,0,0,0,0
246.1,0,0,0,0,0,0,0
246.2,0,0,0,0,0,0,0
246.3,0,0,0,0,0,0,0
246.4,0,0,0,0,0,0,0
246.5,0,0,0,0,0,1,0
246.6,0,0,0,0,0,1,0
246.7,0,0,0,0,0,1,0
246.8,0,0,0,0,0,1,0
246.9,0,0,0,0,0,1,0
247.0,0,0,0,0,0,1,0
247.1,0,0,0,0,0,1,0
247.2,0,0,0,0,0,1,0
247.3,0,0,0,0,0,1,0
247.4,0,0,0,0,0,1,0
247.5,0,0,0,0,0,1,0
247.6,0,0,0,0,0,1,0
247.7,0,0,0,0,0,1,0
247.8,0,0,0,0,0,1,0
247.9,0,0,0,0,0,1,0
248.0,0,0,0,0,0,1,0
248.1,0,0,0,0,0,1,0
248.2,0,0,0,0,0,1,0
248.3,0,0,0,0,0,1,0
248.4,0,0,0,0,0,1,0
248.5,0,0,0,0,0,1,0
248.6,0,0,0,0,0,1,0
248.7,0,0,0,0,0,1,0
248.8,0,0,0,0,0,1,0
248.9,0,0,0,0,0,1,0
249.0,0,0,0,0,0,1,0
249.1,0,0,0,0,0,0,0
249.2,0,0,0,0,0,0,0
249.3,0,0,0,0,0,0,0
249.4,0,0,0,0,0,0,0
249.5,0,0,0,0,0,0,0
249.6,0,0,0,0,0,0,0
249.7,0,0,0,0,0,0,0
249.8,0,0,0,0,0,0,0
249.9,0,0,0,0,0,0,0
250.0,0,0,1,1,0,0,0
250.1,0,0,1,1,0,0,0
250.2,0,0,1,1,0,0,0
250.3,0,0,1,1,0,0,0
250.4,0,0,1,1,0,0,0
250.5,0,0,1,1,0,0,0
250.6,0,1,1,1,0,0,0
250.7,0,1,1,1,0,0,0
250.8,0,1,1,1,0,0,0
250.9,0,0,1,1,0,0,0
251.0,0,0,1,1,0,0,0
251.1,0,0,1,1,0,0,0
251.2,0,0,1,1,0,0,0
251.3,0,0,1,1,0,0,0
251.4,0,0,1,1,0,0,0
251.5,0,0,1,1,0,0,0
251.6,0,0,1,1,0,0,0
251.7,0,0,1,1,0,0,0
251.8,0,0,1,1,0,0,0
251.9,0,0,1,1,0,0,0
252.0,0,0,1,1,0,0,0
252.1,0,0,1,1,0,0,0
252.2,0,0,1,1,0,1,0
252.3,0,0,1,1,0,1,0
252.4,0,0,1,1,0,1,0
252.5,0,0,1,1,0,1,0
252.6,0,0,1,1,0,1,0
252.7,0,0,1,0,0,1,0
252.8,0,0,1,0,0,1,0
252.9,0,0,1,0,0,1,0
253.0,0,0,1,0,0,1,0
253.1,0,0,1,0,0,1,0
253.2,0,0,0,0,0,1,0
253.3,0,0,0,0,0,1,0
253.4,0,0,0,0,0,1,0
253.5,0,0,0,0,0,1,0
253.6,0,0,0,0,0,1,0
253.7,0,0,0,0,0,1,0
253.8,0,0,0,0,0,1,0
253.9,0,0,0,0,0,1,0
254.0,0,0,0,0,0,1,0
254.1,0,0,0,0,0,1,0
254.2,0,0,0,0,0,1,0
254.3,0,0,0,0,0,1,0
254.4,0,0,0,0,0,1,0
254.5,0,0,0,0,0,1,0
254.6,0,0,0,0,0,1,0
254.7,0,0,0,0,0,1,0
254.8,0,0,0,0,0,1,0
254.9,0,0,0,0,0,1,0
255.0,0,0,0,0,0,1,0
255.1,0,0,0,0,0,0,0
255.2,0,0,0,0,0,0,0
255.3,0,0,0,0,0,0,0
255.4,0,0,0,0,0,0,0
255.5,0,0,0,0,0,0,0
255.6,0,0,0,0,0,0,0
255.7,0,0,0,0,0,0,0
255.8,0,0,0,0,0,0,0
255.9,0,0,0,0,0,0,0
256.0,0,0,0,0,0,0,0
256.1,0,0,0,0,0,0,0
256.2,0,0,0,0,0,0,0
256.3,0,0,0,0,0,0,0
256.40000000000003,0,1,0,0,0,0,0
256.5,0,1,0,0,0,0,0
256.6,0,1,0,0,0,0,0
256.7,0,1,0,0,0,0,0
256.8,0,1,0,0,0,0,0
256.90000000000003,0,1,0,0,0,0,0
257.0,0,1,0,0,0,0,0
257.1,0,1,0,0,0,0,0
257.2,0,1,0,0,0,0,0
257.3,0,1,0,0,0,0,0
257.40000000000003,0,1,0,0,0,0,0
257.5,0,1,0,0,0,0,0
257.6,0,1,0,0,0,0,0
257.7,0,1,0,0,0,0,0
257.8,0,1,0,0,0,0,0
257.90000000000003,0,1,0,0,0,0,0
258.0,0,1,0,0,0,0,0
258.1,0,1,0,0,0,0,0
258.2,0,1,0,0,0,0,0
258.3,0,1,0,0,0,0,0
258.40000000000003,0,0,0,0,0,0,0
258.5,0,0,0,0,0,0,0
258.6,0,0,0,0,0,0,0
258.7,0,0,0,0,0,0,0
258.8,0,0,0,0,0,0,0
258.90000000000003,0,0,0,0,0,0,0
259.0,0,0,0,0,0,0,0
259.1,0,0,0,0,0,0,0
259.2,0,0,0,0,0,0,0
259.3,0,0,0,0,0,0,0
259.40000000000003,0,0,0,0,0,0,0
259.5,0,0,0,0,0,0,0
259.6,0,0,0,0,0,0,0
259.7,0,0,0,0,0,0,0
259.8,0,0,0,0,0,0,0
259.90000000000003,0,0,0,0,0,0,0
260.0,0,0,0,0,0,0,0
260.1,0,0,0,0,0,0,0
260.2,0,0,0,0,0,0,0
260.3,0,0,0,0,0,0,0
260.40000000000003,0,0,0,0,0,0,0
260.5,0,0,0,0,0,0,0
260.6,0,0,0,0,0,0,0
260.7,0,0,0,0,0,0,0
260.8,0,0,0,0,1,0,0
260.90000000000003,0,0,0,0,1,0,0
261.0,0,0,0,0,1,0,0
261.1,0,0,0,0,1,0,0
261.2,0,0,0,0,1,0,0
261.3,0,0,0,0,1,0,0
261.40000000000003,0,0,0,0,1,0,0
261.5,0,0,0,0,1,0,0
261.6,0,0,0,0,1,0,0
261.7,0,0,0,0,1,0,0
261.8,0,0,0,0,1,0,0
261.90000000000003,0,0,0,0,1,0,0
262.0,0,0,0,0,1,0,0
262.1,0,0,0,0,1,0,0
262.2,0,0,0,0,1,0,0
262.3,0,0,0,0,1,0,0
262.40000000000003,0,0,0,0,1,0,0
262.5,0,0,0,0,1,0,0
262.6,0,0,0,0,1,0,0
262.7,0,0,0,0,1,1,0
262.8,0,0,0,0,1,1,0
262.90000000000003,0,0,0,0,1,1,0
263.0,0,0,0,0,1,1,0
263.1,0,0,0,0,1,1,0
263.2,0,0,0,0,1,1,0
263.3,0,0,0,0,1,0,0
263.40000000000003,0,0,0,0,0,0,0
263.5,0,0,0,0,0,0,0
263.6,0,0,0,0,0,0,0
263.7,0,0,0,0,0,0,0
263.8,0,0,0,0,0,0,0
