time_ms,amp_mean,amp_std,amp_max,phase_std,i_mean,q_mean,label
8460,20.56,8.34,34.53,0.223,0.77,-20.33,1
8702,20.98,8.37,34.71,0.203,1.07,-20.79,1
8716,35.41,14.40,58.69,0.593,27.89,21.14,1
8734,31.62,13.35,53.94,0.441,31.25,2.41,1
8739,31.38,12.94,52.15,0.702,4.97,30.70,1
9209,30.48,12.38,48.76,0.152,-12.19,-27.66,1
9224,32.98,12.72,51.92,0.395,29.47,-13.85,1
9260,33.49,12.84,52.81,0.943,-29.65,14.87,1
9264,30.14,12.14,47.54,0.132,-14.60,-26.13,1
9702,30.91,11.43,45.61,0.422,29.52,-7.91,1
9719,31.53,12.53,48.30,1.170,-27.78,14.14,1
9756,32.80,12.74,48.92,0.390,23.08,-22.70,1
10211,32.94,12.44,49.65,0.377,32.37,-4.53,1
10223,34.08,12.86,52.15,0.501,33.34,5.11,1
10251,32.95,12.38,49.52,0.915,-22.99,23.22,1
10255,32.72,12.72,49.93,1.068,-27.96,16.47,1
10704,32.04,12.54,49.04,0.921,-11.19,29.72,1
10723,35.14,13.41,54.42,0.500,32.73,11.89,1
10747,35.60,13.82,54.71,0.311,18.90,-29.80,1
11214,31.66,12.89,51.62,0.347,26.99,-15.91,1
11224,31.21,12.45,50.64,1.257,-28.80,10.94,1
11234,31.30,12.88,51.87,0.628,20.98,22.67,1
11259,32.01,13.26,53.81,0.607,23.93,20.70,1
11707,31.92,13.93,57.45,0.351,24.32,-20.07,1
11717,32.03,14.28,57.08,0.810,5.38,31.11,1
11747,30.03,12.95,53.34,0.512,29.47,-1.63,1
11751,34.55,14.62,61.13,0.402,29.80,-16.10,1
12215,31.64,14.28,56.44,0.714,8.92,29.87,1
12231,31.49,14.38,56.82,0.616,-29.38,-9.92,1
12265,29.47,19.36,70.18,0.405,16.53,-23.50,1
12269,29.21,19.32,70.01,1.146,-20.43,19.75,1
12724,30.03,19.15,69.84,0.985,-15.81,24.35,1
12736,30.33,15.52,58.00,0.975,-15.94,25.04,1
12759,29.75,16.94,61.85,0.612,24.05,16.52,1
12764,27.09,15.58,56.52,0.236,-10.78,-24.30,1
12767,30.36,17.42,62.64,2.023,-28.49,-8.96,1
13206,33.76,15.43,61.47,0.806,-6.91,32.63,1
13219,35.40,15.59,63.32,2.769,-34.52,-5.45,1
13238,30.83,14.10,56.14,0.721,7.66,29.36,1
13241,31.73,14.14,58.19,2.794,-30.96,-4.80,1
13715,31.55,19.82,57.38,0.633,19.96,23.92,1
13753,32.39,12.63,50.93,0.973,-17.19,26.78,1
13794,31.96,11.89,51.35,0.242,-6.02,-30.61,1
13797,35.58,13.61,59.03,2.732,-34.62,3.09,1
14210,32.82,13.58,57.14,2.314,-30.18,-10.16,1
14227,32.84,12.66,54.20,0.643,20.77,24.69,1
14271,30.43,12.45,52.09,1.815,-28.76,7.51,1
14274,34.12,13.48,58.05,2.882,-33.28,1.86,1
14701,36.10,22.23,66.37,1.506,-33.94,9.75,1
14714,33.00,12.31,49.03,0.529,32.43,-1.04,1
14739,30.25,12.10,51.16,0.816,4.98,29.24,1
14743,30.98,11.64,50.00,0.342,20.97,-22.07,1
15211,34.42,14.26,56.72,0.478,33.84,-1.17,1
15228,34.05,14.92,58.73,0.628,22.83,24.64,1
15253,28.94,13.61,51.66,0.622,20.23,19.99,1
15702,29.64,16.10,58.69,0.339,17.38,-23.57,1
15719,22.90,9.28,35.47,0.975,-20.13,10.46,1
15763,28.60,16.31,60.17,0.464,25.32,-12.43,1
16211,32.07,15.18,58.90,0.988,-19.88,24.67,1
16221,29.48,13.45,53.08,0.860,7.19,28.12,1
16241,30.88,12.70,49.82,0.961,-15.25,26.44,1
16246,36.84,23.43,71.03,0.925,-26.84,24.68,1
16249,28.65,11.75,46.62,0.581,27.05,8.37,1
16716,28.77,13.21,52.35,0.399,19.99,-19.61,1
16728,32.55,16.44,62.97,0.735,-21.02,-24.18,1
16751,26.19,14.83,53.37,0.692,8.96,24.39,1
16755,31.16,17.06,62.13,0.120,-19.40,-24.21,1
17212,32.58,12.08,48.08,0.406,28.43,-14.60,1
17231,32.29,12.94,48.47,0.479,28.35,-13.95,1
17260,20.14,9.53,38.91,0.096,-10.07,-17.37,1
17266,18.76,10.19,37.95,0.278,-5.49,-17.46,1
17706,28.20,11.35,43.91,0.751,18.60,20.51,1
17725,34.34,13.76,54.64,0.179,-23.97,-23.79,1
17745,30.72,14.99,60.75,1.014,-11.41,27.80,1
17753,28.17,14.91,61.91,0.955,-22.54,15.79,1
18217,32.83,16.05,62.63,0.895,-19.65,25.58,1
18226,20.28,9.73,38.48,0.401,17.46,-9.44,1
18254,28.72,14.38,55.36,0.734,14.76,23.99,1
18258,29.27,14.19,55.80,0.613,21.34,19.26,1
18706,32.50,12.65,51.09,1.022,-31.39,7.44,1
18716,19.80,8.17,32.89,0.145,-8.31,-17.79,1
18740,23.03,7.80,33.14,0.418,21.70,-6.74,1
18744,32.11,14.79,58.00,0.145,-26.24,-17.93,1
19221,32.35,12.74,52.43,0.626,23.73,20.87,1
19233,21.34,8.19,32.56,1.005,-19.72,7.24,1
19237,35.25,13.55,54.92,0.167,-23.16,-25.89,1
19261,35.26,13.26,52.33,0.899,-21.03,27.58,1
19264,34.75,13.16,52.15,0.508,32.82,9.42,1
19703,34.10,13.77,57.27,0.810,-5.13,32.81,1
19717,33.14,13.12,56.08,0.347,18.69,-26.32,1
19737,32.65,12.67,53.60,0.602,25.54,18.86,1
19742,31.59,12.96,56.01,0.875,7.82,29.44,1
20203,31.25,16.84,63.13,0.271,14.85,-27.21,1
20215,32.48,16.56,63.06,0.954,-26.94,17.71,1
20247,28.60,15.20,56.32,0.185,-7.12,-27.42,1
20251,31.15,16.94,62.63,0.595,25.23,17.54,1
20709,33.46,14.25,57.04,0.439,32.81,-4.76,1
20719,34.69,14.55,58.24,0.385,31.13,-14.64,1
20744,30.30,13.62,54.23,0.395,25.17,-16.31,1
20749,30.13,13.68,54.12,0.652,17.08,24.35,1
21227,32.35,13.37,53.82,0.171,-23.20,-21.84,1
21239,30.94,12.81,53.74,0.934,-21.99,20.91,1
21269,34.06,14.76,56.86,0.816,15.34,29.76,1
21273,30.83,12.57,50.22,0.671,15.76,25.92,1
21710,29.78,13.34,54.08,0.637,25.90,-7.26,1
21734,31.45,14.30,59.03,0.704,27.77,-1.51,1
21738,32.05,14.75,59.41,0.892,16.09,23.50,1
21766,32.53,13.29,55.54,0.876,-3.83,28.94,1
21770,30.95,12.50,54.41,0.605,26.92,-6.65,1
22214,35.89,14.16,58.31,2.404,-34.61,-7.34,1
22229,30.51,12.09,49.20,1.006,-19.74,22.55,1
22250,33.85,12.24,49.77,0.182,-20.36,-26.34,1
22254,32.87,12.22,50.09,0.818,-7.50,31.38,1
22258,33.01,12.28,50.22,0.996,-29.41,13.61,1
22704,29.21,12.11,48.88,0.657,25.38,11.51,1
22716,32.06,13.30,55.03,0.928,-8.51,29.67,1
22741,32.20,11.83,50.91,0.913,-18.64,25.20,1
22745,28.75,11.04,46.49,0.675,13.69,24.76,1
22749,34.39,12.90,54.41,0.224,5.69,-33.58,1
23203,18.85,13.02,40.25,0.564,-13.91,-10.06,1
23218,17.49,13.47,40.61,0.796,12.84,-9.39,1
23239,25.84,17.28,61.35,0.408,-8.93,-23.30,1
23243,29.05,19.63,68.01,1.951,-23.79,14.69,1
23706,30.01,16.64,60.88,0.279,1.59,-29.28,1
23729,33.22,17.22,65.76,0.211,-24.89,-20.90,1
23749,29.26,14.42,57.87,0.373,3.35,-27.51,1
24221,16.12,11.84,37.00,0.995,14.31,-0.64,1
24241,18.44,10.74,38.08,2.576,-15.59,-5.06,1
24263,26.29,19.18,71.12,1.176,11.00,12.83,1
24268,17.72,11.87,38.33,2.181,-12.11,-2.01,1
24718,30.58,18.86,66.84,0.914,-21.34,21.23,1
24733,22.43,9.56,36.12,0.441,21.23,-5.60,1
24752,21.71,8.48,33.14,0.530,21.26,0.24,1
24757,30.09,15.15,58.42,0.192,-8.94,-28.31,1
24760,31.04,15.14,61.85,2.479,-29.68,-7.42,1
25213,35.78,7.41,43.05,0.432,33.93,-9.45,1
25223,21.54,8.45,33.06,2.060,-20.69,4.32,1
25246,35.74,13.29,54.34,2.963,-35.19,-0.17,1
25251,35.18,14.03,53.94,0.714,-12.26,-32.56,1
25710,29.97,15.50,59.48,0.743,14.56,25.36,1
25730,23.07,7.91,33.96,2.933,-22.74,-1.69,1
25757,29.22,14.63,57.71,2.209,-27.84,5.71,1
25761,22.04,7.82,34.48,0.253,-4.62,-20.99,1
25764,29.62,14.58,58.22,2.889,-28.81,-0.09,1
26204,27.40,16.18,58.80,0.625,21.77,14.62,1
26217,31.15,16.68,63.95,0.351,13.90,-26.67,1
26241,28.53,16.54,59.82,0.653,17.55,21.57,1
26246,29.38,16.86,62.13,0.530,-2.78,-28.67,1
26716,28.55,16.58,61.35,0.454,26.57,-8.81,1
26736,32.67,13.69,54.23,0.532,-1.18,-31.99,1
26781,30.99,12.89,55.80,0.820,9.59,25.99,1
27210,29.20,11.24,44.42,1.038,-22.17,18.37,1
27228,29.10,11.75,49.50,0.727,10.62,25.88,1
27250,33.44,12.63,50.70,0.889,-16.72,27.97,1
27703,35.61,14.12,58.52,0.186,-32.85,-12.47,1
27720,33.82,12.54,51.35,0.418,30.85,-12.28,1
27724,33.58,12.63,51.11,0.607,22.64,24.00,1
27744,30.96,19.50,56.30,0.928,-11.39,28.33,1
27747,32.14,19.55,59.03,1.924,-30.75,-7.94,1
27752,31.24,12.21,48.37,0.852,-0.19,30.87,1
28203,32.34,13.71,57.45,0.838,-9.32,30.10,1
28217,31.09,14.00,57.56,0.337,-4.17,-29.30,1
28221,30.56,14.41,58.03,0.313,-7.82,-28.20,1
28240,33.20,12.27,49.16,0.531,-7.34,-31.70,1
28245,32.61,12.02,47.20,0.346,19.43,-25.20,1
28249,28.54,11.55,45.04,0.632,27.07,6.31,1
28717,31.01,16.39,59.64,0.674,19.19,23.32,1
28742,31.35,15.66,58.31,0.769,0.45,30.94,1
28746,31.01,15.99,58.67,0.647,25.45,16.80,1
28770,30.77,22.32,68.25,0.677,22.30,20.62,1
28774,32.59,15.53,58.46,0.179,-4.77,-32.02,1
29214,32.80,16.12,60.30,0.190,-2.61,-32.44,1
29225,30.14,14.55,55.76,0.159,-27.73,-11.12,1
29255,30.35,12.70,50.25,0.582,24.95,16.61,1
29259,34.66,14.70,58.01,0.102,-23.52,-25.22,1
29714,27.66,15.10,55.44,0.664,23.46,13.57,1
29729,28.67,23.03,74.81,1.201,-19.78,19.96,1
29733,20.01,11.29,42.06,1.224,-17.70,8.66,1
29755,30.45,16.53,59.84,3.001,-30.20,-1.06,1
29768,30.68,15.31,58.14,0.464,30.29,-1.69,1
30216,34.46,14.48,56.61,0.804,6.76,33.43,1
30234,33.70,13.72,54.13,0.213,10.12,-31.92,1
30237,31.85,13.63,53.34,0.599,28.85,12.74,1
30268,33.03,13.92,64.38,2.675,-27.69,7.88,1
30714,32.91,13.01,52.77,0.519,31.38,8.57,1
30739,28.84,11.36,45.45,0.538,24.91,13.60,1
30759,31.62,12.54,51.62,2.451,-30.63,-6.12,1
30763,35.01,13.58,56.86,0.390,28.82,-18.71,1
31213,20.41,7.93,32.56,0.996,-18.45,8.10,1
31225,32.48,13.34,52.70,0.677,23.21,22.18,1
31245,32.52,12.96,51.89,0.503,8.05,-31.10,1
31256,30.36,11.54,46.96,0.244,7.59,-29.04,1
31712,31.32,12.09,48.33,0.162,-30.17,-7.55,1
31725,32.63,12.61,50.00,0.117,-22.81,-23.00,1
31728,32.92,12.25,49.82,3.002,-32.62,-0.67,1
31752,36.26,13.70,54.13,0.732,6.58,35.31,1
31757,31.14,11.50,46.04,0.124,-16.95,-25.85,1
32212,30.85,11.86,47.20,1.002,-19.83,23.24,1
32227,34.72,13.00,52.15,0.185,-0.73,-34.48,1
32248,31.36,11.73,48.37,0.173,-10.61,-29.13,1
32251,33.45,12.69,50.64,0.466,33.03,-1.09,1
32707,31.48,12.05,48.01,0.140,-28.18,-13.51,1
32723,27.02,10.88,43.05,0.769,15.74,21.47,1
32744,30.21,11.66,48.08,0.615,21.17,21.19,1
32752,30.77,11.51,48.38,0.128,-10.53,-28.75,1
33217,30.11,14.42,65.37,0.414,20.35,-21.25,1
33248,30.26,16.46,64.14,1.028,-25.41,13.86,1
33272,30.38,11.97,48.83,0.394,21.86,-20.12,1
33275,30.73,11.88,46.86,0.399,23.45,-18.52,1
33279,30.53,12.19,47.41,0.673,17.65,23.92,1
33714,34.65,14.31,56.75,2.589,-34.20,-3.83,1
33726,32.45,13.28,54.78,0.122,-16.17,-27.89,1
33750,21.65,9.36,34.54,0.967,-4.71,20.74,1
34208,31.88,14.62,56.82,0.162,-29.83,-10.53,1
34228,31.89,14.15,55.71,2.525,-30.85,-6.30,1
34247,32.95,22.24,71.87,0.609,-30.26,-11.71,1
34258,31.92,14.91,58.86,0.197,-9.92,-29.82,1
34704,31.80,13.26,57.22,0.503,30.10,-6.83,1
34716,35.22,14.28,60.75,0.248,-26.03,-22.19,1
34747,35.17,22.40,69.66,0.396,19.52,-27.65,1
35216,33.82,12.65,50.09,0.835,-9.72,31.74,1
35227,33.85,21.11,59.67,0.570,29.93,14.46,1
35256,29.64,19.16,56.01,0.877,6.90,28.14,1
35708,30.03,13.61,55.90,0.333,18.72,-22.27,1
35720,34.34,17.00,67.08,0.247,-16.75,-28.85,1
35745,30.48,16.72,62.48,0.864,-12.08,26.82,1
35748,19.58,8.82,32.25,0.579,18.66,-1.70,1
36205,34.66,14.41,59.91,2.924,-33.89,-1.49,1
36221,32.60,12.87,53.34,0.421,30.50,-9.98,1
36242,33.96,21.41,64.40,0.287,13.67,-30.69,1
36246,33.94,20.84,64.20,0.263,13.05,-30.93,1
36704,17.94,9.87,33.06,0.801,16.00,-2.49,1
36720,19.54,11.65,40.22,1.870,-10.12,-11.88,1
36743,19.96,8.51,38.47,1.081,2.88,15.51,1
36754,20.06,7.00,33.54,0.729,16.13,8.92,1
37202,29.76,12.38,52.15,0.199,-27.44,-10.69,1
37213,30.44,13.85,55.33,0.498,28.81,-8.34,1
37216,30.23,13.49,54.56,0.595,27.94,10.38,1
37243,29.28,14.34,55.73,0.480,28.83,0.60,1
37247,32.79,16.40,62.97,0.638,26.96,17.72,1
37714,27.75,14.93,57.04,2.254,-27.19,3.00,1
37726,31.91,17.49,65.07,0.367,19.66,-24.40,1
37780,19.60,10.26,39.22,0.393,9.65,-16.23,1
38220,22.35,10.14,40.31,0.135,-12.34,-18.40,1
38232,30.84,14.25,55.90,0.481,28.40,-10.81,1
38236,31.04,14.09,56.85,0.949,-14.59,26.92,1
38267,32.15,14.48,57.98,1.018,-23.18,21.56,1
38271,33.24,14.53,59.03,0.227,-0.19,-32.72,1
38702,31.61,16.12,61.29,1.069,-27.01,15.44,1
38713,29.08,15.44,59.08,0.570,28.29,-0.74,1
38716,21.52,8.53,33.24,0.559,20.34,5.37,1
38738,18.30,9.77,38.05,0.416,17.83,-1.44,1
38742,28.61,15.64,60.14,0.707,17.98,21.60,1
38746,28.71,15.40,58.00,0.733,4.57,27.90,1
39216,29.39,15.81,59.62,0.976,-6.51,27.80,1
39229,33.64,16.46,66.07,0.375,19.44,-26.02,1
39232,22.40,8.66,34.71,2.890,-21.79,-1.96,1
39254,23.41,6.98,33.02,1.980,-22.38,4.85,1
39257,22.84,7.68,33.06,2.522,-22.02,3.56,1
39707,21.53,10.08,34.48,2.489,-20.56,-5.30,1
39740,27.80,16.64,59.36,0.400,19.11,-18.88,1
39761,28.69,18.28,63.01,0.876,-13.20,24.52,1
39765,21.63,11.20,36.88,0.434,20.28,-5.10,1
40212,31.63,13.19,58.60,0.246,-10.58,-28.91,1
40226,31.69,15.18,64.90,0.759,16.20,26.30,1
40230,32.01,15.12,65.80,0.424,26.00,-16.99,1
40252,22.14,9.66,38.60,0.853,-7.75,20.32,1
40256,30.04,17.20,66.57,0.636,25.75,14.50,1
40714,35.06,14.03,55.07,1.192,-31.94,13.08,1
40725,35.52,13.43,55.44,0.196,-0.99,-35.17,1
40747,33.86,12.87,52.00,0.165,-14.41,-30.21,1
40757,31.97,13.02,51.97,0.774,19.10,24.91,1
41207,35.73,13.56,57.49,0.305,15.29,-31.52,1
41221,35.10,22.17,65.07,0.974,-18.31,29.14,1
41226,30.41,11.90,45.65,0.841,10.74,27.62,1
41246,28.20,10.65,42.45,0.619,19.81,19.60,1
41250,29.75,18.02,53.15,0.159,-20.25,-21.30,1
41711,32.93,13.19,56.57,0.247,-4.41,-31.83,1
41722,31.16,13.55,56.92,0.530,29.89,1.15,1
41752,35.50,14.98,62.97,0.599,30.56,15.08,1
42215,29.66,14.60,54.82,0.895,7.60,25.88,1
42227,29.52,16.48,57.98,0.915,15.20,20.57,1
42265,20.71,9.45,35.23,2.318,-19.51,-2.77,1
42711,20.54,9.97,39.36,0.307,-6.37,-18.79,1
42728,19.97,11.16,39.12,0.354,-14.54,-12.51,1
42748,31.69,17.19,70.24,0.894,-16.26,26.56,1
42755,30.60,15.36,63.13,2.386,-30.25,1.69,1
43203,31.23,16.46,62.24,1.077,-20.20,23.18,1
43220,34.99,17.63,69.43,0.180,-26.21,-22.37,1
43242,21.48,8.42,34.01,0.544,20.96,2.27,1
43246,20.10,7.79,32.56,0.790,-2.53,19.62,1
43706,28.93,16.99,59.06,0.552,25.44,13.21,1
43734,29.95,16.10,58.83,0.363,22.07,-19.80,1
43756,30.22,15.29,58.31,0.584,28.20,9.40,1
43761,34.20,17.04,65.19,0.362,24.92,-22.48,1
44212,34.25,22.29,69.35,0.122,-20.93,-26.76,1
44227,33.09,13.91,57.01,0.189,-17.37,-27.50,1
44270,30.41,12.34,51.87,0.676,13.56,26.85,1
44274,33.24,21.43,66.73,0.132,-20.34,-25.91,1
44701,30.91,13.43,51.62,1.116,-29.26,9.04,1
44723,35.69,14.83,56.44,0.109,-22.28,-27.61,1
44743,32.12,12.45,51.04,0.465,31.80,-0.28,1
44746,32.36,12.58,51.01,0.454,32.05,-1.87,1
44750,31.48,13.03,50.25,0.672,27.09,15.38,1
45209,34.54,13.46,52.35,0.576,32.87,8.80,1
45235,29.95,17.55,69.63,1.087,-17.27,23.51,1
45255,29.51,16.65,63.16,0.258,11.24,-26.79,1
45259,26.33,14.94,56.09,0.628,24.92,6.51,1
45712,33.03,13.44,53.85,0.559,31.96,6.01,1
45725,36.47,14.23,58.52,1.780,-35.27,-7.50,1
45748,30.92,12.37,49.37,1.006,-29.13,9.38,1
45753,35.72,13.74,56.22,0.148,-27.16,-22.59,1
46209,32.42,12.22,51.09,0.162,-27.74,-16.04,1
46220,34.97,13.51,54.45,0.586,28.27,19.88,1
46224,31.44,12.15,49.82,0.589,23.22,20.59,1
46261,31.39,19.70,57.01,0.428,27.77,-13.60,1
46264,32.81,12.13,50.01,2.931,-32.40,0.69,1
46725,21.87,8.58,34.37,2.840,-21.54,1.53,1
46739,33.76,21.46,66.07,0.625,23.27,23.55,1
46743,35.45,13.37,54.64,0.164,-32.36,-13.50,1
46769,33.91,13.06,53.71,0.356,24.30,-22.71,1
46773,33.35,13.79,53.81,0.343,14.35,-29.33,1
47206,30.70,14.43,56.32,1.315,-28.68,9.46,1
47216,34.82,15.47,61.68,0.235,3.49,-34.14,1
47237,32.10,13.87,56.40,0.855,-13.21,28.53,1
47241,33.30,14.49,60.31,0.156,-24.88,-21.49,1
47715,31.47,12.11,50.36,0.728,5.60,30.73,1
47727,30.67,12.16,49.03,0.879,-4.97,30.05,1
47748,35.30,13.41,56.08,0.570,-30.46,-17.65,1
47753,28.02,10.50,45.22,0.935,-21.75,17.25,1
48207,33.14,12.77,53.37,0.770,1.35,32.41,1
48221,32.82,13.07,55.07,0.632,22.15,23.30,1
48257,30.04,13.81,54.92,1.007,-28.39,8.95,1
48702,27.62,16.88,58.90,1.039,-21.80,16.50,1
48715,20.29,11.99,38.91,0.700,8.74,17.84,1
48719,30.34,21.56,75.29,0.681,22.56,19.55,1
48739,30.12,18.74,67.98,1.225,-26.60,13.45,1
48744,29.56,18.50,65.86,0.977,-15.55,24.73,1
49211,34.60,13.35,55.71,0.178,-18.71,-28.48,1
49225,33.67,13.23,51.92,0.580,32.90,1.12,1
49228,35.42,13.06,52.61,1.980,-33.55,9.07,1
49250,34.05,13.63,54.74,0.276,8.87,-32.39,1
49255,32.64,12.97,52.20,0.187,-29.59,-12.65,1
49705,31.50,11.71,50.22,0.307,10.65,-28.78,1
49737,35.64,13.12,53.82,0.620,-32.42,-12.72,1
49757,32.33,12.22,48.37,0.741,9.12,29.89,1
49762,32.89,12.84,54.20,0.379,19.98,-25.13,1
50230,30.74,13.62,55.90,1.178,-24.85,15.19,1
50247,28.69,11.61,47.43,0.868,-0.24,27.78,1
50270,31.08,11.97,48.26,1.399,-28.88,-9.75,1
50704,31.92,13.31,53.94,1.187,-28.47,12.84,1
50716,34.01,13.70,58.05,0.235,-27.99,-17.71,1
50760,31.49,12.59,52.80,0.228,6.18,-30.45,1
51206,31.21,12.35,49.73,0.539,30.63,1.97,1
51226,33.91,12.80,52.80,0.952,-27.45,19.16,1
51255,30.70,11.50,48.05,0.765,0.78,30.17,1
51714,32.69,12.23,48.17,0.939,-25.40,20.11,1
51735,30.61,11.48,47.54,0.230,1.59,-30.14,1
51738,32.68,13.13,52.35,0.543,32.00,-3.05,1
51756,31.66,12.64,48.33,0.774,18.60,24.99,1
51761,28.53,10.67,41.87,0.975,-15.34,23.34,1
52206,30.85,15.48,60.14,0.159,-23.62,-19.23,1
52216,21.64,9.06,34.06,0.226,1.88,-21.38,1
52219,30.91,16.72,63.16,0.548,28.35,11.00,1
52249,28.70,16.48,59.30,2.443,-28.30,2.32,1
52706,18.21,14.75,39.96,0.916,8.61,-15.31,1
52719,19.55,13.67,39.56,1.562,-18.65,5.18,1
52745,28.73,15.61,58.41,0.335,14.43,-24.21,1
52749,29.20,15.68,59.08,0.210,-6.02,-28.12,1
53203,33.95,12.83,52.48,0.538,31.50,11.25,1
53219,30.46,11.87,47.51,0.985,-18.20,23.92,1
53223,31.29,11.95,48.10,0.250,4.20,-30.57,1
53242,30.24,11.55,48.04,0.436,28.64,-7.82,1
53247,35.98,22.71,69.97,0.370,25.22,-24.85,1
53713,30.09,12.42,53.15,0.203,0.09,-29.88,1
53730,30.36,13.42,55.95,0.258,12.77,-27.32,1
53754,27.06,15.54,61.68,0.672,12.17,23.81,1
54203,32.68,12.47,51.55,0.494,32.04,3.71,1
54214,29.10,11.84,46.39,0.912,0.37,28.71,1
54240,32.10,12.14,49.98,2.292,-31.32,-5.48,1
54245,34.99,13.83,54.63,0.391,28.77,-19.37,1
54715,21.79,8.93,36.72,0.855,-8.90,19.60,1
54726,31.66,12.54,50.99,1.844,-30.37,-7.53,1
54752,32.28,12.12,49.73,2.947,-31.83,-1.85,1
55206,28.98,14.10,56.82,0.323,6.97,-27.12,1
55221,30.85,16.50,63.63,0.535,13.54,-26.68,1
55225,27.67,15.15,58.01,0.286,-0.90,-26.89,1
55272,35.13,15.11,61.85,0.171,-32.03,-13.49,1
55276,31.51,13.63,56.09,0.208,1.09,-31.17,1
55703,20.51,11.23,42.20,1.093,-18.46,7.89,1
55715,28.09,15.01,57.31,0.555,26.07,7.81,1
55736,32.66,15.66,62.97,0.437,24.63,-20.07,1
55740,17.51,8.52,36.06,0.841,0.73,17.13,1
56216,35.23,23.71,75.45,0.166,-25.08,-24.07,1
56228,33.98,14.89,59.17,0.130,-21.49,-25.92,1
56248,29.54,13.72,53.85,0.734,15.38,24.68,1
56252,30.24,14.18,56.61,0.274,20.61,-21.63,1
56725,35.20,13.69,54.08,0.461,32.03,-12.91,1
56740,36.24,14.06,56.08,0.402,27.41,-22.55,1
56767,35.65,14.57,56.73,1.142,-28.26,20.91,1
56770,35.98,14.02,55.54,1.358,-33.98,9.96,1
57224,35.10,13.18,53.76,0.760,1.50,34.60,1
57235,34.76,13.64,54.56,0.723,20.19,27.58,1
57267,33.77,12.55,51.11,0.930,-24.94,22.16,1
57272,32.91,13.26,50.25,0.703,26.34,18.91,1
57707,31.37,12.42,49.34,0.212,-16.53,-25.83,1
57724,33.16,12.87,50.16,0.569,32.03,4.61,1
57728,34.37,12.65,50.77,0.295,9.31,-32.26,1
57750,31.62,12.15,48.27,0.588,-25.51,-17.59,1
58200,28.56,18.62,61.20,0.587,27.86,-0.33,1
58214,31.78,17.51,61.03,0.264,2.92,-31.34,1
58236,31.85,16.13,57.49,1.078,-19.28,24.54,1
58239,32.66,16.09,59.46,1.141,-31.10,7.87,1
58713,34.94,17.09,65.80,0.117,-24.82,-24.26,1
58734,32.73,15.91,61.10,0.313,28.25,-15.94,1
58743,32.05,16.04,60.64,1.204,-29.87,10.52,1
58768,33.57,15.20,58.73,0.502,19.57,-26.93,1
59208,33.33,13.23,53.04,0.210,-7.50,-31.91,1
59220,36.87,23.32,70.94,0.914,-24.38,27.17,1
59246,18.94,9.89,37.22,0.405,15.13,-10.79,1
59707,30.99,12.17,48.08,0.840,-11.69,28.39,1
59728,20.19,10.58,41.98,0.994,-18.64,7.00,1
59755,29.79,14.66,59.62,0.129,-10.84,-27.58,1
60200,37.64,14.86,61.29,0.190,-4.35,-36.97,1
60214,30.32,11.98,47.17,0.753,14.39,26.12,1
60237,31.73,12.32,50.22,0.551,28.65,12.59,1
60700,30.81,13.19,52.50,0.383,26.72,-14.50,1
60713,33.63,13.56,52.48,0.145,-31.04,-12.31,1
60718,19.76,8.01,32.31,0.708,6.23,18.44,1
60739,32.94,12.62,51.04,0.487,32.48,1.58,1
60744,33.06,12.50,50.16,0.200,2.76,-32.74,1
61219,31.93,15.03,58.52,1.096,-22.41,22.18,1
61231,31.38,15.91,60.75,1.020,-13.25,27.87,1
61261,28.37,18.71,65.37,0.401,13.11,-24.00,1
61265,17.46,10.68,32.98,0.977,-3.85,16.37,1
61716,32.64,14.36,58.73,0.403,20.44,-23.93,1
61730,31.16,13.07,56.22,0.263,-24.29,-17.80,1
61755,31.16,12.26,49.52,0.660,25.43,16.18,1
62207,31.36,15.68,60.83,0.494,27.90,-11.32,1
62227,32.60,15.76,61.40,0.191,-10.27,-30.44,1
62250,31.89,13.75,55.80,0.361,21.12,-23.19,1
62254,31.69,13.64,57.78,0.651,18.30,25.17,1
62705,34.79,14.52,61.39,0.192,-14.03,-31.19,1
62722,33.51,14.14,59.30,2.895,-32.70,2.07,1
62726,34.21,13.99,59.48,0.235,2.40,-33.58,1
62746,20.12,8.52,35.23,0.219,-2.81,-19.58,1
62750,32.16,13.20,55.90,1.392,-29.79,-10.16,1
63203,29.08,13.37,52.35,0.727,7.15,27.65,1
63223,28.91,16.81,60.88,0.625,19.60,20.50,1
63226,29.99,17.09,62.24,0.920,-27.35,11.18,1
63254,32.02,13.45,54.20,0.585,28.12,14.51,1
63714,31.66,20.89,64.85,0.646,18.21,25.47,1
63724,30.06,13.04,52.20,0.489,29.51,4.29,1
63751,30.44,14.97,55.36,0.902,-7.09,29.33,1
63755,20.01,9.62,36.40,0.693,7.91,18.08,1
64203,31.99,14.43,58.18,0.317,8.71,-30.04,1
64213,29.43,14.89,58.41,0.662,22.72,15.80,1
64217,28.97,15.13,58.19,0.505,21.86,-16.52,1
64238,26.46,15.59,59.41,0.864,17.41,12.62,1
64242,29.24,16.60,64.14,0.658,17.69,-17.32,1
64709,17.66,12.65,40.71,0.473,7.69,-14.86,1
64725,30.85,14.53,59.03,0.631,19.99,23.03,1
64745,30.72,15.54,59.17,1.028,-12.51,27.34,1
64749,30.95,15.62,59.77,0.879,-5.27,30.10,1
64752,31.15,16.05,61.19,0.444,28.68,-10.98,1
65204,19.68,8.36,34.06,0.526,-3.11,-19.10,1
65219,33.62,14.58,58.69,0.759,13.39,30.25,1
65240,28.37,12.75,50.33,0.800,14.10,23.92,1
65257,33.15,14.44,59.64,0.904,-19.70,25.53,1
65261,33.55,14.75,60.21,0.224,-28.72,-15.83,1
65715,31.91,14.42,61.61,1.087,-28.10,13.61,1
65731,30.99,12.61,50.61,1.025,-13.34,27.42,1
65750,34.68,15.01,62.59,1.084,-29.99,15.79,1
65754,32.94,14.63,59.44,0.470,28.99,-13.40,1
66210,31.72,12.56,52.50,0.424,25.75,-17.19,1
66222,33.10,13.11,55.54,0.760,-0.01,31.97,1
66243,21.76,8.94,36.72,0.681,4.92,-20.68,1
66247,32.66,13.01,55.01,0.742,6.61,31.22,1
66707,34.31,13.47,54.71,0.191,-24.53,-23.04,1
66722,19.60,7.23,30.07,0.519,18.85,0.07,1
66743,34.03,12.88,51.66,0.618,15.26,29.81,1
66747,31.68,11.74,48.88,0.165,-29.40,-10.84,1
67208,28.54,17.45,63.29,1.021,-20.92,18.59,1
67218,33.22,18.25,67.20,0.190,-28.57,-15.88,1
67245,32.79,15.50,61.03,2.721,-31.95,-5.38,1
67706,32.70,15.66,61.35,2.808,-31.64,-6.17,1
67716,31.71,14.44,57.28,0.782,-1.95,31.09,1
67748,34.13,13.76,55.95,0.158,-20.21,-26.95,1
68206,30.54,14.65,61.06,0.541,-11.62,-23.18,1
68226,29.97,13.68,53.76,1.076,-18.06,-21.55,1
68256,30.48,16.31,57.70,1.013,-26.40,13.02,1
68260,30.73,16.46,60.31,1.246,-19.38,-22.64,1
68269,32.13,15.73,57.38,0.586,29.14,11.04,1
68700,30.44,12.72,51.62,0.565,29.27,6.13,1
68710,33.09,13.39,56.09,0.475,32.50,-1.02,1
68737,35.82,14.56,61.03,0.181,-6.34,-34.87,1
68741,34.03,13.96,58.52,0.621,23.94,23.28,1
69214,19.01,10.56,33.38,0.679,18.20,-2.10,1
69225,30.57,18.21,63.63,0.646,-27.44,-12.15,1
69251,31.40,17.50,65.30,1.039,-14.34,27.37,1
69255,28.73,15.48,58.25,0.985,-15.70,23.58,1
69719,33.39,16.37,63.01,0.667,29.34,14.85,1
69728,32.37,14.84,59.68,0.152,-21.03,-24.11,1
69733,30.64,14.69,57.27,0.895,-7.00,29.33,1
69757,36.65,24.05,74.97,0.977,-21.20,29.41,1
70214,29.02,12.06,53.15,0.419,9.41,-25.65,1
70229,34.48,19.05,80.81,0.937,19.55,21.47,1
70253,21.35,9.25,42.05,0.487,18.90,-9.64,1
70257,20.87,8.84,38.90,0.594,-19.92,-5.95,1
70712,30.29,11.90,49.24,0.228,-1.58,-29.77,1
70728,32.65,13.85,57.71,0.545,30.80,7.75,1
70750,33.38,13.43,58.18,0.932,-22.98,22.92,1
70754,19.21,8.02,32.70,0.994,-4.17,18.07,1
71204,30.69,11.75,50.54,0.306,5.06,-29.28,1
71214,34.73,14.69,60.61,0.270,-27.59,-19.09,1
71217,34.99,14.83,61.33,2.838,-33.59,-4.44,1
71240,33.63,15.05,60.83,0.476,29.36,-13.79,1
71244,33.44,14.91,60.90,0.657,22.82,22.53,1
71704,34.21,12.89,52.39,0.411,30.42,-14.23,1
71716,34.79,13.11,52.55,0.868,-15.77,30.40,1
71739,30.21,11.87,47.01,0.546,29.55,3.30,1
71749,36.49,13.53,53.24,2.983,-36.03,-1.08,1
72202,31.53,16.89,63.60,0.143,-18.53,-25.12,1
72218,31.51,16.28,62.01,0.953,-15.71,27.03,1
72238,34.02,16.47,65.30,0.187,-29.48,-15.96,1
72252,29.08,14.41,55.47,0.647,26.57,9.97,1
72710,34.29,13.99,56.14,0.500,33.77,-2.98,1
72725,32.29,12.42,52.01,0.758,1.74,31.89,1
72729,33.26,12.48,49.58,0.301,18.32,-27.29,1
72750,34.77,13.15,52.47,0.728,7.34,33.59,1
72760,29.53,11.96,48.60,1.024,-13.30,25.91,1
73206,20.46,10.79,42.01,0.280,-0.29,-20.03,1
73223,20.26,10.99,38.12,0.690,-1.59,-19.08,1
73226,21.13,10.98,38.48,0.617,-17.57,-9.43,1
73258,33.18,18.07,63.60,0.563,28.31,16.91,1
73701,29.87,12.45,48.84,0.832,4.87,29.10,1
73720,20.17,8.88,37.12,0.185,-4.67,-19.38,1
73744,28.77,12.10,48.37,0.918,-9.34,26.85,1
73748,36.12,22.64,70.84,0.133,-29.81,-19.89,1
74212,32.09,16.79,61.98,0.220,0.46,-31.73,1
74222,28.61,16.38,58.60,0.268,6.74,-27.25,1
74247,29.51,13.12,51.31,0.650,26.90,10.66,1
74250,35.43,14.76,60.44,0.991,-32.28,13.54,1
74703,31.84,14.58,58.01,0.291,17.38,-26.31,1
74720,30.69,13.00,52.81,1.022,-29.42,7.67,1
74745,33.44,13.02,53.67,0.274,13.57,-30.11,1
75213,35.04,21.62,65.12,0.183,-28.41,-19.51,1
75235,35.45,13.05,51.66,0.153,-22.48,-26.86,1
75255,29.75,12.08,46.87,0.493,27.24,-10.50,1
75260,34.67,13.54,54.15,0.254,4.18,-33.91,1
75265,32.58,12.29,49.74,0.916,-21.27,23.88,1
75707,33.44,13.73,52.01,0.579,32.90,2.33,1
75717,32.56,12.42,49.40,0.149,-14.38,-28.87,1
75745,29.63,12.43,47.10,0.890,3.94,28.88,1
76217,29.77,11.64,48.41,0.312,20.02,-21.71,1
76228,33.13,13.77,53.71,0.222,7.98,-31.93,1
76257,34.38,14.62,57.14,0.297,14.70,-30.86,1
76261,34.57,14.36,57.80,1.038,-27.18,20.99,1
76265,30.75,12.26,50.00,0.407,28.10,-11.51,1
76716,32.27,19.88,60.01,0.138,-29.02,-13.60,1
76728,31.30,12.33,48.02,0.304,16.60,-26.31,1
76732,31.23,11.56,47.42,0.264,13.08,-28.06,1
76755,29.23,11.95,45.54,0.443,25.14,-14.23,1
76759,30.18,11.91,47.54,1.089,-27.37,12.21,1
76769,29.22,11.72,46.49,0.890,-6.27,28.31,1
77210,32.89,14.94,58.14,0.887,4.25,32.00,1
77220,29.61,12.96,51.66,0.144,-23.57,-17.43,1
77223,28.30,12.91,51.55,0.592,26.59,7.94,1
77244,31.87,14.39,57.38,0.729,16.58,26.67,1
77248,33.31,14.96,59.67,0.431,30.07,-13.42,1
77705,30.34,11.61,48.76,0.221,2.10,-29.89,1
77714,22.59,9.20,37.48,0.971,-12.22,18.62,1
77751,31.09,13.73,54.59,0.217,-11.61,-28.15,1
78215,33.43,14.31,57.45,0.588,31.06,11.17,1
78226,33.74,22.24,70.38,0.136,-18.03,-28.19,1
78259,33.82,16.26,62.30,0.120,-15.89,-29.63,1
78719,31.68,13.65,55.22,0.127,-22.34,-22.08,1
78752,32.04,14.00,56.08,2.136,-31.24,-5.78,1
78772,31.94,13.79,55.07,0.174,-29.50,-11.30,1
78777,31.86,14.30,55.90,0.138,-24.94,-19.35,1
79201,29.69,12.88,51.61,0.551,26.49,12.57,1
79215,33.08,14.41,57.58,0.800,-5.71,32.12,1
79218,29.60,12.88,51.55,0.494,28.99,3.17,1
79239,34.10,14.55,59.20,0.136,-29.75,-16.13,1
79243,28.92,13.31,51.97,0.824,11.04,26.27,1
79708,30.55,13.89,54.71,0.968,-26.44,14.57,1
79725,30.49,13.81,55.03,0.969,-26.38,14.64,1
79759,29.36,13.45,53.85,0.496,28.73,2.27,1
80202,21.02,9.48,38.08,0.951,-17.20,11.63,1
80214,33.04,14.72,59.46,0.601,24.89,21.18,1
80243,28.92,12.88,51.11,0.277,11.24,-26.37,1
80248,23.21,7.20,32.14,0.480,22.62,-3.84,1
80709,19.57,10.16,38.21,1.208,-18.57,5.32,1
80720,31.64,17.24,62.48,1.029,-15.35,27.26,1
80747,32.19,13.98,55.66,0.140,-14.17,-28.62,1
81201,17.92,7.78,31.30,0.819,-5.21,16.92,1
81212,32.09,14.55,57.87,0.764,-0.15,31.71,1
81216,25.69,17.61,55.36,0.661,13.07,21.63,1
81240,31.65,14.77,57.43,0.173,-3.81,-31.07,1
81244,30.40,14.63,56.75,0.795,-3.89,29.70,1
81247,34.59,16.58,64.51,2.322,-33.55,-6.45,1
81710,34.96,14.00,58.00,0.951,-26.59,21.56,1
81722,30.42,12.20,50.49,0.464,29.63,-3.41,1
81743,33.71,12.56,53.85,0.218,-20.22,-26.00,1
81747,33.35,13.11,53.67,0.523,31.97,6.71,1
81750,34.50,13.45,55.32,0.981,-30.67,14.84,1
82205,29.32,12.41,51.62,1.078,-15.89,23.13,1
82219,32.34,14.61,63.64,0.955,-0.61,30.71,1
82256,20.48,6.32,32.06,0.907,0.12,18.94,1
82713,31.67,19.83,56.94,0.389,20.42,-23.00,1
82728,34.23,13.09,50.61,0.553,-21.08,-26.28,1
82748,34.17,13.09,50.80,0.355,22.16,-25.33,1
83205,33.18,14.13,57.80,0.907,-21.73,24.40,1
83220,23.12,8.06,33.96,1.003,-21.50,7.59,1
83246,31.32,15.08,58.52,0.688,13.89,27.55,1
83712,32.34,12.99,52.40,0.349,13.74,-28.40,1
83732,34.55,13.45,52.47,0.787,11.77,31.65,1
83753,30.89,13.88,55.23,2.853,-30.16,2.38,1
84206,33.17,21.11,64.88,0.650,21.33,24.38,1
84228,30.51,11.56,48.09,0.743,4.84,29.59,1
84250,31.34,12.06,50.80,0.625,27.35,13.97,1
84253,33.64,12.42,52.24,2.760,-32.38,5.32,1
84300,36.42,13.88,60.03,2.745,-34.72,6.42,1
84704,33.49,22.16,68.24,0.738,24.14,22.22,1
84714,31.46,12.81,51.89,0.908,-8.74,29.77,1
84740,33.22,13.29,54.12,0.207,-21.92,-24.35,1
84743,32.43,12.59,53.60,0.531,31.62,-3.17,1
85214,34.25,12.71,53.91,0.938,-25.70,21.94,1
85230,33.77,13.32,53.60,0.444,30.20,-13.95,1
85255,32.70,13.14,50.80,0.170,-30.33,-11.29,1
85259,32.23,11.99,49.82,0.756,2.73,31.56,1
85263,31.80,12.06,49.52,0.646,19.18,24.82,1
85703,30.43,14.76,59.62,0.579,27.57,9.36,1
85737,31.31,15.57,60.17,2.404,-30.05,-7.04,1
85762,33.55,15.09,60.17,2.713,-33.02,-4.10,1
85765,32.73,14.68,58.14,1.161,-31.33,7.93,1
85778,29.64,13.71,52.39,0.279,6.61,-28.47,1
86210,34.62,12.80,51.22,0.105,-24.79,-23.88,1
86230,35.83,14.05,53.34,0.162,-24.86,-25.12,1
86257,35.08,13.15,53.41,0.292,14.64,-31.26,1
86261,29.74,11.38,45.28,0.645,18.99,22.18,1
86701,22.44,8.08,33.02,0.208,-2.74,-21.98,1
86715,32.85,16.30,63.41,0.627,27.90,16.46,1
86740,22.32,7.69,32.39,0.422,21.16,-6.07,1
86745,32.51,16.20,61.85,0.674,27.70,16.05,1
87214,31.87,13.94,57.14,0.351,16.21,-26.50,1
87232,31.13,13.36,54.78,0.396,24.57,-17.74,1
87316,32.94,12.66,53.15,0.597,27.71,15.79,1
87704,22.70,7.62,33.02,0.470,21.90,-3.20,1
87723,31.66,14.96,58.03,0.473,30.00,-8.10,1
87746,31.55,15.56,60.02,1.004,-29.12,10.63,1
88213,31.42,12.82,53.15,0.160,-11.71,-28.81,1
88227,36.98,14.69,60.31,0.143,-31.10,-19.33,1
88231,19.44,7.93,32.89,0.410,16.44,-9.85,1
88251,33.44,13.53,55.90,0.579,27.68,18.07,1
88255,33.81,13.81,56.36,0.140,-19.02,-27.56,1
88714,32.86,12.89,51.09,0.817,4.35,32.17,1
88730,33.07,12.49,52.70,0.270,12.96,-29.99,1
88751,32.52,12.58,50.36,0.459,29.85,-11.28,1
88755,32.26,12.35,50.49,0.465,28.85,-12.39,1
89211,31.53,11.89,49.03,0.489,30.48,-2.73,1
89223,31.83,12.81,52.39,0.527,31.32,0.62,1
89249,30.87,13.04,54.23,0.946,-23.87,18.52,1
89710,19.70,10.35,37.22,0.938,-10.88,15.66,1
89729,31.50,14.32,53.91,0.559,-19.90,-23.85,1
89732,27.59,13.19,46.82,0.657,25.26,-9.67,1
89770,32.13,16.21,57.71,1.755,-31.30,-5.93,1
90209,29.35,11.97,47.01,1.133,-21.66,18.39,1
90224,32.60,13.12,53.16,0.985,-16.10,27.09,1
90255,30.60,11.26,43.91,0.170,-12.39,-27.55,1
90706,32.83,20.96,73.66,0.937,-22.93,21.89,1
90720,19.38,10.56,35.11,0.858,-8.40,17.02,1
90743,21.16,9.72,34.06,2.955,-20.71,-1.34,1
90751,30.57,16.76,62.01,0.232,-2.20,-30.15,1
91205,34.77,14.03,58.94,0.586,32.28,5.77,1
91215,32.83,13.52,57.07,2.824,-31.21,-2.70,1
91218,21.04,8.71,36.14,0.322,-2.53,-19.94,1
91239,32.38,16.01,62.59,0.429,28.10,-14.14,1
91242,21.43,8.04,33.06,0.486,20.39,-3.50,1
91246,29.26,14.08,56.36,2.262,-26.54,-9.22,1
91702,30.85,12.45,49.65,0.123,-14.19,-27.17,1
91722,37.22,14.02,56.82,0.114,-31.97,-18.66,1
91742,29.94,11.44,45.71,0.530,28.14,9.21,1
91746,33.29,12.80,51.88,0.316,17.33,-27.96,1
92230,28.30,11.98,46.53,0.996,-9.10,26.39,1
92245,33.19,13.41,57.80,0.171,-12.96,-30.12,1
92270,31.12,15.31,56.57,0.806,-7.31,30.05,1
92273,31.98,16.12,58.42,1.173,-31.28,-6.02,1
92708,34.16,13.46,55.32,0.195,-25.12,-22.16,1
92727,33.34,13.07,51.09,0.171,-28.79,-15.88,1
92732,32.50,12.32,49.68,0.911,-21.03,23.98,1
92754,32.61,12.76,52.01,2.265,-31.81,5.24,1
92758,36.42,13.97,56.65,0.383,29.82,-19.83,1
93204,21.47,9.23,35.69,0.527,20.64,-4.01,1
93218,22.83,10.18,41.79,0.719,-7.84,-21.10,1
93242,33.37,15.27,60.64,0.273,7.43,-31.98,1
93253,32.13,14.97,59.55,0.602,24.35,20.20,1
93704,30.78,11.78,46.57,1.221,-27.36,12.32,1
93721,33.86,12.71,52.20,2.875,-33.22,-3.07,1
93742,33.39,13.50,53.34,0.168,-9.57,-31.66,1
93751,32.02,13.18,52.70,0.290,13.61,-28.64,1
94203,33.25,13.42,55.66,0.834,-11.64,30.91,1
94217,28.94,13.37,50.36,2.983,-28.45,0.00,1
94221,30.25,14.27,52.92,0.244,7.50,-29.06,1
94245,21.40,8.91,39.05,0.614,2.83,-19.61,1
94698,29.82,12.41,49.50,0.424,29.60,0.39,1
94710,18.68,7.68,30.27,0.502,17.68,-5.10,1
94730,31.49,12.45,51.00,0.639,18.94,24.76,1
94740,31.24,19.93,61.29,0.865,-15.12,27.05,1
95212,29.40,18.29,61.77,0.934,22.81,12.26,1
95226,29.83,12.01,50.09,0.561,25.97,14.00,1
95261,27.87,18.88,69.97,0.960,14.33,-22.26,1
95711,31.68,14.07,58.14,1.142,-25.58,-16.69,1
95720,28.12,12.07,50.09,0.495,25.65,-8.82,1
95723,31.62,13.18,54.78,0.806,-1.58,30.41,1
95742,30.59,13.13,55.80,0.866,-8.21,27.70,1
95747,30.11,12.77,52.39,0.824,-2.86,28.59,1
96209,34.29,13.23,53.37,0.165,-14.71,-30.53,1
96229,33.37,12.81,51.62,2.838,-32.02,-4.03,1
96233,33.90,20.75,64.01,0.246,-23.13,-23.34,1
96255,31.18,12.87,53.16,0.542,30.34,0.49,1
96259,32.97,13.18,55.80,0.207,-25.25,-20.13,1
96261,33.12,13.53,56.08,0.519,31.99,4.57,1
96710,33.49,12.45,50.33,0.271,-4.59,-32.16,1
96726,33.95,12.96,52.50,0.608,28.71,15.50,1
96751,33.70,13.03,53.00,1.013,-23.01,23.83,1
96755,31.07,11.89,48.27,0.223,-0.22,-30.68,1
97208,18.32,10.85,38.48,0.856,14.47,4.63,1
97222,17.67,13.47,40.11,1.242,-1.68,15.17,1
97226,17.87,14.14,40.82,1.453,-13.46,8.43,1
97250,31.10,17.29,62.77,1.207,-25.59,16.64,1
97253,31.48,17.28,63.89,1.224,-27.77,13.78,1
97749,31.89,16.99,63.98,0.328,7.40,-29.99,1
97762,22.07,9.19,35.06,0.533,21.17,-2.08,1
97766,33.04,17.86,66.60,0.685,24.82,20.00,1
97784,32.51,15.62,61.85,0.541,30.74,7.33,1
97788,33.96,15.98,63.60,2.281,-30.77,-11.96,1
97791,28.13,13.50,53.15,0.456,23.92,-12.97,1
98204,30.63,15.94,65.00,0.582,28.89,-5.45,1
98226,29.26,15.02,62.37,2.550,-25.79,9.74,1
98244,19.13,6.91,32.06,0.920,-6.17,16.70,1
98257,19.59,7.30,34.01,0.886,-4.95,17.90,1
98721,28.86,13.97,54.59,0.776,16.70,22.81,1
98740,31.16,15.48,60.21,0.899,2.70,30.39,1
98764,21.35,8.04,32.56,0.507,20.74,1.12,1
98768,22.22,8.79,34.23,1.016,-21.01,5.67,1
99216,17.75,15.92,51.55,2.029,-14.62,1.91,1
99252,21.30,13.26,47.93,2.005,-11.18,-0.61,1
99279,26.01,22.19,76.84,1.537,-12.44,13.81,1
99283,16.84,12.85,39.56,1.603,3.17,11.94,1
99712,31.91,16.22,63.25,0.903,-18.20,25.56,1
99728,28.53,14.55,51.74,0.376,18.31,-21.44,1
99732,29.26,14.86,56.08,0.244,6.83,-28.12,1
99763,25.80,18.37,60.03,1.731,-11.63,21.45,1
100208,35.22,12.83,51.88,0.262,14.19,-31.87,1
100219,34.50,14.14,60.44,0.617,25.11,22.91,1
100242,28.24,12.13,49.77,0.175,-10.44,-25.90,1
100246,31.77,13.17,56.32,0.247,2.84,-31.18,1
100250,32.77,13.30,56.59,0.147,-24.44,-21.32,1
100705,33.19,12.79,51.97,0.449,30.26,-12.16,1
100718,34.27,12.51,50.99,0.193,-28.16,-18.38,1
100737,32.94,12.57,51.48,0.258,8.35,-31.38,1
100744,35.69,14.38,55.44,0.119,-23.97,-26.07,1
101201,32.85,12.80,50.33,0.434,25.56,-19.48,1
101211,30.40,11.64,46.96,0.270,7.56,-29.02,1
101245,33.52,12.46,50.57,0.260,-23.29,-22.47,1
101249,33.76,12.62,53.67,0.251,-22.50,-23.90,1
101252,32.87,13.03,52.77,2.872,-31.77,2.78,1
101735,34.92,13.79,55.47,0.602,27.64,20.36,1
101771,32.96,12.54,50.93,0.159,-18.38,-26.88,1
101796,33.76,13.76,56.80,0.144,-27.51,-18.97,1
102203,30.31,16.18,59.93,0.191,-13.92,-26.48,1
102220,31.22,15.38,58.90,0.664,23.41,19.99,1
102240,29.73,13.90,53.23,1.094,-27.23,11.12,1
102252,21.42,8.76,35.85,0.242,5.33,-20.50,1
102699,33.18,16.36,67.21,2.222,-15.20,13.09,1
102717,18.91,11.84,45.31,0.728,0.02,-14.42,1
102721,18.44,11.06,42.54,0.710,4.11,-14.43,1
102745,31.10,13.33,55.44,0.269,-8.32,-28.99,1
103212,31.84,12.05,48.38,0.552,30.76,-2.20,1
103227,31.68,15.66,59.51,0.962,-12.22,28.61,1
103248,31.04,15.23,58.41,0.340,21.67,-21.60,1
103252,19.77,10.32,39.20,0.875,3.71,19.09,1
103724,33.34,13.05,52.63,0.404,29.90,-13.52,1
103738,34.95,21.85,64.14,0.347,25.07,-23.57,1
103761,35.63,14.15,54.33,2.929,-35.04,-2.70,1
104210,33.50,14.76,58.60,0.433,29.64,-14.39,1
104224,35.10,13.61,56.92,0.199,-19.58,-28.30,1
104228,28.30,11.83,48.10,0.657,22.90,15.59,1
104251,32.06,13.26,52.39,1.976,-30.91,-6.96,1
104254,31.48,12.55,51.48,0.537,29.44,9.76,1
104707,34.00,14.27,56.73,0.208,-29.45,-16.27,1
104725,33.28,13.45,56.08,0.142,-22.12,-24.40,1
104747,31.93,21.85,69.97,0.655,18.24,25.50,1
105208,32.80,12.17,48.41,0.959,-27.65,17.21,1
105223,31.83,12.06,50.36,0.500,31.09,5.00,1
105241,34.55,21.71,63.98,0.155,-19.50,-28.03,1
105255,32.51,13.66,52.80,0.575,28.22,15.20,1
105702,35.57,14.38,57.72,2.955,-35.23,-2.36,1
105714,27.01,11.98,46.17,0.886,3.10,26.50,1
105747,31.65,15.72,60.41,0.204,-9.56,-29.63,1
105751,30.19,15.57,58.31,0.664,16.24,24.67,1
106219,27.78,19.28,68.68,1.224,-18.77,19.97,1
106232,19.81,10.95,35.17,0.619,18.12,7.22,1
106236,30.05,19.65,68.01,0.638,20.23,21.72,1
106261,28.49,16.09,59.48,0.750,14.64,23.91,1
106705,31.88,13.01,53.26,0.611,24.03,20.02,1
106727,35.53,13.64,54.74,0.268,10.18,-33.48,1
106795,33.05,13.37,54.56,0.715,19.90,25.51,1
107201,36.95,13.53,55.23,0.202,-13.32,-33.74,1
107214,33.20,12.61,53.49,0.980,-27.53,16.87,1
107232,28.92,11.60,49.04,0.498,26.77,-8.14,1
107241,30.73,12.23,51.09,0.957,-13.67,26.62,1
107713,29.80,12.88,52.63,0.994,-17.12,23.38,1
107733,18.14,8.45,34.23,0.905,1.06,17.71,1
107736,31.80,13.91,57.28,0.516,30.81,4.24,1
107758,32.49,14.25,59.08,0.508,30.56,-7.49,1
108205,33.44,13.34,55.73,0.210,-12.29,-30.41,1
108220,21.76,8.76,36.12,0.184,-5.51,-20.79,1
108262,33.72,13.79,56.72,0.842,1.18,33.03,1
108266,21.16,8.36,35.51,0.351,14.82,-14.54,1
108701,32.92,15.67,60.21,0.207,1.83,-32.69,1
108718,36.44,15.02,60.96,0.962,-30.48,19.37,1
108721,28.37,11.77,47.52,0.500,27.70,4.33,1
108741,34.78,14.71,58.25,1.053,-18.60,28.73,1
108750,29.86,12.22,51.24,0.779,1.16,29.29,1
109208,32.52,17.16,64.03,2.506,-31.92,-4.83,1
109233,30.90,16.11,60.17,0.710,10.84,28.40,1
109236,28.45,14.86,57.08,2.647,-27.99,2.56,1
109258,29.43,17.80,68.88,1.487,-25.79,12.49,1
109262,29.01,17.53,66.71,1.051,-17.90,21.92,1
109739,34.61,14.26,59.03,1.608,-32.93,-9.47,1
109748,34.52,15.07,60.44,2.602,-33.85,-5.20,1
109767,29.61,13.19,54.78,0.405,26.35,-12.38,1
109775,30.96,15.59,59.94,0.451,26.15,-15.59,1
110207,20.33,11.08,34.93,0.276,5.97,-19.17,1
110220,31.33,19.49,68.01,0.913,-20.79,22.95,1
110223,21.41,10.75,35.90,2.595,-20.81,-3.94,1
110255,28.83,16.95,60.75,0.820,-6.49,27.76,1
110702,26.23,22.34,70.04,0.359,-19.09,-17.21,1
110715,25.11,22.37,69.46,0.674,20.86,-11.93,1
110750,17.01,11.46,35.06,1.303,-0.44,-15.81,1
110768,20.06,11.06,34.79,0.635,18.61,4.75,1
110772,21.21,11.53,36.72,1.060,-16.88,11.75,1
111213,30.02,14.95,57.43,0.585,24.23,17.02,1
111232,29.42,14.50,58.18,0.468,25.83,-12.75,1
111262,36.17,15.79,63.70,0.139,-29.83,-19.91,1
111706,33.39,12.92,54.23,0.948,-25.80,20.14,1
111720,30.99,12.84,51.89,2.553,-29.70,-6.58,1
111740,32.99,13.34,55.36,1.080,-28.46,15.36,1
111745,33.39,13.21,55.23,0.199,-23.66,-22.61,1
112212,31.90,11.98,49.66,0.812,-5.84,30.75,1
112223,32.08,12.48,49.68,0.621,28.28,13.78,1
112227,36.81,13.47,56.60,0.269,9.71,-34.84,1
112256,31.97,12.14,50.45,0.688,12.99,28.71,1
112260,32.05,12.60,50.70,0.875,-3.89,31.38,1
112710,32.32,12.91,54.67,0.572,28.40,13.72,1
112724,35.88,14.84,60.42,0.244,0.88,-35.35,1
112748,33.42,13.25,55.76,0.536,31.17,10.54,1
112751,33.19,13.58,55.90,0.516,32.66,-1.10,1
113201,33.05,13.54,56.86,0.523,31.63,7.34,1
113211,33.86,13.41,57.25,0.530,32.32,6.96,1
113231,30.37,11.44,47.13,0.260,0.60,-29.73,1
113235,33.68,12.60,52.77,0.406,29.92,-14.07,1
113709,29.75,11.59,48.84,0.425,24.60,-14.86,1
113722,30.69,11.50,47.42,0.253,-26.43,-13.64,1
113741,33.48,12.71,53.46,0.307,0.59,-32.27,1
113745,34.31,12.99,55.01,0.329,7.80,-32.15,1
114213,19.84,11.75,42.64,0.775,13.38,-9.20,1
114226,18.23,10.97,38.33,1.017,12.48,7.13,1
114253,19.95,11.37,37.85,1.025,3.46,-17.40,1
114273,27.75,19.03,62.77,0.507,-11.35,-25.05,1
114704,33.95,15.39,58.90,0.509,17.64,-28.72,1
114719,34.52,22.73,69.81,0.480,17.29,-29.62,1
114748,31.11,13.51,54.23,0.183,-2.54,-30.74,1
114750,34.53,15.19,60.67,2.919,-34.29,0.36,1
115218,32.89,15.50,58.03,0.218,-6.52,-31.83,1
115230,34.89,14.82,57.38,0.091,-26.08,-22.97,1
115255,21.96,8.64,34.13,0.161,-5.69,-21.04,1
115271,30.99,12.26,47.80,0.358,21.66,-21.74,1
115706,28.12,12.00,48.08,0.723,7.21,26.75,1
115720,29.93,12.08,49.65,0.413,25.57,-14.04,1
115742,33.60,13.02,50.77,1.000,-20.35,25.69,1
115746,33.80,13.29,51.31,0.461,30.88,-12.18,1
115750,29.81,11.36,45.31,0.747,5.05,28.86,1
116225,32.30,12.20,49.01,0.773,-1.22,32.01,1
116250,29.18,11.80,45.22,0.693,23.36,17.06,1
116275,35.70,15.44,63.89,0.133,-27.24,-22.63,1
116280,29.68,15.00,60.54,0.729,19.28,21.60,1
116708,20.39,8.86,38.01,0.491,19.98,1.69,1
116730,32.74,14.90,60.03,1.469,-30.96,8.38,1
116762,34.24,15.51,62.18,0.215,-17.06,-28.80,1
116766,32.77,14.88,60.42,0.476,30.37,-9.89,1
117204,31.52,19.34,57.97,0.177,-6.89,-30.44,1
117219,33.54,12.42,50.25,0.140,-22.44,-24.49,1
117240,33.96,13.05,50.99,0.149,-11.75,-31.59,1
117244,33.84,13.03,51.97,2.988,-33.49,-0.12,1
117711,36.57,14.42,58.83,0.246,13.79,-33.64,1
117730,34.68,13.76,56.08,0.224,7.44,-33.60,1
117751,34.53,22.28,69.66,0.308,23.06,-25.37,1
117755,30.15,12.71,50.57,0.913,-9.28,28.42,1
118205,33.70,21.74,67.21,0.968,-17.71,28.16,1
118215,34.78,13.72,55.36,2.943,-34.28,-2.72,1
118219,31.51,11.77,49.65,0.181,-11.51,-28.86,1
118241,28.90,12.27,48.10,0.897,-4.45,28.21,1
118248,30.73,12.63,50.99,0.989,-18.58,23.98,1
118715,32.12,15.90,62.10,0.395,29.11,-12.71,1
118741,30.50,11.57,47.42,0.300,16.78,-25.07,1
118759,31.84,11.76,46.01,0.461,31.31,-2.32,1
118766,34.26,13.35,51.48,0.476,32.80,-8.16,1
119226,19.48,9.61,43.08,2.592,-15.49,-0.28,1
119244,18.38,12.34,47.38,0.704,-11.68,-12.49,1
119271,29.05,13.46,59.20,0.879,-10.96,25.85,1
119274,29.19,13.52,59.14,0.512,27.96,-4.95,1
119713,29.61,18.65,69.40,1.013,-16.64,22.61,1
119736,18.50,13.54,38.63,1.375,14.95,-7.53,1
119739,14.62,12.14,41.05,1.311,12.99,-0.10,1
119779,17.63,12.99,37.85,0.987,15.61,-4.25,1
120206,21.26,9.55,42.15,2.796,-19.88,-0.57,1
120251,18.34,5.94,34.37,0.616,16.44,-0.71,1
120300,26.56,18.36,69.81,1.472,-21.94,13.89,1
120304,18.32,11.99,45.79,0.183,-5.70,-17.25,1
120701,30.96,12.25,49.73,0.679,15.10,26.24,1
120737,32.63,12.80,49.73,0.865,-2.00,32.06,1
120741,32.84,12.84,49.50,0.799,9.06,30.93,1
120765,31.32,12.50,49.68,0.959,-14.70,26.92,1
120770,32.62,12.95,52.70,0.324,13.78,-28.84,1
121213,32.25,11.80,48.02,0.157,-22.56,-22.47,1
121231,35.31,12.95,51.48,0.184,-28.12,-20.36,1
121251,34.43,13.01,51.87,0.594,28.43,18.27,1
121255,32.55,12.29,49.40,0.194,-10.66,-30.22,1
121705,29.86,14.33,57.87,0.835,0.97,27.50,1
121720,22.24,7.85,33.54,0.663,19.12,-6.74,1
121743,20.52,8.20,34.01,2.170,-18.97,4.77,1
121747,30.61,15.76,61.40,0.927,-16.70,23.42,1
122214,32.86,15.56,60.88,1.185,-29.40,13.15,1
122233,30.13,14.13,56.75,0.520,28.82,-1.03,1
122257,30.45,13.24,57.31,0.387,16.91,-24.05,1
122702,34.77,14.38,60.13,0.890,-32.45,10.41,1
122716,33.20,13.37,57.25,0.386,22.20,-23.17,1
122720,32.76,14.11,57.28,1.186,-28.11,14.59,1
122748,29.61,12.17,49.24,0.287,6.00,-28.46,1
122752,34.29,13.36,56.44,0.173,-22.10,-25.52,1
123212,30.18,16.46,64.40,0.458,21.35,-20.03,1
123225,28.36,14.65,57.20,0.631,23.37,15.78,1
123247,32.21,15.30,60.00,0.098,-27.19,-17.10,1
123254,33.06,14.46,59.20,1.880,-32.33,-6.03,1
123710,30.00,13.54,56.00,0.278,-5.73,-28.50,1
123723,30.67,13.01,52.95,2.927,-30.22,0.88,1
123741,31.94,13.75,56.60,0.835,-10.85,29.52,1
123754,30.87,14.95,59.03,0.172,-3.73,-30.42,1
124208,29.45,20.63,76.06,2.165,-18.85,-19.47,1
124219,18.67,12.33,38.21,2.564,-17.66,2.29,1
124239,26.00,19.31,64.54,0.483,-19.13,-16.56,1
124243,29.60,21.77,74.33,0.570,-19.78,-20.86,1
124247,15.98,10.73,36.88,1.029,5.35,14.28,1
124702,31.47,15.31,60.84,0.193,-13.48,-27.93,1
124714,23.07,10.22,41.62,0.169,-13.19,-18.55,1
124718,30.77,13.73,56.08,0.723,8.42,29.02,1
124747,32.09,13.24,50.99,0.509,31.53,-2.43,1
124751,29.17,11.51,46.32,0.896,-17.66,22.66,1
125211,28.31,11.70,47.80,0.686,25.18,10.82,1
125242,31.69,12.13,48.51,0.188,-13.21,-28.24,1
125261,33.21,20.35,59.46,0.606,-28.06,-16.38,1
125266,33.07,12.83,50.16,1.047,-25.89,19.67,1
125713,30.12,12.48,50.54,0.981,-7.46,28.64,1
125723,28.33,11.83,48.08,0.458,23.30,-14.80,1
125741,31.14,13.00,54.63,0.405,4.29,-28.85,1
125745,34.72,14.60,62.20,0.659,26.50,19.17,1
125750,33.53,14.79,60.88,0.716,29.18,11.47,1
126203,35.69,14.29,58.25,0.186,-14.30,-32.11,1
126215,30.81,13.03,53.49,0.383,25.52,-16.27,1
126239,34.50,13.80,54.15,0.520,31.71,-10.94,1
126702,32.18,12.44,51.89,0.259,6.08,-31.13,1
126711,35.80,14.13,58.31,0.821,-32.78,-13.32,1
126739,32.70,11.95,49.04,0.147,-17.80,-27.02,1
126743,31.04,11.83,47.13,0.891,-3.79,30.14,1
127208,31.90,18.58,64.94,1.029,-28.49,11.64,1
127227,20.00,10.84,33.14,0.911,-2.61,19.14,1
127252,32.16,19.82,64.20,1.574,-19.37,-23.43,1
127711,30.66,15.58,62.24,0.244,-22.75,-19.34,1
127726,34.09,15.61,63.78,0.220,-23.90,-23.10,1
127750,19.65,9.50,37.64,0.298,5.83,-18.26,1
127754,29.63,15.58,58.25,1.029,-13.44,25.48,1
128210,19.51,9.49,32.39,0.481,18.40,-4.96,1
128227,19.43,10.19,38.05,0.733,3.41,18.83,1
128247,30.26,13.74,54.71,0.166,-27.12,-12.61,1
128252,33.94,15.56,61.39,0.161,-14.11,-30.48,1
128704,31.14,12.27,50.60,0.574,29.83,1.06,1
128715,31.94,13.12,54.08,0.566,29.14,0.26,1
128718,32.45,13.07,54.42,2.705,-29.02,6.85,1
128744,20.43,9.99,36.01,0.472,20.16,-0.15,1
128747,19.45,9.24,33.38,2.094,-19.12,2.50,1
129218,32.81,13.58,53.24,0.374,24.98,-20.72,1
129229,28.70,12.64,49.58,0.673,24.71,13.61,1
129251,20.66,8.39,34.01,0.809,-4.36,19.89,1
129255,32.32,20.70,62.97,0.142,-27.38,-16.60,1
129712,34.18,14.36,58.25,0.709,-3.04,33.78,1
129724,34.24,14.81,59.17,0.369,25.22,-22.56,1
129747,28.49,14.17,54.56,0.686,23.50,15.34,1
129752,31.35,15.64,61.27,0.643,24.27,-19.03,1
130208,21.11,9.29,35.06,0.786,-1.80,20.62,1
130223,28.21,16.21,61.85,0.975,-16.20,22.41,1
130228,32.66,18.48,70.29,0.373,23.55,-21.51,1
130245,21.54,10.20,37.22,0.511,20.87,1.96,1
130258,21.61,9.56,36.25,0.350,9.15,-18.80,1
130715,33.22,13.90,58.73,0.152,-28.20,-16.88,1
130735,32.74,13.74,55.36,0.418,28.51,-15.32,1
130739,32.78,13.50,55.36,0.728,-5.34,31.95,1
130761,31.98,20.70,64.88,0.946,-25.98,18.07,1
130765,32.75,13.22,53.71,0.119,-20.47,-25.26,1
131199,30.13,18.87,56.30,0.572,25.08,16.04,1
131209,32.92,12.71,51.35,0.376,32.46,-4.02,1
131232,31.84,12.49,50.77,0.362,27.10,-16.36,1
131244,29.34,13.58,49.04,1.013,-11.59,26.73,1
131713,35.21,13.97,53.71,0.143,-20.81,-28.12,1
131736,29.46,12.63,50.09,1.484,-28.72,5.45,1
131759,30.73,12.39,51.09,0.602,23.45,19.18,1
132213,19.95,8.21,34.44,0.524,18.84,5.68,1
132224,34.11,21.48,66.60,0.111,-25.97,-21.80,1
132244,32.30,13.53,53.34,0.536,30.91,-8.31,1
132251,30.24,12.11,49.04,0.490,29.73,3.51,1
132710,31.76,18.57,65.31,0.145,-17.48,-26.20,1
132719,31.03,18.84,65.31,1.863,-29.31,-8.68,1
132723,20.34,10.33,34.21,0.815,-2.46,19.82,1
132766,29.41,16.84,60.17,0.489,28.85,2.22,1
133212,30.51,16.30,62.77,0.699,19.12,23.39,1
133249,20.41,11.92,36.88,0.431,19.45,-4.96,1
133268,29.55,17.45,63.95,0.277,6.03,-28.57,1
133272,29.58,17.17,63.41,1.042,-23.00,18.12,1
133281,23.00,9.08,35.74,1.310,-21.31,7.95,1
133704,32.00,12.26,46.62,0.275,2.69,-31.17,1
133717,36.95,13.64,53.82,0.910,-24.22,27.17,1
133721,31.98,12.40,47.68,0.594,29.66,10.58,1
133743,30.91,11.57,45.35,0.793,-2.23,30.21,1
134202,31.76,12.02,47.17,0.497,31.15,2.88,1
134215,35.24,13.49,55.95,0.558,34.15,4.92,1
134235,31.96,12.16,53.49,2.125,-30.74,-7.05,1
134705,33.72,14.80,59.84,2.943,-33.27,1.10,1
134729,32.66,14.22,59.08,0.350,11.04,-29.52,1
134748,34.33,14.94,61.85,2.854,-33.13,-3.85,1
134756,32.45,15.14,61.85,0.433,25.94,-17.89,1
135198,20.65,8.84,38.05,2.081,-19.63,4.27,1
135210,30.69,13.25,54.63,0.409,23.71,-18.35,1
135238,32.23,12.70,52.50,0.599,24.72,20.02,1
135241,32.29,12.42,52.00,0.429,30.86,-7.81,1
135713,29.66,13.04,51.97,0.446,28.35,-6.53,1
135724,33.51,16.07,62.23,0.378,21.88,-24.78,1
135752,33.76,14.12,55.80,0.678,24.12,23.10,1
135757,35.23,14.77,58.14,0.123,-22.81,-26.50,1
136209,19.58,8.63,35.51,0.934,-18.41,5.99,1
136223,20.57,9.20,38.08,1.523,-19.76,-5.08,1
136261,34.32,17.11,65.46,0.143,-23.73,-24.37,1
136708,31.25,15.40,59.54,2.689,-30.78,-4.05,1
136729,18.54,10.40,38.64,0.864,4.53,17.63,1
136749,31.55,18.03,63.89,0.324,24.02,-20.09,1
136759,28.58,17.40,60.75,0.851,-10.51,26.30,1
137204,19.20,8.74,33.06,0.313,2.44,-18.50,1
137216,17.61,10.28,33.38,0.678,15.26,5.20,1
137241,18.46,12.36,36.67,0.578,-6.30,-15.66,1
137244,17.80,12.11,35.06,1.280,-2.83,15.57,1
137715,30.74,12.52,50.25,0.192,-24.08,-18.55,1
137729,35.46,14.06,57.69,0.170,-32.26,-13.70,1
137752,21.51,8.37,36.22,2.668,-21.14,2.08,1
137755,30.34,12.03,49.93,0.481,27.83,10.90,1
138207,21.03,9.72,35.23,0.810,-2.66,20.17,1
138267,31.08,16.06,59.91,0.401,27.98,-12.53,1
138296,19.97,10.64,34.23,1.949,-19.45,3.19,1
138703,33.81,13.96,61.07,0.988,-32.08,-8.02,1
138719,22.96,7.31,36.14,0.554,21.36,6.88,1
138741,33.70,15.80,62.64,1.126,-31.82,9.70,1
138745,30.17,13.91,55.01,0.944,-26.40,13.89,1
139199,34.87,13.54,57.01,0.802,-2.73,33.76,1
139216,35.17,13.91,55.32,0.207,-30.84,-15.47,1
139238,32.47,12.30,48.80,0.810,-16.63,27.20,1
139241,32.54,12.14,48.01,0.429,31.03,-8.17,1
139711,32.59,12.07,49.37,2.903,-32.23,1.59,1
139724,30.09,12.16,48.66,0.167,-9.14,-28.36,1
139744,33.21,14.54,59.08,0.479,31.88,-7.12,1
139748,32.17,13.79,57.25,0.507,31.36,3.03,1
140209,35.63,15.48,63.53,0.276,5.79,-34.04,1
140221,32.50,13.83,56.73,0.365,16.02,-27.15,1
140242,19.69,9.01,36.06,0.816,-3.31,18.76,1
140246,30.40,14.03,56.36,0.922,-8.07,28.42,1
140258,20.34,10.37,40.72,0.834,-3.49,19.10,1
140707,31.12,12.61,52.35,0.830,-24.88,18.17,1
140728,32.33,13.66,57.20,0.338,12.68,-28.67,1
140732,31.61,14.53,57.38,0.681,15.43,-26.42,1
140757,31.93,13.19,54.64,0.551,29.23,11.15,1
141199,32.44,12.26,49.73,1.010,-31.11,8.67,1
141211,32.32,13.29,54.92,0.326,19.98,-25.13,1
141234,18.55,9.17,35.47,0.378,16.67,-7.78,1
141238,27.09,17.68,69.20,0.642,21.28,16.40,1
141708,19.99,9.32,32.39,0.508,19.32,3.57,1
141722,23.71,8.92,35.17,2.727,-23.22,-3.41,1
141745,32.22,15.60,60.21,2.630,-31.92,1.97,1
141749,28.39,13.74,53.54,0.267,9.59,-26.30,1
142206,29.99,11.18,45.31,0.961,-24.45,16.59,1
142226,28.33,11.71,49.04,0.700,19.25,19.97,1
142230,33.97,21.63,69.30,0.959,-25.84,20.69,1
142256,32.02,14.36,61.66,2.748,-29.79,-5.68,1
142702,31.22,12.51,52.50,0.509,30.38,2.81,1
142713,19.39,9.48,36.67,0.313,7.53,-17.53,1
142716,28.52,17.87,69.43,0.602,21.76,17.63,1
142740,20.57,12.86,43.42,0.383,-12.84,-14.54,1
143209,30.65,13.16,52.43,0.614,27.08,13.54,1
143239,33.76,13.39,55.73,0.159,-10.49,-31.76,1
143269,28.19,11.46,47.01,0.642,16.61,22.41,1
143273,34.17,21.68,67.68,0.133,-23.03,-24.87,1
143704,32.99,12.82,53.82,0.173,-24.38,-21.49,1
143717,30.96,12.36,50.99,0.211,-0.55,-30.63,1
143722,34.00,13.56,55.76,0.160,-23.10,-24.32,1
143742,35.35,13.94,58.42,0.191,-10.52,-33.20,1
143745,17.65,7.49,30.41,0.565,17.31,0.10,1
144203,32.86,14.32,58.14,0.923,-11.06,30.49,1
144215,34.24,14.39,59.03,0.161,-26.10,-21.51,1
144218,34.58,14.16,59.03,0.142,-30.03,-16.53,1
144247,34.51,14.19,59.55,0.138,-29.31,-17.66,1
144254,33.79,14.28,59.08,0.117,-21.67,-25.62,1
144743,31.33,11.95,49.09,1.420,-30.17,-7.00,1
144761,30.18,11.18,43.93,0.761,1.79,29.60,1
144766,35.02,12.72,50.92,0.170,-19.63,-28.40,1
144786,31.61,12.94,51.55,0.511,3.03,-31.06,1
144790,30.94,12.72,50.48,0.386,21.58,-21.63,1
145218,30.82,14.36,56.61,0.399,20.30,-22.29,1
145231,34.01,13.83,56.08,0.188,-4.48,-33.40,1
145257,35.26,12.87,53.34,0.199,-2.89,-34.73,1
145261,35.75,13.24,53.91,0.147,-30.96,-17.18,1
145703,23.20,8.99,35.17,0.516,-7.09,-21.89,1
145719,30.72,13.38,57.01,0.201,1.43,-30.43,1
145723,34.62,15.24,59.62,0.790,9.29,32.98,1
145743,34.01,13.38,52.63,1.235,-32.08,10.28,1
145752,31.57,12.28,48.37,0.233,3.59,-31.10,1
146207,30.51,16.11,67.42,0.313,-7.68,-28.23,1
146219,29.88,15.94,65.39,0.112,-26.24,-14.03,1
146252,33.26,13.85,57.71,0.672,14.74,29.51,1
146706,19.43,13.18,43.42,0.429,7.88,-16.85,1
146720,19.49,11.72,38.48,0.621,17.25,8.61,1
146744,33.18,12.94,53.16,0.125,-31.38,-10.47,1
147219,32.28,12.67,52.20,1.275,-29.41,-11.83,1
147254,34.05,12.92,53.71,0.525,32.81,4.53,1
147309,32.01,12.16,51.48,0.294,14.50,-28.07,1
147324,32.93,12.92,49.82,0.157,-9.73,-31.19,1
147720,35.61,13.31,54.71,0.830,-8.35,33.64,1
147732,28.53,11.42,47.27,0.840,4.25,27.21,1
147754,35.26,13.69,58.55,0.437,32.06,-12.23,1
148200,35.08,13.83,57.01,0.481,33.01,-9.23,1
148212,33.88,13.70,57.25,0.267,3.86,-32.90,1
148242,33.69,16.03,62.37,0.684,28.04,17.90,1
148246,32.39,14.30,57.49,0.523,-11.32,-30.02,1
148709,32.56,11.98,48.84,0.144,-25.35,-19.88,1
148718,34.38,12.68,50.61,0.319,22.34,-25.62,1
148722,30.84,11.16,44.78,0.243,3.83,-30.11,1
148756,32.20,12.98,53.76,0.472,30.00,-9.83,1
148760,33.07,13.74,55.61,0.182,-29.09,-14.75,1
149202,18.07,9.79,33.73,0.594,17.14,4.55,1
149222,22.93,10.38,38.08,0.222,5.70,-22.11,1
149243,32.29,15.46,61.39,0.136,-9.85,-30.58,1
149252,33.59,15.86,62.97,0.313,18.67,-27.61,1
149706,30.23,14.53,57.63,0.464,20.90,-19.85,1
149717,22.62,7.67,34.00,2.052,-20.47,6.58,1
149727,22.41,7.82,34.48,0.387,-7.64,-19.45,1
149746,20.77,8.35,34.93,0.667,17.51,6.95,1
149750,33.17,17.18,67.18,2.515,-26.32,-16.30,1
149754,21.68,9.57,35.51,2.739,-20.04,-2.41,1
150199,18.29,9.23,36.35,0.748,2.97,17.50,1
150209,34.01,17.04,66.57,0.949,-26.58,19.94,1
150214,19.95,10.56,42.06,1.118,-14.56,12.87,1
150246,30.78,14.85,59.41,0.584,26.45,13.88,1
150703,29.48,20.56,68.41,1.004,-16.94,22.84,1
150720,29.52,18.95,65.12,1.107,-19.99,20.20,1
150724,19.21,9.98,34.71,0.722,7.78,16.73,1
150758,21.27,10.63,35.01,0.477,20.76,-1.92,1
150762,28.71,17.40,60.54,0.312,8.50,-26.88,1
151238,33.93,13.16,55.15,0.158,-13.17,-30.88,1
151253,33.77,13.98,58.42,0.180,-4.83,-33.12,1
151275,29.15,12.64,50.16,0.968,-15.21,24.53,1
151278,33.61,13.99,56.80,1.001,-31.29,11.44,1
151700,33.44,12.85,51.61,0.850,-29.15,15.81,1
151714,35.33,13.40,53.24,0.838,-12.86,32.52,1
151734,32.97,13.29,50.00,0.806,15.30,28.66,1
151744,32.28,12.24,48.84,0.448,29.66,-11.39,1
152203,35.67,13.19,53.34,0.626,24.14,25.51,1
152225,34.02,13.04,52.95,2.968,-33.57,0.31,1
152244,31.91,12.39,47.85,0.791,8.85,30.15,1
152248,32.43,12.16,47.38,0.784,-2.31,31.98,1
152699,30.22,11.32,47.52,0.712,13.02,25.99,1
152712,31.20,12.20,48.55,0.698,21.68,21.32,1
152735,29.31,11.74,49.58,0.604,22.97,17.17,1
152740,32.38,12.79,54.63,0.689,16.36,26.89,1
153220,21.31,12.55,43.66,1.056,-20.15,5.20,1
153231,21.12,10.71,34.06,2.835,-20.81,-1.25,1
153263,28.84,15.52,55.33,0.803,-3.87,28.12,1
153705,20.47,8.84,34.79,0.919,-18.76,7.62,1
153722,29.58,16.91,63.25,0.659,17.58,22.95,1
153744,33.12,18.38,66.40,0.540,27.92,17.12,1
153749,29.33,16.49,60.44,0.886,-5.66,28.55,1
154200,30.21,16.33,61.98,0.519,29.16,4.19,1
154214,19.66,10.55,39.96,0.635,13.09,14.01,1
154237,22.36,9.21,34.23,0.674,-0.10,-22.23,1
154714,20.06,8.14,34.37,0.769,-1.06,19.88,1
154725,29.54,11.58,48.37,0.950,-24.64,16.09,1
154746,30.45,19.39,60.00,0.767,-0.75,30.26,1
154768,36.25,14.55,58.25,0.092,-28.43,-22.26,1
155207,32.77,13.09,53.41,0.315,20.80,-24.83,1
155219,35.54,14.97,59.03,0.103,-25.22,-24.74,1
155244,30.80,11.69,48.37,0.705,11.59,27.73,1
155701,32.69,13.22,53.71,1.035,-25.02,20.53,1
155718,32.90,12.57,49.04,0.466,31.21,-8.71,1
155740,20.01,10.50,38.21,0.990,11.98,-4.75,1
155744,30.48,19.40,71.55,2.061,-16.02,-2.17,1
156207,23.34,9.12,38.08,0.167,-18.18,-14.15,1
156230,33.42,13.05,53.04,0.581,26.85,19.43,1
156253,20.44,8.17,33.38,0.133,-5.61,-19.54,1
156257,32.56,13.40,53.76,0.750,13.62,29.23,1
156702,19.74,8.04,33.62,0.511,19.11,2.99,1
156714,34.53,14.65,58.87,1.153,-29.06,17.83,1
156743,32.57,13.05,54.04,0.185,-7.63,-31.25,1
156746,31.36,12.98,53.26,0.571,26.93,15.04,1
157211,30.46,14.99,62.97,0.628,24.21,16.12,1
157221,28.87,13.29,54.08,0.780,10.08,26.24,1
157252,32.98,15.03,61.61,1.852,-30.17,9.74,1
157255,31.79,15.05,60.41,0.522,26.95,-13.59,1
157730,29.42,14.89,58.82,0.509,27.36,-8.53,1
157742,18.11,11.70,36.67,0.868,-2.18,16.79,1
157768,29.94,16.66,62.37,0.993,-27.18,11.01,1
157772,20.77,8.93,33.06,0.227,-2.99,-20.17,1
157776,30.15,16.77,62.97,0.337,16.86,-24.40,1
158205,29.27,15.32,58.82,0.375,7.50,-26.94,1
158218,18.30,14.11,42.06,1.372,13.64,5.03,1
158237,31.61,12.56,52.92,0.260,9.65,-29.66,1
158240,19.20,7.66,34.06,0.457,18.62,-2.77,1
158701,33.01,13.58,54.04,0.393,26.73,-18.72,1
158713,30.22,13.38,53.24,0.151,-12.35,-27.26,1
158743,30.54,16.34,62.18,0.687,14.41,26.05,1
158746,20.26,7.87,32.25,0.494,19.47,-3.21,1
159198,21.97,8.75,38.01,0.665,12.50,-13.04,1
159215,21.57,8.11,36.40,0.861,15.14,-2.09,1
159256,28.40,19.58,65.95,0.684,-22.39,-17.16,1
159712,32.83,15.12,60.46,0.271,12.95,-29.73,1
159722,28.64,14.03,54.42,0.508,27.75,5.13,1
159750,33.68,16.48,61.72,0.300,17.17,-28.63,1
159754,33.82,16.56,62.24,0.887,-20.83,26.40,1
160214,34.06,14.89,61.59,0.162,-24.07,-23.48,1
160225,21.60,9.45,38.21,1.013,-20.45,6.01,1
160244,19.09,9.25,37.22,2.569,-18.65,2.09,1
160248,20.20,10.06,40.01,0.736,3.21,19.54,1
160252,22.95,8.65,35.13,0.439,21.59,-6.11,1
160711,33.44,12.60,50.99,0.503,31.87,-4.71,1
160735,35.33,13.61,54.67,0.574,26.48,22.69,1
160758,31.57,13.01,55.23,0.946,-2.53,30.83,1
160762,32.55,12.95,55.23,0.328,15.90,-27.75,1
160766,35.04,13.56,55.04,0.662,18.99,28.78,1
161209,22.10,6.70,33.02,0.640,19.85,4.54,1
161220,30.44,12.39,54.13,0.381,-4.14,-28.17,1
161266,35.05,13.50,57.07,0.520,33.72,-0.93,1
161269,34.84,14.24,57.87,0.560,32.66,-7.45,1
161728,32.08,12.20,49.04,0.740,5.77,31.02,1
161765,32.31,12.91,52.48,0.912,-7.90,30.44,1
161808,32.30,12.83,54.04,0.238,-7.81,-30.59,1
161825,33.88,13.66,57.98,0.235,-23.83,-22.78,1
162208,32.97,12.42,52.55,0.656,18.91,26.20,1
162226,19.69,7.48,31.58,0.477,19.13,-1.75,1
162271,30.28,12.19,48.60,0.578,22.28,19.94,1
162703,21.04,9.57,34.71,1.963,-19.87,-5.89,1
162722,32.05,17.46,64.14,0.881,-16.11,27.17,1
162743,30.97,15.67,60.31,0.212,-23.78,-19.41,1
162747,30.81,15.48,59.67,0.182,-9.53,-28.97,1
162753,32.10,16.46,62.94,0.838,10.55,29.82,1
163203,33.28,14.48,58.90,0.121,-23.83,-22.86,1
163215,30.22,13.84,55.15,1.923,-29.05,-7.20,1
163250,28.64,14.47,56.08,0.220,-3.54,-28.03,1
163254,27.65,14.86,55.44,0.411,22.66,-15.11,1
163703,29.48,13.60,53.08,0.819,3.77,28.96,1
163725,34.56,15.52,61.40,1.067,-28.77,18.55,1
163728,30.10,13.97,54.08,0.562,29.61,-1.15,1
163762,21.48,10.01,38.59,0.406,18.45,-10.05,1
164226,31.36,14.57,58.42,0.458,30.96,-1.64,1
164241,30.32,14.54,56.73,0.873,-15.03,25.87,1
164245,30.83,14.13,56.60,0.274,11.58,-28.12,1
164274,32.26,15.51,60.73,0.386,28.61,-14.09,1
164278,28.28,13.97,54.04,0.645,23.23,15.28,1
164700,35.22,14.65,58.82,0.674,25.37,23.74,1
164714,31.50,12.37,52.20,0.265,5.67,-30.39,1
164717,30.81,12.51,52.84,0.538,28.75,9.44,1
164736,33.98,14.05,58.69,0.951,-27.04,19.52,1
164741,29.91,12.48,52.77,0.651,18.40,22.70,1
165200,30.84,16.01,60.81,0.264,17.31,-25.01,1
165211,32.91,17.27,64.88,0.181,-16.85,-27.71,1
165242,22.23,9.82,36.24,0.263,6.92,-20.83,1
165702,20.23,9.19,33.00,0.504,19.69,-2.60,1
165713,32.47,18.78,66.57,0.570,25.90,18.60,1
165737,26.87,16.34,57.45,0.750,14.06,22.30,1
166201,30.58,11.56,47.89,0.601,23.86,18.38,1
166220,36.90,14.00,56.04,0.607,-34.78,-11.05,1
166247,30.65,12.29,49.77,0.472,28.42,-9.64,1
166254,31.34,12.24,48.84,1.120,-29.38,9.49,1
166705,29.61,11.15,43.32,0.579,25.09,14.84,1
166722,34.48,21.53,62.61,0.818,-6.97,33.08,1
166731,34.03,12.61,50.60,0.238,-2.98,-33.20,1
166747,35.97,22.30,67.12,0.475,33.38,-10.74,1
166751,27.65,10.35,43.32,0.571,24.03,12.57,1
166756,32.55,12.64,50.61,0.146,-21.72,-23.74,1
167207,32.56,12.88,50.64,0.196,-12.15,-29.64,1
167221,32.60,12.60,49.24,0.761,14.22,28.51,1
167225,33.98,20.81,60.61,0.305,12.71,-30.67,1
167246,33.57,20.94,65.19,0.547,31.14,10.11,1
167249,31.86,11.83,48.75,2.369,-30.60,-6.69,1
167701,33.71,12.96,53.60,0.561,29.71,14.86,1
167713,35.88,13.90,56.80,0.170,-22.69,-27.10,1
167717,35.74,13.22,55.47,0.194,-24.26,-25.31,1
167739,32.29,13.26,54.01,0.942,-2.11,31.55,1
168209,34.81,14.10,54.41,0.158,-31.23,-14.61,1
168236,31.09,13.21,52.35,0.443,28.33,-11.90,1
168239,32.14,13.50,53.31,0.143,-27.87,-15.47,1
168270,35.76,14.77,58.42,0.536,35.07,0.56,1
168274,32.30,12.97,53.41,0.396,27.61,-15.72,1
168702,20.22,9.33,37.12,0.152,-4.14,-19.67,1
168721,30.02,16.80,60.41,2.990,-29.83,-0.28,1
168746,28.84,14.13,55.73,0.415,27.52,-7.73,1
168751,28.50,13.93,55.07,0.637,17.83,21.65,1
169214,32.29,16.67,63.95,0.956,-26.54,17.74,1
169233,30.85,14.33,60.01,0.793,-1.36,30.32,1
169236,31.73,15.30,61.39,0.564,28.66,11.86,1
169259,21.62,9.94,35.36,0.382,18.72,-10.34,1
169711,33.30,12.94,57.45,0.319,11.92,-30.09,1
169722,34.81,13.37,54.82,0.750,5.63,33.72,1
169748,32.76,12.13,50.09,0.163,-2.83,-32.49,1
169751,32.06,12.52,50.64,0.534,31.59,3.65,1
170216,21.20,11.68,46.24,2.411,-15.00,8.88,1
170228,18.44,12.86,44.01,2.426,-14.36,0.51,1
170260,32.69,15.52,58.69,0.163,-13.02,-29.60,1
170265,31.83,15.12,57.25,0.785,8.48,30.33,1
170728,31.00,13.11,50.57,0.728,15.66,26.47,1
170741,35.72,13.75,55.47,0.111,-21.91,-27.94,1
170745,35.28,13.69,55.07,0.257,15.99,-31.24,1
170769,34.73,13.03,53.34,0.132,-31.77,-13.50,1
170773,33.61,13.39,52.70,0.123,-23.44,-23.71,1
171207,30.14,11.94,49.93,0.559,20.50,21.50,1
171220,29.67,10.77,47.38,0.593,24.98,14.27,1
171224,31.44,12.01,50.61,0.349,22.89,-20.83,1
171245,34.95,12.96,54.92,0.178,-13.41,-31.75,1
171250,32.45,13.13,52.61,0.905,2.49,31.68,1
171700,32.95,14.37,58.14,0.747,2.85,32.52,1
171715,30.21,13.64,54.56,0.141,-25.48,-15.77,1
171750,32.29,13.67,56.14,0.173,-8.84,-30.69,1
171753,32.95,14.25,58.46,3.003,-32.61,-1.94,1
172203,30.66,13.07,53.76,0.764,0.68,30.25,1
172213,20.33,8.91,36.22,0.419,19.50,-4.94,1
172217,31.23,14.25,55.97,0.610,-30.29,-6.76,1
172252,28.59,14.17,53.45,0.882,-4.88,27.89,1
172715,30.54,13.71,54.63,0.210,-19.04,-23.00,1
172729,32.76,14.29,58.59,0.280,7.43,-31.29,1
172748,32.68,14.55,59.55,0.357,18.45,-25.79,1
172752,19.35,9.24,36.67,0.951,-1.22,18.60,1
173211,34.16,22.14,67.94,1.077,-20.00,26.98,1
173227,33.22,13.69,53.04,2.516,-32.86,3.16,1
173253,30.51,12.10,48.83,0.485,27.08,13.52,1
173257,30.22,19.83,58.69,0.988,-8.82,28.63,1
173708,32.92,12.39,51.40,0.278,12.69,-29.84,1
173725,33.29,12.73,51.89,0.245,6.24,-32.22,1
173745,19.55,7.61,33.38,0.704,6.50,18.05,1
173748,32.87,12.81,52.35,0.448,31.50,-7.17,1
174206,22.21,8.39,34.89,0.251,9.17,-20.09,1
174217,18.87,7.68,31.62,0.568,18.01,4.94,1
174258,33.16,14.63,55.44,0.201,0.83,-33.03,1
174262,31.76,13.90,54.08,0.609,27.90,14.63,1
174703,32.11,13.49,54.71,0.675,20.26,24.36,1
174718,33.90,13.28,55.44,2.461,-33.46,2.47,1
174739,32.75,15.12,59.24,0.109,-16.46,-28.12,1
174743,30.40,14.78,56.86,0.968,-26.14,14.94,1
175199,33.47,16.21,62.80,0.160,-9.50,-31.84,1
175231,20.72,11.99,36.77,0.224,-9.63,-17.92,1
175258,18.25,9.81,34.06,0.748,-2.83,17.71,1
175262,31.13,19.48,72.14,0.962,-25.13,17.79,1
175709,35.41,13.19,52.80,0.191,-24.93,-24.20,1
175721,32.19,13.78,59.64,0.182,-15.09,-27.89,1
175748,28.53,11.56,49.04,0.488,27.51,5.17,1
175752,31.82,13.38,55.08,0.876,-3.27,31.06,1
176231,31.01,12.20,48.41,0.737,15.83,26.00,1
176256,31.82,12.84,51.92,0.962,-4.49,30.86,1
176276,32.32,11.96,47.51,0.345,21.82,-23.15,1
176281,31.38,11.91,46.87,0.436,27.78,-13.39,1
176290,33.40,12.27,49.40,0.162,-23.15,-23.44,1
176708,20.85,8.25,32.76,0.527,20.02,2.44,1
176719,28.37,16.36,61.13,0.718,8.64,25.73,1
176739,18.13,10.00,38.21,0.537,16.63,-3.52,1
176745,28.84,16.08,60.07,2.547,-26.60,5.75,1
177220,32.96,12.61,53.15,0.197,-2.40,-32.51,1
177230,32.00,12.27,50.80,0.445,31.50,-0.85,1
177233,31.80,19.68,60.93,0.269,5.87,-30.71,1
177260,32.18,13.24,55.36,0.681,17.03,26.12,1
177714,32.03,14.19,62.03,0.297,11.38,-29.30,1
177733,35.36,16.01,65.74,0.593,-31.68,-14.55,1
177756,28.75,12.32,48.33,0.576,24.55,14.13,1
177760,30.28,12.44,49.24,0.179,-8.83,-28.58,1
178204,32.89,12.90,54.23,0.725,7.19,31.75,1
178216,32.65,14.21,57.58,0.738,16.03,27.89,1
178247,31.45,14.38,58.01,0.615,22.70,20.90,1
178717,30.05,14.30,56.80,0.235,9.80,-28.23,1
178728,34.01,15.58,62.07,0.151,-5.31,-33.44,1
178758,30.25,14.09,55.33,0.422,29.21,-6.83,1
178762,29.16,14.10,55.08,0.897,3.80,28.48,1
179209,16.81,11.65,34.54,0.990,3.95,14.94,1
179228,26.48,22.01,70.04,2.035,-18.11,17.28,1
179256,27.10,22.56,69.63,0.522,16.06,-20.89,1
179700,29.46,14.86,60.37,0.442,24.76,-13.88,1
179712,31.91,16.72,64.38,0.847,-20.89,23.04,1
179716,20.28,8.87,33.14,0.894,3.00,19.30,1
179738,29.41,15.07,59.08,0.273,-3.06,-28.45,1
180214,33.96,14.18,59.30,1.646,-31.38,10.19,1
180230,32.51,13.76,56.08,0.226,-10.15,-30.13,1
180251,31.48,14.23,57.27,0.249,-0.59,-30.87,1
180259,31.32,14.12,57.01,0.292,13.43,-27.73,1
180702,24.21,6.77,33.06,2.808,-23.91,1.50,1
180719,32.78,14.36,58.18,0.937,-25.30,20.29,1
180723,34.17,15.27,60.88,0.137,-28.06,-18.99,1
180758,33.14,14.74,59.62,0.847,-31.77,-8.38,1
181215,32.75,12.90,54.38,0.221,14.69,-28.96,1
181225,32.48,12.59,53.31,0.137,-10.25,-30.62,1
181233,34.53,13.96,61.35,0.671,6.35,33.46,1
181257,32.97,14.28,59.48,0.939,-22.83,22.46,1
181269,31.84,15.02,66.21,1.037,-13.02,28.07,1
181700,34.84,12.73,51.87,0.377,28.85,-18.53,1
181725,30.69,11.76,47.41,0.574,29.31,6.84,1
181749,21.35,7.94,34.89,0.831,-5.83,20.13,1
181753,34.82,13.24,53.01,0.222,-9.03,-32.95,1
181757,35.42,13.23,52.35,0.214,-5.23,-34.49,1
182209,32.53,12.47,51.31,0.914,-22.05,23.33,1
182224,35.32,14.13,58.31,0.403,28.64,-19.66,1
182247,35.55,22.02,65.76,0.320,25.24,-23.86,1
182251,32.88,12.17,49.74,0.163,-23.18,-22.66,1
182704,27.78,15.25,58.60,0.753,21.90,11.32,1
182716,19.40,11.04,37.12,1.040,4.17,15.31,1
182750,33.80,13.63,58.14,2.794,-31.65,-2.20,1
182754,32.42,13.57,57.01,0.978,-10.66,28.50,1
183199,32.11,12.91,51.62,0.718,9.07,30.28,1
183217,33.22,13.09,50.29,0.489,31.44,-8.14,1
183220,34.30,12.94,51.97,1.894,-32.73,-7.97,1
183242,32.43,15.19,61.13,2.153,-28.99,-9.27,1
183249,21.12,8.22,33.02,0.492,-0.65,-19.21,1
183710,20.89,9.25,34.23,2.898,-20.37,-2.49,1
183731,29.75,14.65,57.01,0.427,28.27,-7.79,1
183751,20.77,10.15,34.48,0.290,6.72,-19.40,1
183758,21.90,10.94,36.40,0.172,-21.21,-4.89,1
184199,31.56,14.37,56.61,0.331,17.96,-25.44,1
184244,26.87,15.76,59.91,0.736,7.01,25.41,1
184273,30.22,14.73,58.31,0.238,-26.41,-13.45,1
184705,34.09,12.87,53.76,1.002,-31.71,11.36,1
184718,30.77,13.68,52.15,0.811,14.14,26.78,1
184722,31.70,13.77,53.85,0.324,13.88,-27.94,1
184751,31.42,15.63,64.64,1.079,-19.49,24.23,1
184755,32.83,15.14,58.25,0.635,20.52,25.24,1
185206,20.42,11.83,37.22,2.738,-19.90,-2.95,1
185220,22.08,8.27,33.53,0.246,4.05,-21.37,1
185238,29.96,13.59,53.31,0.964,-6.23,28.85,1
185242,19.51,8.66,34.93,0.670,7.42,17.72,1
185245,32.23,13.65,55.08,0.487,31.70,2.67,1
185709,31.11,12.38,46.87,0.918,0.03,30.62,1
185720,34.24,13.20,51.35,2.918,-34.12,0.63,1
185746,27.89,18.89,62.68,0.495,10.41,-24.56,1
185750,27.81,18.92,62.65,0.544,21.49,-15.78,1
186204,17.98,13.47,43.01,0.384,1.43,-17.43,1
186219,30.18,13.08,58.00,0.403,20.07,-21.59,1
186255,32.62,12.84,50.36,0.415,32.32,-1.45,1
186698,29.42,12.23,48.92,0.994,-19.09,22.03,1
186710,35.01,21.99,66.53,0.117,-28.88,-19.44,1
186733,31.91,12.30,51.92,1.599,-30.80,-6.74,1
186736,32.16,12.51,51.31,0.154,-29.48,-12.17,1
186743,32.00,13.59,53.76,0.355,20.17,-24.52,1
187210,34.76,15.61,61.40,1.219,-32.92,9.51,1
187220,30.46,13.63,53.24,0.209,-2.83,-30.00,1
187254,33.49,14.08,58.18,2.372,-32.22,-7.34,1
187705,31.20,12.66,52.09,0.173,-3.89,-30.65,1
187722,34.28,13.39,54.92,0.412,30.71,-13.73,1
187725,33.50,13.14,54.12,0.522,32.25,5.54,1
187749,36.01,14.33,60.96,0.256,-25.69,-23.48,1
187767,34.31,15.36,62.43,0.434,19.24,-26.19,1
188214,29.85,12.61,51.66,0.586,24.31,16.42,1
188240,28.64,14.38,55.54,0.868,6.57,27.11,1
188270,27.50,16.06,58.82,0.943,-11.81,24.18,1
188711,35.91,22.50,71.28,0.132,-32.08,-15.56,1
188729,20.83,8.71,34.79,0.732,11.01,17.19,1
188748,22.73,7.97,33.24,2.863,-22.00,-3.93,1
188753,30.89,14.63,58.26,0.601,24.45,17.60,1
189202,31.89,15.51,60.67,0.548,31.17,4.30,1
189215,24.29,6.75,34.01,0.209,-4.13,-23.54,1
189219,32.06,14.36,57.43,0.172,-25.92,-18.07,1
189242,33.74,14.12,58.69,0.180,-18.82,-27.35,1
189266,29.10,14.42,55.79,0.870,-3.65,28.48,1
189713,36.00,13.45,53.91,0.321,22.47,-27.58,1
189726,28.85,10.80,43.17,0.505,28.10,4.86,1
189747,28.61,10.62,41.87,0.562,25.50,11.76,1
189755,34.55,12.87,54.41,2.209,-33.34,-6.74,1
190208,22.09,10.89,36.22,2.639,-21.35,-3.14,1
190225,28.03,18.17,64.29,2.088,-26.44,7.46,1
190248,19.20,12.25,35.90,1.591,-18.70,3.21,1
190713,17.36,10.64,41.59,0.808,-0.10,16.89,1
190740,29.32,13.20,54.41,0.860,-14.59,25.16,1
190744,29.10,13.62,54.12,0.756,11.42,26.47,1
190765,34.15,16.45,65.80,0.924,-24.41,23.02,1
190769,20.57,10.07,40.85,0.758,3.33,19.64,1
191208,31.43,13.59,55.71,0.759,15.03,24.58,1
191218,20.29,8.33,36.69,0.859,7.40,14.61,1
191221,19.41,8.76,37.16,1.009,8.46,12.28,1
191251,33.63,13.76,53.94,0.489,21.07,-23.18,1
191255,34.35,13.52,57.31,0.392,9.32,-31.07,1
191723,31.35,12.25,48.01,2.235,-30.86,3.55,1
191735,34.56,12.76,51.31,0.142,-21.66,-26.48,1
191762,34.62,13.28,50.00,0.210,-2.58,-34.12,1
191765,34.76,12.74,50.33,0.170,-30.65,-15.44,1
192199,34.59,14.88,60.96,0.602,27.32,20.06,1
192222,22.46,9.42,39.01,0.740,4.47,21.45,1
192227,33.65,14.09,59.03,0.461,32.43,-5.47,1
192244,34.19,15.02,61.85,0.545,32.56,3.35,1
192248,33.23,15.26,61.40,1.174,-27.18,16.76,1
192711,31.15,13.32,54.92,0.920,-22.17,21.27,1
192725,31.13,12.12,51.00,0.144,-19.04,-24.23,1
192770,31.44,12.55,52.80,0.606,24.32,18.85,1
193209,22.95,8.04,33.84,0.517,22.17,-4.39,1
193219,31.53,14.81,56.94,1.091,-28.33,13.10,1
193253,31.77,13.99,57.31,0.333,21.87,-22.50,1
193256,30.43,14.07,55.73,0.525,29.47,-5.19,1
193708,30.57,13.20,53.26,0.900,-19.96,22.79,1
193721,32.32,14.08,56.61,0.912,-22.39,22.85,1
193752,31.62,14.94,60.01,1.024,-30.50,6.62,1
194202,32.98,15.70,62.24,0.561,31.82,6.20,1
194221,30.08,14.46,56.36,0.494,28.50,8.26,1
194243,30.62,14.83,57.01,0.344,19.04,-23.42,1
194247,30.88,14.96,58.60,0.913,-21.44,21.73,1
194705,34.23,14.03,52.35,0.915,0.28,33.78,1
194720,32.92,12.87,49.50,0.135,-25.23,-20.67,1
194723,32.66,12.75,49.01,2.961,-32.19,-2.84,1
194743,35.87,14.63,57.01,0.536,35.33,1.68,1
194748,33.74,13.01,52.63,0.143,-23.04,-24.16,1
195199,34.04,12.82,51.42,0.189,-30.66,-13.50,1
195208,35.61,13.58,55.01,1.024,-33.93,9.19,1
195233,35.99,14.02,55.57,0.130,-27.18,-23.11,1
195237,31.14,11.87,47.89,0.693,11.70,28.43,1
195711,35.92,14.01,57.28,0.325,18.71,-30.02,1
195723,34.36,13.24,54.63,0.951,-27.78,19.47,1
195745,29.88,11.25,46.23,0.893,-18.21,23.22,1
195756,31.89,13.14,50.64,0.849,9.34,30.08,1
196207,30.52,11.46,51.61,0.297,9.05,-28.39,1
196222,30.33,11.63,45.31,0.975,-15.58,25.19,1
196243,30.98,12.17,53.01,0.664,19.12,23.22,1
196252,33.83,13.46,55.90,0.896,-18.90,27.33,1
196708,31.18,12.11,49.04,0.362,26.47,-15.56,1
196734,30.98,11.69,46.62,0.352,19.95,-22.81,1
196755,31.49,12.61,51.66,0.591,27.30,13.89,1
196759,28.68,11.41,46.86,0.642,19.62,19.88,1
197202,19.29,11.71,38.08,1.859,-17.83,6.41,1
197216,26.70,19.00,64.20,0.429,17.00,-20.12,1
197245,19.80,14.29,41.01,1.199,-3.20,18.49,1
197705,31.06,14.35,63.06,2.661,-27.45,-11.17,1
197716,29.51,15.50,64.33,0.414,9.51,-26.25,1
197740,27.92,15.56,57.43,0.970,-15.40,22.70,1
197744,22.26,9.27,35.13,2.899,-22.02,0.53,1
198202,31.91,15.19,63.51,0.967,-3.15,28.12,1
198217,30.92,17.18,68.15,2.571,-25.83,-1.14,1
198221,18.29,8.21,36.40,0.897,5.42,13.97,1
198241,19.83,12.56,48.30,2.221,-9.18,-7.71,1
198246,21.94,11.58,49.65,0.832,-0.28,-14.53,1
198700,32.45,13.03,52.77,0.117,-29.85,-12.34,1
198711,20.95,8.83,34.54,0.740,9.61,18.36,1
198730,33.30,21.38,67.36,0.899,-21.48,25.10,1
198735,31.75,13.12,51.89,0.739,15.31,27.47,1
199200,32.65,12.00,47.27,2.294,-31.90,-5.17,1
199212,29.89,11.61,43.86,0.721,16.80,24.24,1
199241,31.57,12.23,50.22,0.408,26.02,-17.01,1
199704,21.53,9.56,35.51,0.259,3.05,-20.90,1
199715,21.57,9.59,35.85,0.561,19.28,8.54,1
199736,31.51,16.41,62.29,1.254,-30.14,7.81,1
199741,31.71,16.03,61.29,0.356,23.24,-20.75,1
199744,18.66,9.56,37.01,0.577,15.90,8.99,1
200198,28.24,16.77,59.67,0.733,17.90,20.37,1
200216,33.14,19.76,74.33,2.282,-23.51,-18.76,1
200249,20.84,9.90,39.12,1.179,-11.62,9.77,1
200709,34.21,13.43,55.00,0.539,25.23,22.52,1
200720,31.20,12.49,50.60,0.647,15.60,26.45,1
200740,32.42,13.29,53.85,0.548,29.80,11.97,1
200744,32.46,12.95,53.26,0.135,-24.45,-20.94,1
201207,32.32,15.29,58.86,0.149,-9.49,-30.67,1
201223,30.09,14.36,54.74,0.409,28.22,-9.42,1
201249,29.39,20.56,71.42,1.848,-19.58,-20.12,1
201253,17.84,12.88,44.38,0.984,-7.59,14.77,1
201702,31.55,12.73,52.77,0.708,2.89,30.42,1
201717,29.02,11.53,52.80,0.641,26.25,9.15,1
201756,31.46,12.93,55.47,0.203,-26.56,-15.64,1
202205,31.41,13.53,53.71,2.595,-29.80,-7.31,1
202214,32.68,15.65,62.61,0.313,11.79,-29.61,1
202233,32.45,15.63,62.00,2.373,-31.65,4.63,1
202237,29.55,14.02,55.03,0.202,-15.37,-24.59,1
202706,30.78,12.70,52.84,0.931,-22.11,20.53,1
202722,19.77,8.33,35.23,0.769,0.82,19.28,1
202725,33.43,22.24,70.04,0.971,-17.55,27.81,1
202749,31.60,13.38,53.94,0.550,30.91,-2.16,1
203201,28.36,14.55,62.77,0.694,13.70,24.05,1
203215,30.28,16.72,66.57,1.712,-24.84,15.24,1
203241,20.94,11.62,41.01,1.358,-0.56,-8.84,1
203700,32.39,18.87,68.01,0.916,-18.62,24.83,1
203710,19.69,10.74,35.17,0.794,-0.87,18.36,1
203740,19.80,9.80,32.98,0.458,18.21,-6.62,1
204210,18.19,10.91,33.73,0.415,2.44,-17.13,1
204221,29.39,21.40,69.86,0.961,-23.36,16.30,1
204224,29.80,21.48,70.80,2.619,-25.83,-12.88,1
204258,30.89,20.54,69.43,0.900,-20.28,22.77,1
204703,31.99,13.05,51.22,0.676,27.49,15.35,1
204721,31.99,11.79,48.47,0.231,5.68,-31.13,1
204742,32.81,12.47,52.20,0.808,-5.90,31.77,1
204751,31.48,11.82,50.49,0.223,-3.22,-30.77,1
205204,32.54,20.54,63.70,0.890,-18.68,26.26,1
205224,20.94,7.89,32.98,0.143,-7.92,-19.21,1
205232,33.76,12.84,53.76,0.197,-0.01,-33.47,1
205249,28.40,10.92,46.04,0.268,20.03,-19.78,1
205257,32.11,13.17,52.17,0.929,-1.83,31.70,1
205701,33.03,12.39,49.93,0.547,29.83,13.41,1
205709,20.45,7.90,31.58,0.849,-0.20,20.17,1
205744,35.19,13.14,55.47,0.144,-32.50,-12.76,1
206202,34.77,13.21,55.04,0.517,33.38,7.93,1
206221,32.17,12.19,51.09,0.121,-26.83,-17.35,1
206257,34.11,12.94,53.34,0.924,-24.49,23.07,1
206261,33.11,13.02,52.09,0.818,4.52,32.34,1
206700,30.95,11.38,45.54,0.667,16.24,25.66,1
206713,34.81,13.26,51.16,0.174,-10.65,-32.74,1
206743,32.41,20.11,57.94,0.373,27.02,-17.16,1
206747,33.22,12.26,49.58,0.139,-19.39,-26.57,1
207208,31.40,11.67,47.51,0.861,-14.50,27.41,1
207246,31.17,12.15,47.42,0.655,24.66,18.32,1
207267,35.03,12.84,51.66,0.394,30.50,-16.03,1
207301,33.45,12.68,50.09,2.044,-32.25,-7.13,1
207312,34.95,13.18,52.63,0.608,26.58,21.84,1
207333,32.27,12.05,48.85,0.809,-6.50,31.21,1
207348,32.03,11.91,48.30,0.358,24.78,-19.61,1
207383,32.02,12.01,47.30,0.697,-0.17,31.58,1
207396,32.60,12.09,49.40,0.931,-23.86,21.64,1
207399,31.05,11.64,46.62,0.561,30.02,4.60,1
207402,34.92,13.26,52.01,0.613,31.23,14.09,1
207429,31.36,12.25,47.07,0.436,28.24,-12.66,1
207433,31.96,11.83,46.86,0.284,14.78,-27.91,1
207450,32.57,12.52,50.54,1.019,-31.17,-8.06,1
207454,32.85,12.07,48.51,0.154,-14.32,-29.18,1
207498,31.85,11.65,47.10,2.053,-30.69,6.67,1
207692,33.61,12.31,50.25,0.308,20.00,-26.51,1
207696,33.72,13.06,51.35,0.216,1.41,-33.40,1
207967,31.35,11.74,47.20,0.979,-27.46,14.39,1
207981,36.50,13.61,55.08,0.170,-3.50,-35.94,1
207985,30.91,12.25,50.45,0.687,21.62,21.38,1
208011,29.64,18.30,54.63,0.588,24.50,15.48,1
208015,30.17,11.55,46.14,0.439,27.12,-12.09,1
208426,36.44,14.12,55.32,0.938,-28.00,22.70,1
208442,32.53,12.48,48.27,1.031,-24.32,21.00,1
208446,32.61,12.27,48.04,0.795,-4.33,31.96,1
208473,33.92,20.88,60.22,0.151,-26.61,-20.42,1
208477,29.80,11.10,43.86,0.724,7.09,28.52,1
208950,34.02,12.69,50.92,0.731,7.26,32.66,1
208963,31.63,11.76,46.84,2.860,-31.15,2.55,1
208988,33.99,13.68,51.88,0.900,-20.35,26.68,1
