time_ms;amp_mean;amp_std;amp_max;phase_std;i_mean;q_mean;label
16768;35.79;12.45;55.66;0.126;35.30;3.51;0
16779;36.66;12.40;56.30;0.139;23.88;-27.32;0
16783;32.82;11.03;52.63;0.144;-15.14;-28.72;0
16806;23.09;7.72;35.78;0.169;-13.03;-18.66;0
16816;21.49;7.66;35.69;0.188;20.78;3.87;0
16819;35.82;12.39;56.09;0.136;35.03;-5.61;0
17076;31.49;10.84;49.77;0.192;-8.69;29.68;0
17082;35.27;12.27;54.67;0.205;27.75;20.62;0
17090;31.29;10.96;49.73;0.202;-26.61;15.29;0
17094;35.47;12.00;56.86;0.234;12.26;-32.31;0
17102;32.18;10.64;49.09;0.221;-8.19;-30.34;0
17113;36.62;21.71;69.26;0.209;-21.42;-28.73;0
17116;22.32;7.68;35.36;2.460;-21.38;-4.67;0
17134;34.91;12.30;56.40;0.168;26.98;21.37;0
17138;36.04;12.26;56.61;2.856;-35.41;-0.20;0
17306;34.91;12.74;58.05;1.499;-27.37;-19.09;0
17313;20.32;7.92;34.21;0.218;-4.35;19.39;0
17341;33.76;12.40;55.95;0.156;-13.92;-30.29;0
17345;35.83;13.56;60.13;0.201;34.04;-8.79;0
17588;36.30;13.52;62.13;2.959;-35.51;-1.84;0
17599;33.23;11.78;54.92;0.205;-8.04;-31.52;0
17611;31.63;11.78;52.80;0.173;24.44;19.31;0
17635;22.11;8.08;38.08;0.165;-18.94;10.78;0
17639;32.68;11.49;54.56;0.289;25.90;-17.81;0
19976;31.63;10.38;47.89;0.242;-23.01;-20.49;0
19988;37.40;12.08;55.61;0.118;-32.64;-17.70;0
20009;30.42;10.26;46.32;0.111;-11.98;27.75;0
20012;36.06;12.13;55.22;0.290;33.76;7.94;0
20019;35.83;12.13;54.20;0.128;33.80;10.96;0
20032;36.56;12.15;54.41;0.134;32.75;-15.47;0
20069;31.26;10.41;46.96;0.137;23.88;-19.71;0
20072;36.30;12.10;53.81;0.156;32.79;14.53;0
20075;36.22;12.09;54.56;0.118;34.41;10.43;0
20088;34.71;11.80;52.50;0.171;30.93;14.64;0
20104;37.37;12.40;56.22;1.871;-36.07;7.33;0
20109;30.36;10.47;45.65;0.204;20.90;21.22;0
20124;37.94;21.95;70.01;0.121;-19.74;-32.08;0
20140;30.63;10.80;50.01;0.361;5.45;28.34;0
20147;32.00;10.83;48.30;0.135;-24.55;20.07;0
20155;29.39;10.14;45.31;0.174;17.06;23.40;0
20162;31.76;10.34;47.38;0.300;13.28;-27.42;0
20168;37.04;12.37;55.54;0.252;35.90;2.11;0
20191;32.27;10.78;48.85;2.867;-31.55;-4.10;0
20579;37.60;12.63;56.44;0.133;-27.28;25.36;0
20594;31.46;18.53;56.36;0.270;26.05;-16.15;0
20612;33.16;10.94;50.25;0.121;-30.94;-11.20;0
20615;31.70;10.89;48.09;0.152;2.37;31.24;0
21075;31.59;10.64;48.17;0.130;18.74;-25.10;0
21090;36.62;12.36;55.01;0.121;34.65;10.98;0
21110;30.80;10.53;47.17;0.127;28.47;11.06;0
21113;32.02;10.73;51.87;2.893;-31.44;-4.00;0
21117;30.59;10.55;48.80;0.174;26.09;15.10;0
21576;30.33;10.34;48.27;0.129;26.19;14.77;0
21589;36.40;12.44;55.36;0.158;-3.86;35.76;0
21615;30.06;18.15;54.33;0.140;29.61;3.22;0
22084;31.05;10.67;46.87;0.190;-10.74;28.58;0
22100;36.46;12.16;54.13;0.137;34.51;-10.69;0
22120;37.17;22.23;69.89;0.098;-18.34;32.10;0
22129;30.02;18.21;55.17;0.149;22.88;18.97;0
22291;31.57;10.39;51.35;0.146;-3.51;-31.03;0
22305;31.29;10.32;47.43;0.218;18.12;-24.67;0
22325;37.37;12.16;55.54;0.141;-17.19;-32.77;0
22334;37.11;21.92;67.54;0.146;28.65;-23.02;0
22591;37.25;12.18;55.44;0.140;-32.98;-16.52;0
22603;37.37;12.18;55.04;0.131;-7.04;-36.36;0
22623;36.55;12.34;54.78;0.171;21.10;29.21;0
22626;31.52;10.35;47.07;0.146;3.11;-31.03;0
22630;31.75;10.45;48.84;0.349;-7.18;-29.14;0
23079;30.39;10.43;46.32;0.228;-19.49;22.35;0
23091;31.55;10.30;47.38;0.129;-26.22;-17.04;0
23112;31.55;10.38;48.37;0.130;-18.34;-25.34;0
23116;35.67;12.01;53.01;0.124;31.64;15.84;0
23120;31.12;10.20;48.38;0.120;4.60;-30.55;0
23575;30.86;10.40;47.51;0.134;-12.13;28.07;0
23583;36.49;12.16;54.92;2.780;-36.14;1.22;0
23606;22.61;7.53;36.89;0.630;-20.03;-9.25;0
23610;22.08;7.43;35.36;0.128;-19.45;10.03;0
23614;35.01;11.58;54.13;1.181;-32.78;10.76;0
24098;31.16;10.29;47.20;0.211;-26.40;-15.28;0
24115;29.94;10.30;45.65;0.213;20.59;20.87;0
24138;29.84;10.28;46.04;0.115;26.56;13.15;0
24142;35.65;11.88;52.95;0.144;32.73;-13.21;0
24573;31.87;10.53;48.08;2.292;-31.24;-4.75;0
24586;22.42;7.35;33.24;0.174;10.33;-19.53;0
24609;36.67;12.13;55.03;0.202;14.09;-33.10;0
24612;37.38;12.39;57.28;3.001;-36.90;-1.12;0
25074;30.06;10.31;46.39;0.137;9.31;28.28;0
25086;36.59;11.81;54.41;0.127;-25.87;-25.44;0
25117;36.21;11.76;54.12;0.147;-16.61;-31.75;0
25580;29.99;10.27;45.34;0.144;25.36;15.40;0
25592;36.76;22.29;67.45;0.137;15.88;32.80;0
25611;36.26;21.89;66.27;0.343;34.41;-5.38;0
25616;36.16;21.77;68.03;0.263;22.67;26.97;0
25619;21.35;6.39;32.45;0.440;2.41;-19.33;0
26078;36.47;11.91;54.20;1.637;-34.18;-11.12;0
26087;36.77;12.12;55.23;1.782;-35.30;7.56;0
26113;35.92;11.82;54.41;0.142;-24.70;25.58;0
26578;21.36;7.35;33.24;0.123;-1.67;21.12;0
26588;31.28;10.43;48.09;2.054;-30.83;3.93;0
26591;35.75;12.26;54.71;0.127;-3.70;35.25;0
26616;29.81;10.28;45.10;0.132;6.75;28.77;0
27077;36.04;11.81;54.15;2.477;-34.84;6.38;0
27090;30.51;10.09;47.42;0.138;-24.67;-17.46;0
27111;34.36;11.78;55.73;0.156;12.59;31.54;0
27119;29.43;10.14;45.19;0.118;16.95;23.79;0
27585;35.68;12.46;55.61;0.160;32.45;13.71;0
27596;33.92;11.40;53.01;0.226;-10.20;-31.51;0
27616;19.51;6.80;31.05;0.240;18.96;-1.20;0
27620;32.98;11.37;53.37;1.536;-31.74;7.39;0
28078;33.02;19.87;64.29;1.031;-31.68;7.74;0
28089;31.68;10.97;50.29;0.146;26.60;-16.57;0
28122;21.40;7.67;34.18;0.168;21.01;1.90;0
28578;22.09;7.78;34.53;0.162;19.93;-8.86;0
28592;36.27;22.17;71.84;0.193;15.62;32.11;0
28612;31.65;11.07;50.01;0.196;30.99;-2.30;0
28616;35.79;12.43;55.32;0.137;35.37;2.25;0
29083;22.11;7.60;37.00;0.115;-21.47;4.57;0
29095;31.76;11.04;49.74;0.143;-23.40;20.99;0
29099;21.48;7.89;34.66;0.228;-9.89;18.49;0
29123;34.25;12.29;56.04;0.155;16.31;29.64;0
29126;34.46;12.32;54.71;0.181;29.17;17.31;0
29579;35.23;12.51;58.03;1.952;-34.09;6.39;0
29590;35.81;12.46;55.95;2.750;-34.64;-6.69;0
29611;35.07;12.37;56.08;0.144;-25.37;23.68;0
30076;34.08;12.55;55.32;0.310;-17.51;27.52;0
30088;34.69;12.36;55.46;0.157;-26.55;21.67;0
30108;35.29;21.61;75.01;0.117;29.11;-19.42;0
30119;21.42;7.43;33.96;0.149;-7.97;-19.63;0
30582;34.46;12.33;54.78;0.149;-6.05;33.53;0
30619;30.60;10.87;49.50;0.126;-18.07;24.37;0
30641;34.28;12.01;54.74;0.225;33.10;-4.93;0
31076;34.13;12.43;54.08;0.159;18.16;28.39;0
31092;30.05;10.90;49.52;0.152;24.09;17.35;0
31113;34.05;12.36;55.66;0.185;29.88;-15.12;0
31118;34.20;12.34;56.61;0.151;-22.90;24.88;0
31574;30.78;10.68;48.37;0.187;29.86;-4.94;0
31586;35.88;12.22;55.23;0.134;-33.35;-12.29;0
31613;35.30;12.32;56.09;0.137;34.59;-5.08;0
32083;34.44;12.03;54.71;0.330;32.56;3.85;0
32095;34.41;12.08;55.23;0.145;33.75;-4.54;0
32115;35.39;12.00;54.74;0.229;-15.93;-30.62;0
32119;35.42;12.00;55.54;0.175;-10.61;-33.23;0
32573;35.28;21.22;67.21;0.207;-26.89;-21.82;0
32584;23.36;8.58;39.32;2.873;-23.05;1.29;0
32607;33.00;12.42;53.82;0.153;29.31;14.27;0
32611;33.71;12.08;55.23;0.208;18.28;-27.53;0
33084;31.03;10.87;49.04;0.165;-27.01;-14.44;0
33097;20.59;7.65;35.51;0.150;-6.80;19.17;0
33119;34.69;12.53;56.32;0.135;3.95;-34.13;0
33124;34.42;12.62;56.61;0.201;5.34;-33.34;0
33579;34.39;12.75;55.76;0.175;-10.69;32.15;0
33604;20.36;7.91;34.23;0.166;2.82;19.88;0
33628;33.73;12.34;54.38;0.153;25.06;-21.99;0
33635;34.15;12.59;56.04;0.151;33.72;1.82;0
34089;34.48;12.81;56.36;0.160;21.90;26.07;0
34101;33.35;12.52;55.08;0.151;16.62;28.49;0
34120;22.62;8.78;39.32;0.172;22.15;2.29;0
34124;34.14;13.06;60.01;0.321;-28.71;15.36;0
34581;33.69;12.19;54.57;0.143;-30.01;14.49;0
34593;34.05;12.13;55.54;2.774;-33.52;0.71;0
34598;33.03;12.27;56.04;0.209;10.45;30.62;0
34619;19.63;7.51;32.76;0.210;18.12;6.48;0
34623;22.50;8.43;37.58;0.159;-18.53;12.27;0
35087;37.62;13.29;59.46;2.632;-36.64;-6.49;0
35096;36.25;13.22;59.03;0.152;35.19;-6.60;0
35112;36.43;13.26;59.67;0.215;35.55;-2.17;0
35120;36.90;13.21;60.21;0.320;13.42;-32.53;0
35579;33.17;12.09;53.91;0.142;-20.25;25.83;0
35598;32.82;12.02;52.50;0.175;-15.91;28.14;0
35620;33.59;12.33;54.08;0.126;4.96;32.94;0
35624;23.09;8.59;38.28;0.193;-10.71;19.99;0
36075;33.97;12.03;54.41;2.993;-33.48;-1.44;0
36091;32.81;12.35;56.00;0.174;7.99;31.32;0
36111;33.21;12.19;53.85;0.154;27.46;-17.96;0
36116;36.73;13.77;59.41;0.363;-12.57;32.24;0
36584;33.71;12.21;53.25;0.157;-11.52;31.24;0
36597;37.56;13.46;61.20;1.804;-36.45;6.82;0
36625;34.00;12.07;56.09;0.173;-31.27;12.02;0
37077;34.34;21.37;66.40;0.168;25.16;22.76;0
37087;34.22;12.28;55.04;2.404;-33.33;5.16;0
37109;36.82;13.46;59.23;0.234;35.51;-5.12;0
37113;34.51;12.16;54.45;0.176;-29.87;-16.21;0
37591;30.91;10.87;49.74;0.139;-29.00;-9.79;0
37603;31.16;10.91;50.45;0.201;-23.14;-19.96;0
37627;33.89;12.32;55.76;0.173;22.76;-24.44;0
37632;37.54;13.99;61.40;0.202;-23.15;28.65;0
38075;35.12;12.57;56.32;2.249;-34.43;3.62;0
38089;34.50;12.29;55.44;0.173;19.96;-27.53;0
38128;33.80;12.23;55.36;0.166;33.25;2.68;0
38131;33.00;12.02;53.82;0.154;29.82;13.19;0
38586;21.63;7.82;36.12;1.730;-21.09;3.48;0
38595;20.57;7.79;35.61;0.210;15.66;12.69;0
38599;21.84;7.75;35.13;0.122;-2.58;-21.51;0
38618;35.22;21.98;70.21;0.175;21.46;27.30;0
38621;35.56;12.86;57.80;2.370;-32.67;-11.70;0
39081;34.58;12.01;56.32;0.184;-5.18;-33.60;0
39091;37.89;13.37;60.13;0.160;35.44;-12.03;0
39113;34.69;12.16;55.08;0.136;-3.69;-34.16;0
39588;37.94;13.59;60.83;2.318;-37.38;3.26;0
39600;32.80;12.23;54.08;0.160;6.28;31.77;0
39619;32.94;12.23;54.59;0.141;-3.56;32.40;0
39625;33.02;11.87;53.34;0.166;19.39;26.16;0
40079;36.68;13.42;59.51;0.177;27.02;-23.97;0
40089;33.17;12.32;54.57;0.194;15.80;28.48;0
40108;33.37;12.31;59.03;0.176;32.08;-7.06;0
40113;33.80;12.32;55.23;0.180;27.86;-18.18;0
40582;33.66;12.31;53.85;0.143;-12.35;30.93;0
40596;37.04;13.72;60.21;0.153;3.05;36.49;0
40617;38.17;13.69;61.29;0.165;-11.71;-35.79;0
40620;34.17;12.47;56.04;2.699;-32.93;1.54;0
41087;34.48;12.16;55.17;0.171;-30.70;-14.55;0
41096;36.74;13.49;60.61;0.226;33.72;12.22;0
41100;34.19;12.24;54.92;0.269;-20.04;-26.30;0
41127;34.34;12.10;54.33;0.132;-2.06;-33.97;0
41130;34.30;12.14;55.15;0.160;-28.14;-18.85;0
41584;22.44;8.38;36.88;0.148;0.72;22.18;0
41592;34.16;12.15;54.13;1.907;-33.00;-7.18;0
41615;33.52;12.07;53.81;0.151;19.00;-27.15;0
41620;34.16;12.05;54.82;0.145;-14.97;-30.30;0
42083;36.29;12.95;58.73;0.165;-29.58;-20.18;0
42097;23.99;8.60;38.48;0.120;-13.30;-19.74;0
42117;35.43;12.44;56.60;0.191;-31.82;-14.13;0
42120;35.15;12.60;57.71;0.131;-32.78;11.81;0
42574;34.21;12.49;55.23;0.154;-17.87;28.70;0
42583;35.14;12.54;56.60;0.139;-32.75;-11.76;0
42607;22.27;8.74;38.21;0.321;5.26;20.61;0
42610;20.52;7.93;35.06;0.184;5.16;19.54;0
43084;34.03;12.18;55.17;0.162;17.98;-28.38;0
43096;33.75;12.12;54.04;0.143;-16.94;28.78;0
43121;33.44;12.01;53.37;0.182;28.36;-16.70;0
43124;33.22;12.33;54.08;0.223;30.49;-11.06;0
43127;21.04;7.39;34.23;1.941;-20.10;4.75;0
43583;37.58;13.39;60.96;0.165;22.71;-29.30;0
43595;33.03;12.12;53.15;0.159;19.72;25.99;0
43619;33.74;12.09;54.08;0.153;26.01;-20.87;0
43622;33.47;12.06;53.60;0.159;30.60;-12.48;0
44076;33.44;12.11;54.78;0.127;-6.65;32.47;0
44098;33.78;12.56;55.71;0.289;-24.71;21.12;0
44118;34.68;12.19;54.71;0.134;-21.01;-27.18;0
44123;33.75;12.49;55.01;0.141;32.17;8.98;0
44625;34.59;12.28;55.15;2.864;-33.86;2.52;0
44637;34.94;12.25;55.47;0.146;-22.54;-26.21;0
44657;34.19;21.32;68.00;0.173;20.77;26.64;0
44661;22.77;8.73;38.08;0.225;-19.10;11.43;0
45081;34.31;12.55;55.44;0.185;-31.61;11.85;0
45096;34.09;12.11;56.46;0.173;12.18;-31.29;0
45122;34.70;12.36;56.30;0.145;-25.17;-23.35;0
45126;33.87;12.48;55.23;0.137;-22.12;25.21;0
45580;21.54;7.62;35.17;0.128;-8.15;-19.75;0
45590;31.14;10.98;50.25;0.167;-22.67;-20.74;0
45615;34.64;12.33;56.01;0.341;-5.77;-32.29;0
45619;34.64;12.40;55.79;0.158;-15.99;-30.24;0
46088;20.54;7.60;33.73;0.171;18.01;-9.26;0
46101;20.92;7.71;35.51;0.179;-19.04;7.84;0
46126;34.09;12.32;55.15;0.165;-28.80;17.38;0
46590;37.28;13.84;61.85;0.153;16.39;33.02;0
46603;33.99;12.19;54.71;0.148;-11.75;31.49;0
46607;21.30;7.53;33.62;0.271;-0.20;-20.58;0
46627;34.78;12.42;55.97;0.137;-27.34;-20.94;0
46637;34.09;12.35;54.82;0.127;17.09;-29.16;0
47088;34.59;12.34;56.08;0.157;4.93;-33.82;0
47101;34.88;12.16;55.07;0.156;-22.64;-26.00;0
47124;23.39;8.37;40.16;0.154;7.64;-21.80;0
47584;23.30;8.28;39.05;0.148;5.32;-22.43;0
47597;33.39;11.85;53.37;0.200;32.75;-0.51;0
47616;34.12;11.90;54.92;0.160;-1.52;-33.65;0
47620;34.14;11.93;54.57;0.220;-1.16;-33.34;0
47626;21.31;7.54;33.94;1.907;-18.19;-9.77;0
48082;21.06;7.50;34.89;0.171;-10.68;-17.81;0
48093;33.88;11.74;53.04;0.139;-5.13;-33.14;0
48113;33.70;11.86;53.34;0.159;-2.03;-33.21;0
48124;36.50;13.29;59.03;0.162;28.08;22.59;0
48578;33.41;11.82;53.25;0.142;12.77;-30.51;0
48604;33.62;11.94;54.56;0.156;-31.91;-9.18;0
48623;34.72;12.27;56.08;2.863;-33.27;-0.74;0
48628;22.11;8.43;40.00;0.175;-8.00;20.25;0
49075;35.21;12.26;56.08;0.173;-24.54;-24.56;0
49090;34.34;11.94;54.08;0.135;-23.58;-24.53;0
49114;33.27;11.85;53.08;0.161;31.63;-8.85;0
49589;38.13;13.27;60.75;0.143;-26.68;-26.69;0
49602;37.08;13.28;59.64;0.153;15.57;-33.18;0
49626;37.87;13.23;60.00;0.179;-32.89;-17.59;0
49629;36.61;13.11;58.94;0.186;36.00;-0.16;0
50086;19.82;7.55;33.24;0.136;6.32;18.59;0
50097;38.17;13.53;61.33;0.158;-23.18;-29.72;0
50121;32.78;12.24;53.15;0.305;-11.63;29.18;0
50125;22.46;8.23;38.29;0.207;-14.95;16.14;0
50582;33.09;12.05;53.16;0.156;32.37;4.49;0
50594;22.35;8.60;36.88;0.146;-2.11;22.00;0
50597;20.02;7.73;33.62;0.208;-2.04;19.52;0
50616;37.89;13.73;61.27;2.664;-36.69;-6.78;0
50620;34.05;12.20;54.33;0.159;-8.65;-32.48;0
50625;33.00;11.67;53.26;0.189;23.94;-21.89;0
51115;34.44;12.35;55.87;0.145;-28.62;-18.46;0
51128;33.62;12.01;56.09;0.154;30.66;-12.83;0
51153;22.81;8.72;43.66;0.222;19.06;-11.44;0
51157;30.92;19.06;62.29;0.156;-18.39;24.41;0
51576;34.45;12.21;55.23;0.142;-27.15;-20.63;0
51592;33.94;12.40;55.66;0.174;-28.29;17.86;0
51596;33.10;12.19;54.67;0.165;26.86;18.58;0
51620;20.83;7.58;33.73;0.173;-18.62;8.63;0
51624;19.90;7.43;32.20;0.175;18.06;7.64;0
52089;34.79;12.32;56.65;0.149;-18.09;-29.26;0
52105;34.29;12.50;57.01;1.171;-31.11;11.33;0
52108;33.56;12.28;54.15;0.147;33.05;3.07;0
52128;33.27;12.54;55.36;0.171;15.58;28.88;0
52133;32.02;11.86;53.01;0.187;13.49;-28.43;0
52136;20.19;7.50;34.06;0.252;18.77;-5.60;0
52575;34.40;12.03;54.59;0.144;-1.77;-33.99;0
52593;37.60;13.50;59.55;0.146;29.96;-22.04;0
52615;33.56;12.01;54.23;0.167;32.84;-4.14;0
53088;32.77;12.14;54.01;0.145;5.40;31.96;0
53106;33.80;12.09;54.49;0.139;19.97;-26.86;0
53127;36.52;13.46;58.87;0.175;34.21;11.10;0
53131;32.77;12.09;54.12;0.335;18.30;25.21;0
53582;33.92;11.94;54.41;0.152;3.07;-33.38;0
53594;37.17;12.95;58.22;2.326;-36.53;4.67;0
53619;32.83;11.92;52.95;0.182;2.31;32.22;0
53623;33.82;11.75;54.15;0.170;-4.87;-33.00;0
54079;23.19;8.23;37.70;1.041;-22.48;-4.76;0
54089;32.94;11.86;57.01;0.161;-3.54;32.32;0
54093;37.50;12.95;59.54;0.180;-4.67;-36.62;0
54116;33.22;11.69;52.63;0.204;-21.69;24.29;0
54575;33.22;11.87;53.24;0.139;32.56;-4.72;0
54587;33.97;11.84;53.31;2.330;-32.91;-6.75;0
54610;23.31;8.07;37.20;0.161;-21.10;-9.19;0
54614;33.19;11.81;53.54;0.207;27.05;18.04;0
55074;37.95;13.41;60.07;1.742;-37.01;6.75;0
55089;33.76;11.87;53.74;0.173;-21.64;25.26;0
55109;37.81;13.29;59.41;0.141;-35.43;12.05;0
55113;33.95;11.91;54.08;0.167;6.10;-32.93;0
55588;38.23;13.49;61.62;0.164;-25.64;-27.68;0
55600;32.72;12.04;52.40;0.196;26.97;17.44;0
55638;33.88;12.05;55.01;2.637;-33.17;3.98;0
56084;33.20;12.16;54.08;0.130;30.16;13.15;0
56096;33.36;12.18;56.08;0.155;30.11;-13.40;0
56115;36.69;13.37;60.21;0.195;35.51;5.98;0
56581;34.09;11.96;54.78;0.186;6.34;-32.93;0
56590;33.81;12.05;54.23;0.174;26.75;-19.89;0
56594;33.62;12.06;53.45;0.143;30.45;-13.38;0
56623;33.48;12.13;53.34;0.193;32.87;-1.05;0
57075;37.55;13.31;60.83;3.003;-37.13;-1.04;0
57087;34.27;12.19;55.23;1.882;-33.37;5.88;0
57091;36.98;13.48;59.41;0.163;28.62;22.66;0
57110;33.15;12.40;57.01;0.200;20.44;25.32;0
57121;34.69;12.05;54.20;0.177;-23.16;-25.10;0
57601;37.07;13.35;60.75;0.197;27.33;24.03;0
57613;38.17;13.42;61.85;1.033;-32.37;-17.87;0
57618;33.50;12.05;53.60;0.132;-15.32;29.44;0
57636;33.22;11.84;53.01;0.160;29.80;13.73;0
57640;33.77;21.01;69.58;0.379;4.90;31.81;0
58073;20.65;7.51;33.14;0.167;6.24;19.38;0
58083;34.33;21.26;69.23;0.202;15.18;30.15;0
58106;34.14;12.12;55.97;0.139;-31.84;11.28;0
58113;38.01;13.38;59.81;0.166;-31.27;20.69;0
58587;35.15;12.03;54.92;0.172;-21.01;-27.54;0
58595;35.16;11.96;55.00;1.421;-33.47;8.78;0
58619;34.19;11.78;53.04;0.216;29.71;15.32;0
58623;35.41;11.88;54.67;0.140;-21.46;-27.71;0
59083;34.44;11.61;53.54;0.134;19.17;-28.23;0
59098;24.09;7.88;35.90;0.171;-0.63;-23.75;0
59117;34.96;11.41;51.87;0.144;-32.61;-11.57;0
59121;34.42;11.35;52.48;0.160;13.66;-31.12;0
59125;35.12;20.62;63.63;0.164;11.24;-32.83;0
59579;34.56;11.43;52.01;0.129;17.49;-29.46;0
59588;34.80;11.30;50.80;0.144;-30.78;-15.43;0
59593;34.51;11.29;50.33;0.262;16.05;-29.32;0
59612;33.85;11.32;51.04;0.126;33.27;-4.59;0
59616;34.86;11.45;52.70;1.881;-32.71;-10.40;0
60077;30.36;10.18;49.50;0.201;-1.95;-29.71;0
60090;33.84;11.49;51.11;0.250;24.54;21.90;0
60093;35.11;11.51;52.50;2.914;-34.49;-4.31;0
60111;21.65;7.10;32.39;0.131;-1.25;-21.42;0
60117;23.62;8.10;36.88;0.170;16.84;-16.10;0
60574;34.62;20.55;64.01;0.135;-25.65;22.79;0
60586;34.49;11.25;51.48;0.130;-22.31;-25.91;0
60607;23.58;7.69;38.01;0.126;-0.79;-23.36;0
60616;33.65;11.43;52.95;0.240;-28.49;16.16;0
61076;32.04;10.85;48.76;0.133;10.27;-30.04;0
61093;35.92;12.38;54.82;0.172;1.22;35.38;0
61115;36.66;12.33;56.73;0.137;-28.60;-22.38;0
61118;36.08;12.39;56.32;0.141;-34.06;10.73;0
61591;35.49;12.20;55.04;0.160;-21.93;-27.31;0
61608;35.24;12.30;56.32;0.178;31.80;-13.93;0
61630;34.89;12.42;55.17;0.167;30.04;16.77;0
61634;34.19;12.22;54.23;0.210;7.49;32.64;0
62077;35.49;11.99;54.64;0.141;-31.74;-15.08;0
62087;31.13;10.98;49.04;0.184;28.31;11.71;0
62119;34.61;12.18;55.57;0.191;-15.11;30.46;0
62577;23.17;8.17;36.77;0.151;21.18;-8.74;0
62586;23.07;8.09;37.12;0.211;21.85;-5.77;0
62613;34.76;12.28;55.17;0.136;-21.00;27.28;0
62617;34.14;11.78;52.50;0.120;-18.01;28.70;0
63087;34.68;21.16;68.88;0.156;-11.10;32.42;0
63097;34.99;11.95;54.13;0.139;-32.20;12.79;0
63118;33.72;11.67;53.37;0.203;32.98;-2.28;0
63586;35.11;12.13;55.07;0.124;-26.90;22.11;0
63601;21.18;7.75;33.42;0.324;-5.86;19.33;0
63621;35.38;12.07;54.56;0.144;28.30;-20.59;0
63624;34.85;12.07;55.04;0.156;33.86;6.26;0
64076;35.71;12.34;55.17;0.175;-16.72;30.95;0
64097;36.19;12.12;55.23;2.221;-35.53;4.92;0
64116;32.32;10.80;49.58;0.239;-26.58;-16.82;0
64124;31.15;10.83;50.64;0.161;27.92;-12.88;0
64583;33.06;12.42;55.03;0.158;9.59;31.20;0
64596;34.12;12.38;56.36;0.190;24.47;-22.91;0
64625;22.06;8.47;36.72;0.174;8.59;19.96;0
65088;35.25;12.76;57.38;0.159;30.13;17.40;0
65099;35.52;12.86;57.43;0.199;34.67;3.58;0
65117;33.08;11.66;55.01;0.616;-31.03;-10.16;0
65121;22.41;8.13;36.22;2.047;-21.43;4.56;0
65126;32.29;11.73;52.50;0.145;-19.57;25.25;0
65256;23.76;8.35;38.05;0.178;-7.25;-22.24;0
65280;35.62;21.45;67.54;0.194;12.60;-32.68;0
65284;21.54;7.55;36.06;0.141;-11.01;-18.26;0
65341;31.63;11.26;50.33;0.161;27.66;14.49;0
65353;22.60;7.86;37.16;0.139;-11.75;-19.05;0
65357;31.90;11.16;50.29;0.197;-26.46;16.75;0
65372;35.30;12.25;54.45;0.134;34.95;-1.31;0
65395;36.51;12.80;57.49;0.138;-17.09;31.86;0
65416;33.05;11.38;52.47;0.139;-31.49;8.91;0
65418;37.20;12.79;58.31;2.420;-36.60;4.22;0
65584;32.63;11.30;50.25;0.142;23.51;22.14;0
65588;34.15;20.22;64.03;0.219;14.49;-30.24;0
65911;34.57;11.76;56.08;1.537;-33.38;7.16;0
65921;33.36;11.77;52.40;0.284;-14.79;28.56;0
65945;39.00;12.97;58.41;0.134;-34.78;-16.84;0
65947;37.78;12.98;59.21;0.246;36.34;-5.28;0
66368;22.65;8.05;35.74;0.140;-2.26;22.31;0
66380;33.84;11.41;51.62;0.126;12.48;-31.15;0
66403;34.12;11.44;52.63;2.752;-33.63;0.06;0
66407;33.51;11.28;50.61;0.181;25.49;-20.95;0
66883;20.30;7.12;31.78;0.142;0.09;20.09;0
66896;33.47;11.58;51.97;0.147;32.54;6.15;0
66918;33.52;11.47;51.08;0.266;32.40;1.53;0
66921;34.60;11.52;52.20;1.452;-33.94;-5.38;0
67375;33.52;11.59;51.40;0.208;30.89;11.17;0
67390;23.63;7.94;35.90;0.161;-0.15;-23.33;0
67394;22.88;8.13;36.40;0.177;-8.15;21.00;0
67415;34.26;11.59;53.01;0.229;19.65;-27.02;0
67420;34.38;11.54;52.55;0.211;25.62;-21.86;0
67887;34.41;11.50;52.77;0.133;-13.56;-31.28;0
67899;20.25;7.03;32.06;0.146;19.47;-4.75;0
67935;38.20;12.77;58.26;0.186;22.27;-30.26;0
68376;34.03;20.69;65.19;0.264;-22.30;24.55;0
68388;22.25;7.91;37.34;0.174;21.90;0.75;0
68414;34.62;20.31;63.63;0.169;-23.34;-24.90;0
68875;31.29;8.96;51.48;0.239;10.29;-28.69;0
68887;32.77;11.45;51.09;0.143;-20.38;25.21;0
68911;32.41;11.26;50.16;0.153;18.88;25.89;0
69381;32.93;19.96;62.61;0.151;-9.91;31.02;0
69414;34.45;20.67;67.08;0.158;-27.00;20.72;0
69436;23.08;7.84;35.69;0.148;0.45;-22.82;0
69440;22.84;7.89;37.05;0.157;-21.55;6.67;0
69876;35.15;12.19;55.32;0.214;31.29;14.27;0
69898;35.90;12.31;56.30;2.126;-35.03;-6.12;0
69920;35.05;12.30;55.23;0.259;27.54;19.90;0
69924;36.05;12.31;56.85;0.136;-31.56;-16.71;0
70379;36.82;12.91;58.18;0.146;-9.27;35.22;0
70394;33.36;11.59;51.55;0.160;-27.85;17.59;0
70416;33.32;11.45;52.55;2.660;-32.61;-4.84;0
70874;21.92;8.30;37.22;2.169;-21.12;3.79;0
70883;31.35;11.43;51.42;0.367;29.40;-1.75;0
70909;22.01;7.92;36.01;0.146;-0.69;-21.76;0
70913;32.54;11.67;52.20;0.166;-16.43;-27.57;0
71380;22.50;7.99;35.90;0.185;20.20;-9.11;0
71399;34.60;11.94;54.38;0.140;-21.80;-26.42;0
71403;38.12;13.18;59.41;0.154;-4.20;-37.43;0
71426;34.55;12.14;59.08;0.171;-1.48;-33.99;0
71872;20.11;7.62;36.12;0.188;-11.48;16.08;0
71882;34.34;12.09;54.74;0.152;-12.51;-31.58;0
71906;34.48;12.23;57.87;0.145;-14.37;-30.92;0
72369;33.88;21.31;67.72;0.193;16.53;28.95;0
72380;21.92;8.13;36.06;0.284;20.51;5.11;0
72407;20.13;7.62;33.14;0.150;3.89;19.52;0
72411;22.57;8.42;37.44;0.181;-16.46;14.92;0
72877;32.85;12.21;56.59;0.153;25.48;20.10;0
72891;33.73;11.91;54.04;0.175;-23.86;-23.12;0
72910;33.19;12.41;54.71;0.172;16.58;28.22;0
72918;34.36;20.76;69.20;0.162;-25.63;-22.22;0
73094;32.66;12.05;53.15;0.190;1.55;32.06;0
73383;34.01;12.12;53.91;0.142;-27.65;-19.21;0
73395;37.36;13.34;59.93;0.209;15.26;-33.25;0
73417;34.54;12.33;55.33;0.135;-33.21;8.20;0
73421;33.45;12.28;55.22;0.146;29.49;15.01;0
73875;36.55;13.27;59.46;0.161;20.29;29.84;0
73894;34.41;12.18;55.32;0.153;-0.17;-34.02;0
73916;34.17;11.86;53.26;0.151;-27.03;-20.25;0
74371;35.14;12.18;55.97;0.173;32.92;10.74;0
74386;34.77;11.72;52.80;0.142;21.84;-26.60;0
74428;34.77;11.85;52.35;0.175;29.78;16.94;0
74883;35.19;12.05;54.20;0.159;-25.03;24.10;0
74895;31.19;10.62;47.63;0.133;-19.65;23.87;0
74917;35.75;12.19;55.23;2.057;-34.36;6.78;0
74921;31.72;10.64;48.37;0.125;-8.99;-30.15;0
75376;22.79;7.54;34.41;0.168;-20.88;-8.32;0
75386;21.78;7.42;34.18;0.228;21.23;1.07;0
75414;31.51;10.63;48.38;0.197;30.89;1.79;0
75418;36.25;12.23;55.54;0.144;5.86;-35.39;0
75873;33.39;11.52;52.04;0.134;32.13;-7.89;0
75887;38.65;22.66;71.70;0.145;-29.30;-24.60;0
75908;35.15;11.83;54.56;2.169;-33.90;-7.81;0
76247;33.91;11.32;51.24;0.143;31.77;-10.88;0
76258;23.10;8.20;35.51;0.109;0.16;22.95;0
76261;35.29;20.83;66.40;0.145;14.44;-31.81;0
76285;34.70;11.45;51.62;0.127;10.38;-32.81;0
76299;35.53;20.71;65.30;0.130;-22.41;-27.18;0
76316;33.75;11.67;51.87;0.154;17.95;28.11;0
76327;34.99;11.54;52.09;1.977;-34.38;4.98;0
76338;35.39;11.57;53.31;0.133;-20.53;-28.43;0
76377;34.69;11.83;52.63;0.143;27.48;20.62;0
76397;34.67;11.84;53.04;0.210;25.32;22.67;0
76515;35.19;12.09;53.15;0.117;29.61;18.55;0
76520;36.34;12.01;54.56;0.279;-24.94;-24.64;0
76914;21.54;7.61;32.98;0.186;21.14;1.45;0
76925;35.86;12.23;53.81;0.096;29.96;19.37;0
76949;37.07;12.17;55.47;0.169;-23.13;-28.32;0
76953;31.08;10.48;47.80;0.111;-27.39;-14.25;0
77315;35.39;12.17;55.61;0.205;-12.96;32.19;0
77325;29.81;10.05;45.04;0.160;28.76;-6.33;0
77352;33.79;11.65;51.04;0.172;9.56;31.90;0
77818;32.92;11.29;51.24;0.127;32.43;-3.73;0
77832;23.13;7.93;36.24;2.761;-22.26;-4.43;0
77836;22.09;7.91;35.36;0.161;1.29;21.77;0
77860;36.59;12.68;58.14;0.140;-10.07;34.79;0
77863;37.14;12.51;57.01;0.148;-32.58;-16.99;0
78322;23.40;7.88;36.50;0.130;-9.47;-21.17;0
78336;32.47;11.29;50.60;0.119;14.76;28.65;0
78358;36.90;12.76;58.60;0.220;35.89;3.51;0
78361;36.86;12.90;58.03;0.134;7.18;35.80;0
78826;35.88;12.39;56.65;2.784;-35.12;-5.32;0
78839;33.74;11.49;51.74;0.156;14.28;-30.12;0
78843;37.95;13.12;59.44;0.164;-32.89;17.90;0
78862;37.36;13.34;60.17;0.150;36.93;0.96;0
79318;39.05;13.11;59.36;0.110;-35.89;-14.71;0
79327;23.69;8.13;37.70;0.143;3.33;-23.20;0
79331;34.36;11.47;53.60;0.158;-3.13;-33.79;0
79357;37.78;13.18;58.82;0.214;-1.49;36.95;0
79361;33.72;11.53;52.89;0.200;27.90;-17.78;0
79815;37.85;12.84;57.58;0.122;31.92;-19.77;0
79832;37.50;12.82;57.14;0.134;34.68;13.36;0
79854;33.33;11.43;50.92;0.156;32.81;2.77;0
80315;33.44;11.52;51.86;0.244;27.69;17.02;0
80328;33.48;11.41;51.24;0.116;-4.02;33.00;0
80348;33.35;11.47;50.93;0.249;-12.70;29.82;0
80352;37.49;12.89;56.30;0.184;35.67;9.38;0
80368;33.95;11.33;50.91;0.133;17.66;-28.65;0
80819;34.94;11.64;52.63;0.167;-31.78;-13.36;0
80834;33.85;11.56;51.11;0.122;-10.02;32.05;0
80859;34.48;11.65;53.31;0.108;-28.58;18.89;0
80863;34.26;11.34;51.86;0.187;13.22;-30.99;0
81323;36.16;21.37;66.48;0.154;-22.20;28.05;0
81333;33.92;11.57;51.04;0.133;33.10;-5.88;0
81355;34.44;11.51;52.70;0.174;10.25;-32.36;0
81359;34.65;11.46;53.15;0.217;-15.84;-29.99;0
81817;33.28;11.45;51.00;0.126;-10.97;31.14;0
81828;20.95;7.02;31.78;0.169;-0.98;-20.64;0
81832;20.35;7.15;32.20;0.192;16.92;-10.64;0
81851;38.33;13.05;60.21;2.614;-37.87;1.55;0
81858;33.96;11.28;50.80;0.127;-13.51;-30.84;0
82042;33.30;11.39;51.86;0.138;25.61;20.80;0
82056;38.69;12.93;58.42;0.230;-16.55;-33.92;0
82084;34.28;11.47;52.00;2.104;-32.94;-8.08;0
82095;34.04;11.39;52.33;2.372;-32.92;-7.14;0
82099;33.47;11.46;52.33;0.135;-17.74;28.01;0
82108;34.61;11.52;53.04;0.211;-25.85;-21.91;0
82121;34.55;11.52;53.14;0.117;7.29;-33.52;0
82125;37.94;13.06;59.00;0.305;36.35;-0.20;0
82183;33.14;11.51;52.20;0.141;31.63;8.70;0
82202;33.72;11.36;51.89;0.258;22.47;-23.74;0
82302;33.62;20.47;62.01;0.149;22.78;24.27;0
82306;33.85;11.30;51.86;0.143;19.43;-27.30;0
82811;34.39;20.25;63.95;0.163;8.35;-32.93;0
82824;33.68;11.58;52.50;0.143;-18.82;27.51;0
82845;34.55;11.53;52.48;0.205;-25.54;-22.26;0
82849;20.94;6.94;31.76;0.249;2.19;-20.23;0
83193;34.39;11.48;52.20;0.248;-26.78;-19.99;0
83216;34.44;11.46;52.15;0.123;-8.82;-33.02;0
83242;33.75;11.52;51.62;0.142;-17.27;28.60;0
83245;38.89;13.02;59.36;0.120;-35.08;-16.10;0
83620;38.16;12.96;58.69;0.132;-22.45;30.43;0
83631;33.53;11.53;51.89;0.150;-7.53;32.28;0
83651;38.15;12.95;58.82;0.141;-30.61;22.14;0
83655;38.86;12.89;58.31;0.131;-24.40;-29.82;0
83660;33.29;11.47;51.04;0.119;6.25;32.44;0
84116;33.39;11.27;50.45;0.186;32.77;-2.22;0
84133;38.58;12.73;57.80;0.223;-27.65;-25.61;0
84157;33.45;11.49;50.80;0.124;-13.49;30.31;0
84613;33.83;11.36;51.48;2.547;-32.79;-6.63;0
84627;37.55;12.53;57.25;0.131;-35.39;-11.54;0
84649;38.19;12.83;60.84;0.125;-20.83;-31.65;0
84653;37.66;12.69;57.07;0.124;1.57;-37.34;0
85110;32.08;11.16;50.61;0.112;-10.76;29.99;0
85121;31.73;11.24;50.09;0.161;30.46;7.37;0
85124;36.88;12.82;60.00;2.265;-35.95;5.94;0
85150;32.23;11.24;50.61;0.144;12.62;-29.29;0
85158;35.53;12.75;56.75;0.178;9.99;33.54;0
85613;33.16;20.27;62.94;0.167;27.66;17.52;0
85624;33.35;11.21;51.22;0.138;-29.45;-14.95;0
85654;21.85;7.96;35.01;0.197;7.24;20.19;0
86115;35.80;12.68;56.08;0.123;20.06;29.30;0
86129;37.22;22.42;69.40;0.192;-23.74;27.93;0
86148;31.80;11.06;48.83;0.139;28.84;12.66;0
86152;35.95;12.52;56.44;0.123;33.57;12.06;0
86621;35.80;12.08;54.78;0.140;5.97;-34.93;0
86638;21.22;7.64;33.30;0.231;-11.00;17.56;0
86642;23.31;8.46;37.59;0.285;-3.47;22.20;0
86682;31.76;10.74;48.37;0.148;8.00;-30.36;0
86685;21.05;7.48;33.06;0.141;2.31;20.71;0
87108;35.03;12.43;55.11;0.352;7.31;32.30;0
87133;36.78;12.62;57.69;0.150;-26.85;-24.52;0
87153;21.11;7.64;34.54;0.156;-4.68;20.31;0
87160;31.55;11.02;51.08;0.180;-4.90;30.67;0
87619;35.93;12.34;55.90;0.135;-32.87;13.65;0
87629;35.37;12.32;55.66;0.139;-30.69;16.87;0
87651;35.04;12.22;55.57;0.129;26.64;-22.28;0
87654;35.76;12.27;56.32;2.995;-35.27;-1.40;0
88120;32.50;11.27;50.99;0.155;-25.68;19.28;0
88131;35.93;12.42;55.90;0.123;22.39;-27.74;0
88154;35.64;21.97;71.39;0.224;15.20;31.42;0
88158;30.94;10.86;48.84;0.154;24.60;18.18;0
88620;31.08;11.04;49.09;0.161;8.54;29.47;0
88639;36.08;12.18;56.04;2.229;-35.43;4.87;0
88660;31.53;11.13;50.16;0.156;3.60;30.94;0
88663;36.59;12.60;61.03;2.263;-35.64;5.90;0
89115;37.44;12.73;58.03;0.142;-35.83;9.48;0
89128;32.06;10.75;49.65;0.233;-16.21;26.72;0
89152;36.52;12.49;56.44;0.188;35.06;7.69;0
89615;35.41;20.72;65.95;0.175;-28.87;-19.68;0
89629;34.19;11.49;51.66;0.209;28.84;-17.05;0
89650;34.68;11.64;52.24;1.880;-33.75;5.96;0
89653;33.85;11.45;51.04;0.139;32.81;-6.90;0
89658;34.06;11.52;52.77;0.143;30.92;-13.42;0
90119;21.90;7.73;34.48;0.160;20.71;6.21;0
90132;33.11;11.33;54.20;0.137;31.39;9.53;0
90152;33.98;11.27;52.20;0.130;-15.19;-30.08;0
90156;33.07;11.51;50.48;0.178;28.61;15.58;0
90164;33.42;11.39;52.01;0.130;-15.87;29.07;0
90608;34.15;11.22;52.01;0.138;-6.71;-33.14;0
90630;22.74;7.77;35.36;0.151;21.25;-7.37;0
90651;34.10;11.37;53.14;0.122;-16.23;-29.68;0
90657;36.65;12.81;57.28;0.129;29.76;20.84;0
91114;32.37;11.27;49.73;0.144;32.00;1.26;0
91125;33.38;10.99;49.93;0.140;10.81;-31.23;0
91129;36.58;12.54;55.54;0.125;13.56;33.66;0
91151;33.03;11.08;50.45;0.209;12.65;-29.78;0
91154;32.82;11.23;51.16;1.781;-31.19;7.44;0
91612;36.83;12.60;56.59;0.115;-21.74;29.41;0
91630;32.41;11.12;50.00;0.158;32.02;0.56;0
91655;36.91;22.50;68.51;0.143;32.81;16.06;0
91657;22.17;7.65;35.23;0.144;21.84;-2.07;0
92112;32.34;11.26;51.89;0.136;31.12;7.60;0
92123;33.05;11.28;50.80;0.123;-15.73;28.78;0
92142;33.81;11.35;52.39;2.928;-33.03;-3.46;0
92147;33.62;20.22;67.18;0.137;-22.22;24.80;0
92609;37.27;12.56;57.87;0.128;-12.86;-34.65;0
92626;31.86;10.84;49.09;0.127;-8.83;-30.34;0
92645;36.58;12.71;57.28;0.119;36.20;2.76;0
92653;38.01;12.74;58.01;0.129;-6.36;-37.14;0
93121;36.16;12.58;55.17;0.107;29.76;20.15;0
93144;36.62;12.70;57.78;0.223;31.42;-17.09;0
93174;33.70;11.20;50.70;0.133;4.52;-33.09;0
93628;36.91;12.56;56.30;0.169;34.51;11.58;0
93640;37.17;12.64;56.65;0.165;29.85;-21.33;0
93660;36.48;12.69;56.85;0.138;29.93;20.23;0
93664;32.76;11.35;50.22;0.202;-21.32;24.04;0
93668;32.20;11.18;49.93;0.144;29.71;11.59;0
94114;22.94;7.69;34.71;0.205;-2.87;-22.30;0
94127;32.22;11.19;51.04;0.167;-10.67;29.95;0
94152;32.20;11.06;49.40;0.131;-10.19;30.24;0
94156;33.06;10.92;49.40;0.196;2.23;-32.37;0
94612;32.71;11.22;50.33;0.137;-7.60;31.49;0
94627;33.83;19.83;63.07;0.192;6.57;-32.67;0
94647;33.65;11.24;51.11;0.145;-21.34;-25.56;0
94658;36.26;12.37;55.90;0.163;26.97;-23.53;0
95117;37.02;12.92;57.58;0.137;-5.80;36.20;0
95129;33.80;11.25;51.40;0.133;-29.59;-15.70;0
95157;33.35;11.22;51.20;2.998;-33.08;-0.68;0
95161;33.17;11.15;49.82;0.175;14.57;-29.25;0
95607;32.95;11.68;54.45;0.122;-0.23;32.70;0
95620;33.61;11.23;51.31;0.124;-31.19;-11.77;0
95640;32.60;11.09;49.66;0.186;-10.14;30.41;0
96121;32.75;11.32;53.49;0.157;-9.30;30.98;0
96134;37.23;12.66;57.49;0.133;-32.78;16.93;0
96154;32.01;11.20;50.00;0.187;26.06;17.62;0
96158;32.70;11.08;50.21;0.122;19.82;-25.68;0
96168;22.87;7.62;35.85;0.308;3.38;-21.65;0
96608;22.94;8.00;36.01;1.312;-21.96;5.41;0
96626;33.41;11.15;50.80;0.144;-2.33;-32.98;0
96646;33.73;11.40;52.33;0.153;6.56;-32.68;0
96650;36.41;12.74;57.38;0.127;30.54;19.25;0
97142;33.74;11.36;51.43;0.136;-20.68;-26.27;0
97176;32.80;11.43;51.20;0.167;13.18;29.56;0
97204;33.28;11.15;50.80;0.147;-1.91;-32.86;0
97207;37.48;12.63;57.87;2.931;-37.25;0.08;0
97617;33.38;11.24;50.45;0.124;15.17;-29.43;0
97648;37.45;12.57;57.07;0.124;0.86;-37.13;0
97651;37.14;12.66;57.01;0.117;34.21;-13.75;0
97671;33.35;11.21;51.01;1.187;-32.30;7.28;0
97678;23.26;7.74;35.44;0.124;-10.05;-20.78;0
98112;35.35;20.75;65.19;0.258;-25.27;-23.46;0
98123;32.76;11.32;50.00;0.118;14.33;29.18;0
98145;36.74;12.86;57.94;0.185;20.90;29.48;0
98155;33.07;11.48;51.92;0.160;17.67;27.46;0
98621;37.99;22.73;71.17;0.212;31.71;-19.68;0
98633;32.93;11.46;50.99;0.132;24.27;21.82;0
98657;36.97;12.62;56.30;0.185;36.32;1.81;0
98661;33.51;11.10;50.77;0.343;3.95;-31.49;0
99118;32.72;11.35;50.21;0.151;26.92;17.94;0
99132;23.00;8.00;36.06;0.295;-17.03;14.10;0
99136;38.62;22.85;72.35;0.132;-31.34;-21.99;0
99157;33.68;11.28;51.00;0.118;10.22;-31.84;0
99167;33.62;11.23;52.50;0.166;9.45;-31.80;0
99608;34.23;11.40;50.93;0.145;-29.21;-17.14;0
99618;37.70;12.58;56.61;0.148;15.49;-33.93;0
99644;22.88;7.90;35.69;0.152;-20.39;9.80;0
99647;20.93;7.07;32.57;2.840;-20.49;-0.35;0
100127;38.56;12.87;60.21;0.196;-28.12;-25.34;0
100137;36.63;12.61;56.36;0.131;21.18;29.49;0
100156;21.87;7.86;34.53;0.126;7.88;20.20;0
100160;21.90;7.81;34.37;0.154;1.58;21.58;0
100164;19.85;6.90;32.28;0.130;19.60;1.81;0
100612;32.45;19.43;61.03;0.171;27.42;-16.61;0
100625;36.35;12.49;54.67;0.127;30.70;18.90;0
100645;23.00;7.72;38.01;0.185;-4.86;-22.11;0
100648;21.86;7.88;35.34;0.185;-3.84;21.17;0
100987;22.53;7.57;35.36;0.166;11.30;-19.15;0
100999;32.95;11.26;49.98;0.154;-26.65;18.73;0
101041;36.32;12.58;56.44;0.112;22.82;27.94;0
101052;36.25;12.44;54.92;0.133;35.93;-0.55;0
101056;22.41;7.62;36.06;0.130;9.14;-20.23;0
101071;34.00;19.97;63.70;0.113;-21.59;-25.95;0
101076;22.11;7.78;34.41;0.130;-9.38;19.81;0
101086;31.94;11.16;49.58;0.166;25.66;18.28;0
101090;36.93;22.23;68.41;0.129;-24.09;27.54;0
101114;33.11;10.97;51.24;0.132;-15.54;-28.90;0
101119;37.53;22.29;68.88;0.176;22.38;-29.51;0
101286;21.85;7.63;33.30;0.152;19.24;9.79;0
101311;33.63;19.90;67.94;0.182;-27.04;-19.18;0
101332;33.73;11.43;51.97;2.360;-32.22;-8.40;0
101679;37.87;12.52;56.09;0.176;-9.27;-36.13;0
101691;32.99;19.98;62.01;0.130;31.83;-7.51;0
101714;37.62;12.48;57.27;0.186;-3.07;-36.87;0
101718;36.72;12.64;56.01;0.135;7.82;35.54;0
102072;32.88;11.02;50.45;0.129;15.33;-28.77;0
102089;31.73;11.11;49.37;0.196;11.48;28.97;0
102109;31.89;11.06;50.00;0.138;4.21;31.29;0
102113;36.18;12.30;56.29;0.289;34.41;-5.17;0
102585;36.65;12.51;57.20;0.127;-25.84;25.57;0
102598;33.53;11.19;50.99;0.125;-11.36;-31.25;0
102619;33.69;19.71;62.97;0.308;-14.71;-29.03;0
102623;36.79;22.15;69.53;0.164;-18.65;31.18;0
103080;37.25;12.60;56.36;0.124;-14.79;-33.87;0
103090;37.28;12.53;55.87;0.124;20.92;-30.49;0
103115;33.01;10.97;50.33;0.150;3.80;-32.42;0
103119;36.57;12.46;56.08;0.121;31.10;-18.72;0
103571;36.64;12.02;56.73;0.126;-28.38;-22.69;0
103590;36.29;12.23;55.33;1.942;-35.13;6.54;0
103612;36.38;12.05;57.49;0.162;-30.81;-18.45;0
103616;36.42;12.16;55.47;0.137;-25.40;-25.63;0
104078;35.18;11.88;53.91;0.153;19.70;-28.65;0
104090;36.47;11.94;55.03;0.128;-18.11;-31.29;0
104108;31.15;10.35;49.00;0.298;29.70;3.55;0
104112;35.73;12.32;55.90;0.118;-10.23;33.96;0
104115;36.21;11.93;54.13;0.254;-23.83;-25.84;0
104571;31.92;10.41;48.92;0.180;14.48;-27.89;0
104582;35.33;11.82;53.24;0.322;33.33;4.94;0
104615;35.34;11.95;54.08;0.149;-24.01;25.41;0
105081;31.96;10.43;46.87;0.177;22.38;-22.14;0
105093;36.40;12.05;54.41;0.133;-26.65;-24.30;0
105118;31.58;10.55;47.89;0.159;22.37;-21.72;0
105125;32.58;10.57;48.51;0.261;-13.74;-28.41;0
105572;32.78;10.74;49.09;0.132;-30.02;-12.43;0
105583;32.13;10.94;47.76;0.138;16.83;27.00;0
105604;32.21;10.92;49.40;0.148;-10.09;30.21;0
105609;36.38;12.25;55.61;0.156;-18.26;30.96;0
106082;31.98;10.87;47.93;0.120;16.99;26.81;0
106094;36.23;21.90;65.92;0.159;34.68;9.00;0
106113;33.11;10.86;49.65;0.136;-31.45;-9.30;0
106117;33.14;10.86;49.24;0.201;-2.11;-32.43;0
106573;37.46;12.21;55.32;0.132;-27.22;-25.25;0
106582;36.49;12.23;55.32;0.147;32.46;-15.78;0
106624;37.20;12.35;56.04;0.126;13.49;-34.33;0
106627;36.21;12.36;54.56;0.158;30.98;17.88;0
107069;31.73;10.67;48.02;0.136;29.68;10.38;0
107079;36.82;12.44;56.60;0.142;-30.21;20.37;0
107101;36.40;12.31;55.47;0.189;-25.40;25.22;0
107105;32.07;10.77;48.80;0.114;-17.94;26.30;0
107581;35.98;12.12;53.94;0.131;33.09;-13.32;0
107592;33.13;10.70;49.09;0.125;-8.89;-31.64;0
107613;22.46;7.52;34.13;0.153;-21.08;6.96;0
107618;32.86;10.94;49.52;0.142;17.28;-27.57;0
108093;36.72;12.18;54.74;2.425;-36.31;2.72;0
108104;35.61;12.04;53.04;0.124;6.26;34.78;0
108124;36.31;12.01;54.04;1.828;-35.59;5.75;0
108130;36.76;21.76;65.00;0.129;27.15;-24.29;0
108582;34.42;11.48;52.17;0.207;33.65;-2.49;0
108595;31.47;10.58;47.51;0.129;-17.38;25.92;0
108614;31.26;10.54;52.63;0.135;-13.45;27.91;0
108617;35.05;11.93;52.35;0.130;33.24;10.14;0
108621;30.86;10.53;47.43;0.128;-5.31;30.13;0
109074;35.39;12.09;54.56;0.133;33.56;10.17;0
109084;36.48;11.84;53.60;0.118;-13.44;-33.63;0
109107;35.25;11.87;52.39;0.143;33.47;9.84;0
109111;36.32;11.91;54.82;0.121;1.57;-36.01;0
109600;32.90;19.20;60.02;0.125;-0.20;-32.64;0
109639;36.38;11.70;55.33;0.154;-12.69;-33.64;0
109658;35.35;11.90;53.49;0.146;34.75;3.90;0
109666;32.04;10.50;47.41;0.129;-24.47;20.24;0
110075;32.07;10.65;47.80;0.123;-28.25;14.62;0
110088;21.53;7.25;33.73;0.204;20.09;-6.45;0
110092;35.85;21.64;65.80;0.124;20.21;29.28;0
110112;31.19;10.55;47.07;0.128;-3.92;30.68;0
110115;36.05;11.92;54.59;2.270;-35.54;3.37;0
110572;32.33;10.67;49.50;0.131;-4.91;-31.67;0
110583;36.94;12.08;54.20;0.110;12.02;-34.68;0
110603;36.05;21.79;65.92;0.246;21.46;27.99;0
110607;22.46;7.34;34.21;0.162;1.17;-22.14;0
110931;35.28;11.89;52.80;0.117;31.27;15.76;0
110943;35.93;12.05;54.33;0.126;35.53;-2.89;0
110965;36.34;11.98;54.04;1.562;-35.70;5.59;0
110976;36.46;12.01;55.33;0.147;-33.74;12.76;0
110980;35.85;12.09;54.41;0.124;32.72;13.94;0
110992;35.40;12.01;53.01;0.135;26.18;23.33;0
111008;31.02;10.50;46.52;0.188;29.90;6.13;0
111011;30.82;10.62;49.03;0.155;30.44;0.18;0
111033;36.58;12.06;54.04;0.126;-35.17;8.91;0
111201;36.77;12.16;55.44;0.123;-34.59;11.62;0
111204;35.92;11.94;53.45;0.253;34.86;-1.22;0
111226;40.46;24.12;75.29;0.114;-23.91;32.28;0
111680;36.81;12.43;57.71;1.966;-33.84;9.77;0
111707;36.65;12.36;55.44;0.162;12.13;34.10;0
111729;35.57;21.65;68.43;0.180;16.89;30.72;0
111733;21.33;7.44;33.14;0.116;4.89;20.62;0
111736;22.39;7.55;34.13;2.250;-21.89;2.78;0
112048;35.52;11.91;53.85;0.127;32.58;-13.41;0
112065;31.32;10.45;47.51;0.138;16.94;-25.98;0
112096;36.90;22.02;70.33;0.169;-27.70;23.59;0
112497;31.82;10.80;47.71;0.129;19.94;24.46;0
112508;35.82;12.12;53.41;0.135;31.53;16.32;0
112531;33.53;10.85;49.34;0.157;-18.22;-27.67;0
112535;33.45;10.90;50.16;0.144;-8.39;-32.04;0
113002;22.60;7.59;34.83;0.141;11.09;-19.43;0
113012;37.75;12.28;55.71;1.921;-37.05;-5.91;0
113033;33.11;10.75;48.83;0.170;12.08;-30.34;0
113036;22.76;7.50;35.00;2.616;-22.16;2.98;0
113497;36.05;12.09;54.34;0.120;35.70;2.42;0
113507;33.05;10.78;48.76;0.118;-30.00;13.27;0
113528;21.82;7.53;33.14;0.126;4.30;21.21;0
113532;37.56;12.63;55.90;2.615;-34.35;7.26;0
114003;32.49;10.90;49.25;0.131;30.36;-10.72;0
114015;32.38;10.87;49.09;0.168;30.96;-7.89;0
114036;37.01;12.35;56.04;0.132;25.03;-26.83;0
114040;36.85;12.24;55.61;0.208;16.23;-32.23;0
114502;34.16;20.24;62.10;0.162;-30.02;15.41;0
114513;32.73;10.84;49.16;0.118;-31.04;9.60;0
114549;36.98;12.22;55.58;2.209;-36.33;4.45;0
114551;37.04;12.17;56.29;2.742;-36.53;-2.66;0
115002;21.60;7.46;34.01;0.135;21.07;-3.82;0
115015;21.25;7.59;34.01;0.215;3.75;20.46;0
115035;35.09;12.02;53.41;0.189;27.31;21.08;0
115045;32.83;10.85;49.09;0.190;21.52;-24.05;0
115496;36.74;12.10;55.23;0.144;-28.32;-22.80;0
115506;31.98;10.73;48.04;0.120;31.38;-4.77;0
115527;32.20;10.99;51.43;0.271;-23.14;20.84;0
115531;32.93;10.86;52.55;0.127;-17.17;-27.77;0
115534;35.61;12.05;54.41;0.253;32.98;10.38;0
116003;22.86;7.62;35.13;1.546;-22.22;4.41;0
116015;36.52;12.18;54.92;0.128;-33.74;13.15;0
116035;22.31;7.48;34.13;0.123;-21.30;5.99;0
116043;32.42;10.77;48.33;0.159;24.69;-20.39;0
116502;36.33;12.33;54.23;0.174;20.79;29.17;0
116516;37.91;22.13;71.59;0.154;-34.21;-15.38;0
116538;22.26;7.79;34.83;0.160;-9.88;19.65;0
116542;37.55;22.51;70.18;0.200;-25.59;26.65;0
116546;37.28;21.99;67.12;0.133;13.48;-34.41;0
117004;33.34;10.90;49.58;0.127;-28.14;-17.36;0
117013;37.37;12.30;55.22;2.245;-34.95;-11.17;0
117031;36.83;21.89;67.62;0.111;-30.22;20.60;0
117045;22.20;7.80;35.23;0.155;-7.88;20.47;0
117501;33.40;10.98;50.01;0.148;-7.54;-32.15;0
117516;37.17;12.24;55.61;0.156;22.90;-28.73;0
117536;32.31;10.81;48.30;0.157;30.99;7.70;0
117812;36.94;12.23;55.61;0.137;15.41;-33.18;0
117824;31.77;10.84;47.80;0.143;24.07;20.23;0
117844;35.74;12.20;55.44;0.133;35.37;-1.91;0
117883;23.02;7.56;34.48;0.147;-10.49;-20.20;0
117902;21.92;7.62;34.21;0.184;-9.07;19.58;0
117907;38.01;22.36;81.69;0.156;-33.26;-17.52;0
117930;37.04;12.21;57.20;0.203;-31.63;-17.86;0
117934;32.37;10.86;50.61;0.204;18.83;-25.54;0
117938;36.53;12.29;56.08;0.139;-17.04;31.92;0
117962;36.15;12.34;54.82;0.138;28.17;22.09;0
117966;36.31;12.17;55.71;0.125;30.36;-19.37;0
118131;32.73;10.74;48.92;0.179;14.99;-28.54;0
118135;32.50;10.80;49.24;0.233;23.22;-21.55;0
118526;35.31;12.05;54.13;0.194;34.19;5.80;0
118540;33.09;10.87;49.65;0.190;-24.84;-20.99;0
118560;35.60;12.25;53.74;0.142;29.86;18.73;0
118568;35.73;12.00;54.45;0.262;33.85;-7.32;0
118910;37.30;21.75;67.23;0.129;-25.39;-26.88;0
118926;35.52;11.82;54.04;0.148;-8.23;-34.16;0
118950;32.39;10.60;47.51;0.166;9.14;-30.63;0
119377;32.77;11.04;49.24;0.167;-28.84;14.61;0
119393;32.98;10.84;48.55;0.165;9.80;-31.04;0
119414;32.10;10.93;47.42;0.170;26.57;17.22;0
119420;36.65;12.28;55.54;0.137;-30.93;18.99;0
119890;36.70;12.27;54.82;0.122;32.39;-16.64;0
119900;35.61;12.17;54.71;0.110;-5.16;34.99;0
119920;22.48;7.55;34.48;0.188;-8.14;-20.56;0
119923;21.36;7.46;33.06;0.142;20.96;-2.86;0
119925;22.21;7.62;34.93;2.607;-21.92;0.52;0
120383;32.85;10.73;50.70;0.113;-16.85;-27.95;0
120395;35.96;12.24;54.20;0.142;24.35;25.97;0
120398;36.86;12.38;57.80;0.153;15.65;-32.91;0
120420;31.72;10.83;48.26;0.153;-11.60;29.13;0
120424;31.78;10.71;48.41;0.167;-13.05;28.51;0
120881;36.73;21.91;67.80;0.120;-25.93;25.62;0
120896;36.96;12.29;56.30;2.748;-36.30;-4.56;0
120900;37.07;12.23;56.30;0.188;-21.37;-29.52;0
120919;21.66;7.38;36.00;0.172;20.49;-5.95;0
120923;21.39;7.61;34.79;0.133;7.91;19.67;0
121388;33.48;10.97;50.48;0.145;-24.67;-22.12;0
121406;36.04;12.15;54.42;0.134;35.23;5.87;0
121410;31.65;10.85;47.54;0.170;15.40;27.14;0
121430;21.72;7.50;34.71;0.106;-2.05;21.49;0
121443;36.61;12.11;54.41;0.114;16.08;-32.60;0
121882;37.09;12.15;55.47;2.749;-35.87;-6.88;0
121902;32.89;10.67;48.55;0.117;-21.96;-24.16;0
121925;32.40;10.67;50.25;0.144;18.49;-26.21;0
121932;37.06;12.18;55.04;0.326;-12.75;-32.90;0
122381;21.86;7.66;34.01;0.132;-5.22;21.02;0
122394;22.38;7.51;34.54;0.148;2.94;-21.94;0
122416;32.30;11.02;50.00;0.156;27.58;-16.06;0
122433;36.83;12.26;55.97;0.162;-32.73;15.85;0
122880;37.21;12.35;55.76;0.173;24.28;-27.47;0
122892;36.85;22.15;68.80;0.159;-26.34;25.11;0
122896;36.92;21.99;68.82;0.264;-17.92;31.20;0
122915;37.24;12.35;56.08;0.180;-8.42;-35.68;0
122924;37.14;12.23;56.59;0.179;17.25;-32.25;0
123376;37.55;22.94;72.47;0.125;29.14;23.20;0
123392;36.46;12.62;55.90;0.122;22.84;28.05;0
123396;33.34;11.08;53.94;0.252;-4.20;-32.09;0
123416;36.50;12.48;55.08;0.128;9.61;34.89;0
123420;32.74;11.15;50.16;0.115;-6.46;31.87;0
123890;32.33;10.97;50.96;0.280;31.10;-2.15;0
123905;33.33;10.98;49.41;0.131;14.11;-29.88;0
123926;33.46;10.98;50.96;0.119;-12.57;-30.75;0
123930;32.74;11.29;50.49;0.328;-26.52;16.35;0
124389;37.29;12.41;56.52;0.101;-33.92;15.00;0
124402;22.94;7.63;35.81;0.190;10.09;-20.17;0
124424;22.12;7.99;34.54;0.215;-2.23;21.54;0
124887;32.23;11.09;49.41;0.108;23.05;22.23;0
124907;33.36;11.05;49.66;0.122;-16.21;-28.87;0
124941;33.27;20.16;61.39;0.128;11.88;30.81;0
125384;33.34;11.03;50.57;0.129;8.49;-31.94;0
125400;34.19;11.13;50.48;0.113;-24.20;-23.82;0
125421;36.90;12.64;56.40;0.250;30.14;19.41;0
125426;33.78;11.08;51.04;0.210;-20.99;-25.58;0
125879;32.50;11.09;48.37;0.147;18.76;26.12;0
125894;36.53;12.38;55.01;0.197;24.35;26.33;0
125916;32.56;11.04;51.97;0.198;31.89;-2.24;0
125920;33.12;10.92;55.15;0.158;8.90;-31.48;0
125924;32.09;10.99;52.01;0.121;4.48;31.53;0
126376;33.96;11.06;50.61;0.116;-29.58;-16.22;0
126385;36.18;12.52;54.67;0.119;27.11;23.55;0
126407;37.86;12.54;56.65;2.676;-36.91;-6.04;0
126425;32.66;11.13;50.16;0.236;-29.82;11.13;0
126887;23.25;7.74;35.44;2.981;-23.00;-1.97;0
126899;38.12;12.59;57.38;0.126;-21.75;-30.93;0
126920;32.72;11.27;49.98;0.334;-23.23;20.68;0
126924;36.13;12.38;55.44;0.145;31.66;16.65;0
127385;36.95;12.40;56.61;0.127;33.11;-15.71;0
127394;34.13;19.78;61.10;0.190;5.54;-33.17;0
127414;38.01;12.52;59.14;2.245;-37.27;-5.70;0
127417;33.69;11.01;51.79;0.142;-1.92;-33.29;0
127884;20.58;6.96;31.40;0.131;-19.39;6.35;0
127894;33.87;11.22;51.11;0.129;-30.96;-13.01;0
127912;33.43;19.85;63.89;0.169;27.77;-17.89;0
127921;23.15;7.76;37.20;0.160;-21.28;-8.33;0
128382;38.06;12.55;57.80;0.126;-27.25;-26.12;0
128394;38.57;22.62;74.25;0.104;-26.88;-27.34;0
128397;23.27;7.88;37.48;1.790;-20.77;-9.08;0
128419;21.96;7.61;33.24;0.128;-2.02;21.68;0
128882;37.24;12.59;55.95;0.126;-8.67;35.92;0
128894;21.99;7.78;34.23;0.182;2.25;21.54;0
128901;36.80;12.58;56.30;0.166;19.84;30.42;0
128921;37.26;12.66;56.73;0.145;-21.48;29.97;0
128925;37.17;12.45;57.43;0.174;33.51;-14.85;0
128932;38.61;22.68;71.12;0.133;-23.55;-30.16;0
129140;23.13;7.67;34.79;0.117;3.30;-22.73;0
129152;37.44;12.67;56.73;0.132;-22.03;29.87;0
129187;38.20;12.48;57.22;0.180;-6.49;-37.05;0
129199;32.58;10.94;49.04;0.146;26.66;-18.14;0
129202;36.66;12.37;55.90;0.273;31.86;15.46;0
129206;36.58;12.45;55.57;0.145;25.11;26.07;0
129212;33.30;11.16;50.99;0.122;20.39;-26.00;0
129215;23.07;7.88;38.08;3.006;-22.75;-1.60;0
129228;32.53;11.08;49.52;0.134;26.91;17.77;0
129238;33.09;19.72;61.72;0.122;-21.48;24.81;0
129254;37.40;12.41;56.30;0.242;10.23;-34.93;0
129258;37.19;12.52;56.61;0.197;29.34;-21.72;0
129429;32.60;11.13;49.40;0.119;20.25;25.23;0
129432;33.63;11.07;50.25;0.157;9.34;-31.88;0
129435;36.94;12.52;56.32;0.151;36.49;1.56;0
129859;33.83;11.09;49.77;0.176;4.87;-32.98;0
129870;38.36;12.59;58.26;0.116;-29.08;-24.61;0
129898;21.74;7.72;34.37;0.132;6.46;20.56;0
130249;33.57;11.49;50.93;0.126;-17.67;28.21;0
130263;34.47;20.15;61.47;0.167;-19.55;-27.85;0
130283;37.11;12.75;56.46;0.275;33.26;13.37;0
130305;36.39;12.36;56.44;0.137;33.81;-12.49;0
130714;37.00;22.64;74.33;0.150;24.24;27.45;0
130731;33.19;10.97;50.29;0.606;-31.35;-9.69;0
130735;32.83;19.61;60.31;0.142;20.39;-25.33;0
130772;36.18;22.01;67.36;0.148;27.91;22.45;0
131213;35.87;12.16;54.56;0.149;26.33;-23.77;0
131239;32.20;10.92;48.92;0.158;27.70;15.66;0
131261;23.15;7.71;35.85;0.130;-10.00;-20.67;0
131266;33.42;11.02;52.63;0.107;-27.71;-18.31;0
131270;21.71;7.64;34.93;0.187;10.75;18.45;0
131725;37.64;12.68;56.61;0.120;-32.41;18.58;0
131737;37.19;12.61;55.97;0.131;31.67;18.89;0
131759;34.14;11.14;51.20;0.168;-14.96;-30.17;0
131764;32.90;11.29;50.00;0.132;24.80;21.17;0
132216;33.90;11.05;50.33;0.132;-27.05;-19.93;0
132228;33.22;11.03;50.70;0.117;6.92;-32.25;0
132251;37.40;12.71;58.73;0.114;-22.53;29.53;0
132255;22.33;7.90;37.12;0.132;-5.01;21.55;0
132259;38.10;12.64;58.19;2.935;-37.42;-4.27;0
132724;34.00;11.42;51.74;0.134;-29.05;-17.06;0
132736;38.73;12.67;57.78;0.120;-22.64;-31.07;0
132740;33.16;11.17;50.21;0.124;-19.98;26.15;0
132765;33.25;11.11;51.87;2.140;-31.01;-10.23;0
132774;36.85;12.46;55.76;0.120;34.16;13.05;0
133218;34.12;11.18;51.24;0.147;-11.92;-31.58;0
133230;23.43;7.70;34.89;0.122;-12.90;-19.34;0
133234;33.44;11.20;50.16;0.139;9.75;-31.66;0
133253;37.74;12.54;56.73;0.106;19.33;-32.14;0
133257;32.63;11.14;49.40;0.166;14.15;28.92;0
133270;33.41;11.19;50.22;0.194;-28.95;15.51;0
133714;38.05;12.64;57.07;0.123;-35.12;13.84;0
133725;32.64;11.12;50.22;0.139;-15.28;28.47;0
133745;37.55;22.61;68.95;0.287;-31.45;18.37;0
133748;22.96;7.78;34.99;2.867;-21.62;-5.14;0
133756;32.75;11.17;50.22;0.136;24.33;21.45;0
134225;31.99;10.96;49.41;0.161;23.87;20.70;0
134242;37.67;12.44;56.08;0.118;-29.65;-22.79;0
134265;32.76;11.17;49.74;0.164;-23.26;22.47;0
134268;36.46;12.52;55.95;0.138;35.22;7.96;0
134718;31.78;10.84;48.17;0.214;28.27;12.97;0
134730;32.22;11.06;48.84;0.206;2.36;31.49;0
134754;36.94;12.37;55.76;0.142;-11.74;34.65;0
135214;36.15;12.36;54.64;0.195;33.01;13.13;0
135230;36.21;12.24;53.91;0.155;31.85;16.32;0
135252;32.32;10.99;49.04;0.179;-14.30;28.44;0
135715;36.11;12.44;55.54;0.232;22.87;26.78;0
135727;22.59;7.73;34.37;0.156;-21.04;7.47;0
135731;37.01;12.19;58.25;0.121;-34.58;12.37;0
135751;32.44;10.82;50.33;0.253;23.46;-20.99;0
135754;32.37;11.26;50.01;0.246;3.07;31.33;0
136221;37.61;12.42;56.60;0.140;-34.96;-12.84;0
136237;37.01;12.31;56.40;0.188;-28.29;-22.89;0
136256;35.89;12.15;55.54;0.305;34.26;2.95;0
136259;35.79;12.26;54.78;0.144;34.97;5.55;0
136264;37.05;12.52;56.59;0.110;-22.48;29.14;0
136712;21.64;7.77;33.54;0.130;20.45;6.44;0
136721;33.26;11.04;50.00;2.711;-32.73;-4.16;0
136750;36.34;12.31;54.42;0.114;-6.91;35.42;0
137221;22.90;7.69;34.71;0.115;1.75;-22.68;0
137232;34.31;20.38;61.68;0.130;-29.11;17.61;0
137270;32.26;11.11;50.91;0.130;27.22;16.78;0
137274;23.05;7.55;34.79;0.136;-8.35;-21.25;0
137714;22.54;7.51;33.73;0.142;6.82;-21.24;0
137724;36.93;12.62;55.33;0.164;12.09;34.39;0
137746;36.66;12.51;55.32;0.152;29.15;21.54;0
137750;32.40;11.25;50.49;0.193;4.72;31.47;0
138220;37.49;12.47;55.90;0.119;21.66;-30.27;0
138234;37.42;12.55;57.01;1.647;-36.43;6.97;0
138253;22.64;7.53;34.18;0.118;3.53;-22.19;0
138258;33.19;10.95;49.65;0.150;8.26;-31.77;0
138715;33.18;11.01;50.00;0.125;-29.07;15.46;0
138725;37.99;12.63;58.25;0.129;-14.35;-34.82;0
138749;32.45;11.20;49.82;0.221;-17.16;26.67;0
139223;38.13;12.58;57.38;0.120;-32.56;-19.30;0
139234;36.25;12.31;54.41;0.139;25.72;25.05;0
139238;33.01;10.78;49.66;0.225;4.81;-31.88;0
139261;36.39;12.42;55.04;0.149;5.89;35.52;0
139716;36.72;12.25;55.07;0.180;25.68;-25.46;0
139726;36.69;12.32;55.73;0.116;-34.45;11.82;0
139746;32.25;11.10;49.65;0.289;-25.25;18.01;0
139749;32.73;10.92;49.50;0.161;-27.63;-16.79;0
139758;37.02;12.24;55.00;0.130;23.08;-28.55;0
140224;32.69;10.72;49.16;0.133;-9.24;-31.05;0
140247;31.72;10.87;48.33;0.142;-6.97;30.61;0
140267;31.76;10.78;48.05;0.179;31.20;-2.04;0
140271;32.86;10.89;50.48;0.106;-22.64;-23.55;0
140714;37.64;12.44;56.52;0.152;-0.07;-37.20;0
140726;36.53;12.28;55.44;0.113;23.04;-28.02;0
140752;33.14;10.94;50.25;0.203;-27.59;-17.20;0
140760;36.73;12.31;55.90;0.159;25.64;-25.68;0
141215;33.46;19.71;62.61;0.145;7.41;-32.27;0
141224;31.74;11.03;48.84;0.154;26.13;17.37;0
141249;37.11;12.09;55.23;0.164;-33.40;-15.01;0
141253;37.64;12.41;56.08;0.110;-35.22;-12.58;0
141719;32.90;11.03;52.04;1.442;-32.25;5.13;0
141732;33.76;19.82;60.46;0.234;11.68;-30.95;0
141751;32.82;11.11;49.65;0.109;29.39;-14.13;0
141754;37.87;12.50;56.57;0.209;-33.08;-16.78;0
142212;36.68;12.57;56.29;0.167;0.99;36.17;0
142228;37.71;12.47;57.01;0.132;-36.40;8.44;0
142250;33.20;10.96;49.82;0.161;13.00;-30.11;0
142740;33.35;11.14;50.04;0.140;-31.64;9.49;0
142765;33.25;10.95;50.25;0.131;10.90;-31.10;0
142795;33.38;10.89;49.66;0.132;-19.77;-26.54;0
142799;36.31;12.37;55.57;0.129;-12.32;33.82;0
142802;36.06;12.24;55.36;0.341;33.81;5.27;0
143215;31.98;11.09;49.52;0.149;27.88;14.94;0
143230;37.27;12.46;55.76;0.164;25.42;-26.60;0
143233;32.40;11.02;51.01;0.114;31.64;-5.87;0
143240;32.49;11.01;49.03;0.129;29.59;-12.74;0
143254;36.12;12.42;55.15;0.137;35.29;5.86;0
143266;22.11;7.54;34.06;0.155;20.91;-6.34;0
143270;32.06;10.94;48.55;0.134;22.32;22.61;0
143304;32.42;10.99;49.65;0.193;30.73;-8.35;0
143319;37.33;12.44;55.90;2.446;-36.77;2.31;0
143339;37.52;12.37;56.22;0.156;-5.43;-36.68;0
143355;36.63;12.50;56.52;0.171;-31.23;18.13;0
143371;33.54;19.65;62.94;0.116;-27.76;-18.36;0
143395;37.24;12.38;56.80;0.161;-23.48;-28.28;0
143399;37.18;12.35;55.97;0.172;-19.60;-30.98;0
143563;37.75;12.34;56.32;0.207;-8.51;-36.00;0
143574;21.66;7.54;33.14;0.127;20.99;-4.57;0
143589;32.48;10.94;49.19;0.122;-11.27;30.18;0
144008;35.86;12.30;56.44;0.306;34.05;4.54;0
144018;35.77;12.10;54.12;0.134;34.44;8.42;0
144040;36.87;12.14;55.11;0.127;-13.30;-34.06;0
144043;35.86;11.96;54.59;0.276;34.16;5.71;0
144047;35.72;12.12;55.97;0.122;15.74;31.76;0
144382;35.81;21.94;66.71;0.135;19.70;29.53;0
144393;35.31;21.53;67.01;0.129;30.94;16.44;0
144423;32.67;10.84;48.84;0.112;-9.69;-30.97;0
144856;36.72;12.20;55.32;0.165;-29.30;-21.34;0
144865;32.37;10.73;49.09;2.012;-31.11;6.86;0
144883;32.16;10.81;48.60;0.137;23.94;-21.01;0
144887;36.77;12.33;55.57;0.172;25.35;-25.90;0
145349;35.95;12.19;55.36;0.142;-30.43;18.45;0
145369;36.00;12.71;55.71;0.241;-1.71;35.00;0
145390;31.00;10.84;48.17;0.122;3.47;30.56;0
145393;21.36;7.33;33.00;0.207;20.13;-5.75;0
145863;37.09;12.20;55.46;0.126;-22.15;-29.37;0
145880;33.04;10.85;49.50;0.219;-24.12;-21.48;0
145901;37.33;12.38;56.08;0.884;-28.56;-20.56;0
146352;33.19;10.80;49.98;0.128;-11.03;-31.01;0
146363;32.53;11.00;49.24;0.181;-22.41;22.87;0
146392;33.07;10.75;49.58;0.133;-26.71;-18.99;0
146847;22.38;7.47;34.44;0.254;8.33;-20.07;0
146855;22.71;7.64;35.13;1.997;-21.73;4.78;0
146860;32.82;10.88;48.80;0.162;23.31;-22.52;0
146953;32.84;11.01;49.48;0.137;-29.61;13.47;0
147355;31.48;10.57;47.04;0.179;30.25;-6.77;0
147376;36.95;12.12;55.57;0.134;-24.33;-27.35;0
147398;34.87;11.95;54.13;0.189;22.33;26.00;0
147404;30.39;10.42;46.10;0.205;9.90;28.10;0
147852;32.25;10.97;49.19;0.398;-22.98;19.30;0
147861;35.35;11.88;53.45;0.219;34.57;0.25;0
147883;35.44;12.04;54.08;0.130;31.80;14.94;0
147887;36.95;21.59;71.57;0.170;-12.07;-34.44;0
148282;21.48;7.47;34.01;0.144;21.09;-2.69;0
148293;22.37;7.25;33.24;0.170;1.74;-21.99;0
148297;32.18;10.33;49.65;0.114;-30.46;-9.66;0
148335;36.44;11.99;54.59;0.128;-34.16;11.77;0
148345;36.62;11.98;54.59;2.420;-36.19;2.52;0
148349;35.86;11.94;53.76;0.156;30.69;-17.72;0
148360;31.97;10.55;47.20;0.125;12.86;-28.99;0
148378;21.28;7.28;32.65;0.154;-6.12;20.11;0
148396;32.09;10.59;49.25;2.251;-31.04;5.94;0
148400;36.20;11.93;55.97;0.125;-31.37;-17.44;0
148569;35.82;11.86;53.45;0.168;35.28;1.68;0
148573;35.68;12.05;54.92;0.214;14.84;31.62;0
148591;21.60;7.18;32.39;0.189;21.02;-3.00;0
149006;30.99;10.11;45.97;0.150;-26.84;-14.81;0
149018;36.78;12.04;54.82;0.136;-16.69;-32.38;0
149040;36.02;11.85;53.71;0.173;-23.41;-26.68;0
149044;35.94;21.60;66.73;0.241;-29.68;18.91;0
149402;22.43;7.26;33.54;0.184;-0.94;-22.05;0
149413;32.44;10.65;49.65;0.120;-30.81;-9.35;0
149416;35.44;21.46;66.19;0.128;33.66;10.05;0
149435;31.33;10.43;47.07;0.211;27.25;-14.09;0
149447;35.46;11.95;52.80;0.121;34.27;8.01;0
149837;35.42;12.05;54.08;0.129;5.97;34.61;0
149853;36.80;12.09;55.95;0.616;-35.49;-8.63;0
149858;32.55;10.65;48.27;0.185;18.83;-25.91;0
149874;36.07;11.99;54.42;0.152;11.83;-33.65;0
149876;35.04;11.79;54.08;0.216;34.21;2.14;0
149897;22.06;7.43;36.22;0.257;-2.85;-21.20;0
149901;22.35;7.30;34.37;0.212;-3.55;-21.60;0
149906;36.25;11.94;54.13;0.180;29.89;-19.51;0
149922;36.00;21.78;65.74;0.549;-6.80;31.98;0
149936;21.87;7.41;33.53;0.135;-20.83;6.01;0
149939;21.23;7.25;34.00;0.166;20.67;-3.43;0
149951;36.14;11.91;54.63;2.344;-35.28;-6.17;0
149977;31.36;10.57;46.96;0.131;-6.22;30.44;0
149981;36.21;12.07;54.56;0.116;28.82;-21.51;0
150001;21.55;7.38;34.06;0.155;-10.09;18.76;0
150011;35.62;12.11;54.23;0.163;-6.59;34.54;0
150179;36.16;12.01;54.49;0.126;-20.42;29.49;0
150185;32.61;10.64;48.47;0.135;6.18;-31.71;0
150581;22.31;7.27;34.18;2.672;-21.77;-3.41;0
150592;34.89;11.89;52.35;0.130;33.18;9.81;0
150612;20.94;7.18;32.89;0.131;-2.65;20.59;0
150615;21.81;7.14;34.23;0.149;-5.20;-20.93;0
150617;35.53;21.08;66.60;0.171;20.47;-28.43;0
150832;35.24;12.07;54.38;0.166;-24.28;24.90;0
150962;35.55;11.67;52.39;0.232;29.70;-17.89;0
150976;34.78;11.57;52.09;0.139;33.49;-7.99;0
150983;34.81;11.79;53.08;0.151;29.30;18.05;0
151005;34.94;11.68;53.04;0.256;30.85;14.06;0
151462;35.75;11.83;53.34;0.147;-33.25;12.05;0
151473;35.99;11.68;53.24;2.371;-34.77;-7.44;0
151510;35.87;11.79;54.08;0.147;-9.73;-34.12;0
151513;34.81;11.74;54.08;0.148;33.65;-7.33;0
151957;36.48;11.87;54.38;0.139;-33.63;-13.22;0
151969;34.80;20.94;64.03;0.207;9.07;32.97;0
151988;36.20;11.99;54.45;0.169;-28.08;-22.05;0
151992;35.42;12.00;53.82;0.131;26.71;-22.81;0
151996;36.30;11.78;53.85;0.114;-33.52;-13.28;0
152456;31.78;10.64;48.30;0.109;-10.65;29.74;0
152471;35.56;11.82;53.41;0.116;26.15;-23.73;0
152475;32.23;10.46;49.24;0.124;-18.73;-25.91;0
152495;36.49;11.85;54.08;0.141;-26.00;-25.07;0
152500;35.06;11.77;53.60;0.107;10.05;33.36;0
152953;36.33;11.86;53.85;0.126;1.83;-35.98;0
152966;35.07;11.84;52.35;0.144;-16.55;30.51;0
152984;35.58;11.80;54.15;2.622;-35.00;3.99;0
152994;22.25;7.30;34.93;2.464;-21.51;-4.69;0
153455;32.19;10.46;47.54;0.118;4.13;-31.69;0
153468;36.05;11.72;53.04;1.045;-35.20;6.61;0
153472;35.51;11.67;52.47;0.206;31.63;-14.55;0
153492;36.45;11.78;53.67;0.107;-20.21;-30.07;0
153497;35.57;11.87;53.67;0.209;-13.87;31.95;0
153506;22.10;7.28;33.24;0.161;-6.93;-20.71;0
153950;35.89;11.93;53.71;0.147;-27.83;22.05;0
153968;35.91;11.93;53.46;0.165;32.95;-13.06;0
153990;31.44;10.62;46.96;0.124;18.25;25.29;0
153993;36.62;12.04;55.15;1.712;-35.30;7.35;0
154462;32.33;10.60;48.38;2.990;-31.82;-2.56;0
154480;35.81;11.72;53.49;0.135;-20.38;-29.04;0
154503;35.54;11.85;54.08;0.161;-30.01;18.19;0
154506;34.93;11.91;54.74;0.136;34.39;-3.71;0
154959;35.24;11.99;53.31;0.195;-7.14;33.86;0
154979;35.11;11.65;52.43;0.129;-22.86;26.26;0
155000;34.67;11.86;58.03;0.140;8.90;33.12;0
155005;36.44;11.81;54.13;0.133;-21.96;-28.66;0
155463;31.55;10.73;49.58;0.133;23.22;20.92;0
155467;37.42;21.71;68.01;0.141;-19.42;-31.58;0
155482;35.72;11.93;53.15;0.120;33.32;-12.10;0
155486;35.74;11.84;53.46;0.144;35.11;-4.34;0
155509;35.42;11.98;53.04;0.118;28.68;20.34;0
155512;35.38;12.02;53.81;0.151;29.54;18.74;0
155529;22.16;7.45;35.74;0.151;5.84;-21.11;0
155542;32.40;10.47;48.27;0.136;0.12;-32.10;0
155555;30.85;10.71;47.30;0.183;14.31;26.77;0
155558;21.92;7.44;33.38;2.868;-21.05;-0.25;0
155564;32.86;10.57;48.33;0.141;-20.83;-24.99;0
155588;35.35;11.89;53.45;0.134;34.86;3.49;0
155593;35.64;12.02;55.00;0.136;-15.89;31.55;0
155760;36.40;21.74;65.30;0.185;-20.29;29.58;0
155765;37.27;21.71;68.43;0.145;-23.04;-28.84;0
155769;36.05;21.82;66.49;0.164;14.30;32.65;0
156096;35.48;11.62;53.26;0.317;22.26;-25.53;0
156109;32.48;10.78;50.45;0.186;18.15;-26.32;0
156130;31.76;10.61;48.27;0.155;21.18;-23.15;0
156139;36.33;11.97;53.71;0.140;27.47;-23.20;0
156553;36.40;21.67;71.31;0.154;31.88;-16.71;0
156566;36.27;12.12;54.33;0.145;33.59;-12.68;0
156587;31.95;10.91;48.26;0.131;29.04;12.62;0
156591;32.88;10.66;50.12;0.239;-29.55;-12.31;0
157040;36.12;12.10;54.67;0.204;29.22;20.00;0
157052;36.55;12.13;55.33;0.143;36.00;-3.52;0
157076;32.66;10.62;48.01;0.177;19.96;-25.23;0
157081;37.32;12.09;55.95;0.119;-23.66;-28.52;0
